{
    "__comment": "Model animated using Fizzy's model animator - http://fizzy81.github.io/animated-models/", 
    "textures": {
        "main": "mob/lost"
    }, 
    "elements": [
        {
            "name": "Cube", 
            "from": [ 2, 0, 2 ], 
            "to":   [ 14, 12, 14 ], 
            "faces": {
                "north": { "texture": "#main", "uv": [ 0, 0, 8, 8 ] }, 
                "east":  { "texture": "#main", "uv": [ 8, 0, 16, 8 ] }, 
                "south": { "texture": "#main", "uv": [ 8, 0, 16, 8 ] }, 
                "west":  { "texture": "#main", "uv": [ 8, 0, 16, 8 ] }, 
                "up":    { "texture": "#main", "uv": [ 0, 8, 8, 16 ] }, 
                "down":  { "texture": "#main", "uv": [ 8, 8, 16, 16 ] }
            }
        }, 
        {
            "name": "Cube", 
            "from": [ 6, 12, 6 ], 
            "to":   [ 10, 14, 10 ], 
            "faces": {
                "north": { "texture": "#main", "uv": [ 0, 8, 8, 16 ] }, 
                "east":  { "texture": "#main", "uv": [ 0, 8, 8, 16 ] }, 
                "south": { "texture": "#main", "uv": [ 0, 8, 8, 16 ] }, 
                "west":  { "texture": "#main", "uv": [ 0, 8, 8, 16 ] }, 
                "up":    { "texture": "#main", "uv": [ 0, 8, 8, 16 ] }, 
                "down":  { "texture": "#main", "uv": [ 0, 8, 8, 16 ] }
            }
        }, 
        {
            "name": "Cube", 
            "from": [ 6, -6, 6 ], 
            "to":   [ 10, 0, 10 ], 
            "faces": {
                "north": { "texture": "#main", "uv": [ 8, 8, 16, 16 ] }, 
                "east":  { "texture": "#main", "uv": [ 8, 8, 16, 16 ] }, 
                "south": { "texture": "#main", "uv": [ 8, 8, 16, 16 ] }, 
                "west":  { "texture": "#main", "uv": [ 8, 8, 16, 16 ] }, 
                "up":    { "texture": "#main", "uv": [ 8, 8, 16, 16 ] }, 
                "down":  { "texture": "#main", "uv": [ 8, 8, 16, 16 ] }
            }
        },
        {
            "name": "Cube", 
            "from": [ 4, 8, -6 ], 
            "to":   [ 12, 0, 10 ],
            "rotation": { "origin": [8, 8, 8], "axis": "x", "angle": -22.5 }, 
            "faces": {
                "north": { "texture": "#main", "uv": [ 8, 8, 16, 16 ] }, 
                "east":  { "texture": "#main", "uv": [ 8, 8, 16, 16 ] }, 
                "south": { "texture": "#main", "uv": [ 8, 8, 16, 16 ] }, 
                "west":  { "texture": "#main", "uv": [ 8, 8, 16, 16 ] }, 
                "up":    { "texture": "#main", "uv": [ 8, 8, 16, 16 ] }, 
                "down":  { "texture": "#main", "uv": [ 8, 8, 16, 16 ] }
            }
        }
    ],
"display": {
    "head": {
        "rotation": [ 0, 0, 0 ],
        "translation": [ 0, 0, 0 ],
        "scale": [ 1.5, 1.5, 1.5 ]
    }
}
}