{
"__comment": "Designed by Itszender with BDcraft Cubik PRO 0.96 Beta - http://bdcraft.net",
"textures": {
    "texture": "mob/magerobes",
    "mageskin": "mob/mageskin",
    "black": "mob/mageface",
    "red": "mob/magered",
    "bronzemage": "mob/bronzemage"
},
"elements": [ 
{
    "from": [ 5.5, -1, 5 ],
    "to": [ 9.5, 9, 7.5 ],
    "faces": {
        "down":  { "uv": [ 10.5, 7.5, 6.5, 5 ], "texture": "#texture" },
        "up":    { "uv": [ 5.5, 5, 9.5, 7.5 ], "texture": "#texture" },
        "north": { "uv": [ 6.5, 7, 10.5, 16 ], "texture": "#texture" },
        "south": { "uv": [ 5.5, 7, 9.5, 16 ], "texture": "#texture" },
        "west":  { "uv": [ 5, 7, 7.5, 16 ], "texture": "#texture" },
        "east":  { "uv": [ 8.5, 7, 11, 16 ], "texture": "#texture" }
    }
},
{
    "from": [ 5.75, 9, 8.5 ],
    "to": [ 9.25, 15.5, 10.8125 ],
    "faces": {
        "down":  { "uv": [ 10.25, 10.8125, 6.75, 8.5 ], "texture": "#texture" },
        "up":    { "uv": [ 5.75, 8.5, 9.25, 10.8125 ], "texture": "#texture" },
        "north": { "uv": [ 6.75, 0.5, 10.25, 7 ], "texture": "#texture" },
        "south": { "uv": [ 5.75, 0.5, 9.25, 7 ], "texture": "#texture" },
        "west":  { "uv": [ 8.5, 0.5, 10.8125, 7 ], "texture": "#texture" },
        "east":  { "uv": [ 5.1875, 0.5, 7.5, 7 ], "texture": "#texture" }
    }
},
{
    "from": [ 5.5, 15.5, 8.5 ],
    "to": [ 9.5, 19.5, 11.5 ],
    "faces": {
        "down":  { "uv": [ 5.5, 4.5, 9.5, 11.5 ], "texture": "#texture" },
        "up":    { "uv": [ 5.5, 4.5, 9.5, 11.5 ], "texture": "#texture" },
        "north": { "uv": [ 5.5, 0, 9.5, 4 ], "texture": "#texture" },
        "south": { "uv": [ 5.5, 0, 9.5, 4 ], "texture": "#texture" },
        "west":  { "uv": [ 4.5, 0, 11.5, 4 ], "texture": "#texture" },
        "east":  { "uv": [ 4.5, 0, 11.5, 4 ], "texture": "#texture" }
    }
},
{
    "from": [ 6.5, 13, 4.4375 ],
    "to": [ 8.5, 19.5, 6.4375 ],
    "rotation": { "origin": [ 6.5, 19.5, 4.4375 ], "axis": "x", "angle": 22.5 },
    "faces": {
        "down":  { "uv": [ 9, 14, 7, 12 ], "texture": "#texture" },
        "up":    { "uv": [ 7, 12, 9, 14 ], "texture": "#texture" },
        "north": { "uv": [ 7, 0, 9, 0.5 ], "texture": "#texture" },
        "south": { "uv": [ 7, 0, 9, 0.5 ], "texture": "#texture" },
        "west":  { "uv": [ 12, 0, 14, 0.5 ], "texture": "#texture" },
        "east":  { "uv": [ 2, 0, 4, 0.5 ], "texture": "#texture" }
    }
},
{
    "from": [ 6.5, 12.25, 9.625 ],
    "to": [ 8.5, 18.75, 11.625 ],
    "rotation": { "origin": [ 6.5, 18.75, 9.625 ], "axis": "x", "angle": -22.5 },
    "faces": {
        "down":  { "uv": [ 9, 14, 7, 12 ], "texture": "#texture" },
        "up":    { "uv": [ 7, 12, 9, 14 ], "texture": "#texture" },
        "north": { "uv": [ 7, 0, 9, 0.5 ], "texture": "#texture" },
        "south": { "uv": [ 7, 0, 9, 0.5 ], "texture": "#texture" },
        "west":  { "uv": [ 12, 0, 14, 0.5 ], "texture": "#texture" },
        "east":  { "uv": [ 2, 0, 4, 0.5 ], "texture": "#texture" }
    }
},
{
    "from": [ 3.9375, 11.3125, 1.9375 ],
    "to": [ 7.9375, 13.3125, 3.8125 ],
    "rotation": { "origin": [ 3.9375, 13.3125, 1.9375 ], "axis": "z", "angle": 22.5 },
    "faces": {
        "down":  { "uv": [ 11, 4, 7, 2 ], "texture": "#texture" },
        "up":    { "uv": [ 5, 2, 9, 4 ], "texture": "#texture" },
        "north": { "uv": [ 7, 2, 11, 4 ], "texture": "#texture" },
        "south": { "uv": [ 5, 2, 9, 4 ], "texture": "#texture" },
        "west":  { "uv": [ 2, 2, 4, 4 ], "texture": "#texture" },
        "east":  { "uv": [ 12, 2, 14, 4 ], "texture": "#texture" }
    }
},
{
    "from": [ 2.25, 10.8125, 2.125 ],
    "to": [ 4.75, 12.3125, 3.625 ],
    "rotation": { "origin": [ 2.25, 12.3125, 2.125 ], "axis": "z", "angle": 22.5 },
    "faces": {
        "down":  { "uv": [ 14, 3.5, 10.5, 2 ], "texture": "#mageskin" },
        "up":    { "uv": [ 2, 2, 5.5, 3.5 ], "texture": "#mageskin" },
        "north": { "uv": [ 10.5, 1.5, 14, 3 ], "texture": "#mageskin" },
        "south": { "uv": [ 2, 1.5, 5.5, 3 ], "texture": "#mageskin" },
        "west":  { "uv": [ 2, 1.5, 3.5, 3 ], "texture": "#mageskin" },
        "east":  { "uv": [ 12.5, 1.5, 14, 3 ], "texture": "#mageskin" }
    }
},
{
    "from": [ 9.5, 19, 7 ],
    "to": [ 10, 19.5, 9 ],
    "faces": {
        "down":  { "uv": [ 6.5, 9, 6, 7 ], "texture": "#texture" },
        "up":    { "uv": [ 9.5, 7, 10, 9 ], "texture": "#texture" },
        "north": { "uv": [ 6, 0, 6.5, 0 ], "texture": "#texture" },
        "south": { "uv": [ 9.5, 0, 10, 0 ], "texture": "#texture" },
        "west":  { "uv": [ 7, 0, 9, 0 ], "texture": "#texture" },
        "east":  { "uv": [ 7, 0, 9, 0 ], "texture": "#texture" }
    }
},
{
    "from": [ 9, 19.5, 5.5 ],
    "to": [ 9.5, 24, 10.5 ],
    "faces": {
        "down":  { "uv": [ 7, 10.5, 6.5, 5.5 ], "texture": "#texture" },
        "up":    { "uv": [ 9, 5.5, 9.5, 10.5 ], "texture": "#texture" },
        "north": { "uv": [ 6.5, 0, 7, 0 ], "texture": "#texture" },
        "south": { "uv": [ 9, 0, 9.5, 0 ], "texture": "#texture" },
        "west":  { "uv": [ 5.5, 0, 10.5, 0 ], "texture": "#texture" },
        "east":  { "uv": [ 5.5, 0, 10.5, 0 ], "texture": "#texture" }
    }
},
{
    "from": [ 9, 24, 6.5 ],
    "to": [ 9.5, 24.5, 9.5 ],
    "faces": {
        "down":  { "uv": [ 7, 9.5, 6.5, 6.5 ], "texture": "#texture" },
        "up":    { "uv": [ 9, 6.5, 9.5, 9.5 ], "texture": "#texture" },
        "north": { "uv": [ 6.5, 0, 7, 0 ], "texture": "#texture" },
        "south": { "uv": [ 9, 0, 9.5, 0 ], "texture": "#texture" },
        "west":  { "uv": [ 6.5, 0, 9.5, 0 ], "texture": "#texture" },
        "east":  { "uv": [ 6.5, 0, 9.5, 0 ], "texture": "#texture" }
    }
},
{
    "from": [ 5, 21, 10 ],
    "to": [ 9, 24, 10.5 ],
    "faces": {
        "down":  { "uv": [ 11, 10.5, 7, 10 ], "texture": "#texture" },
        "up":    { "uv": [ 5, 10, 9, 10.5 ], "texture": "#texture" },
        "north": { "uv": [ 7, 0, 11, 0 ], "texture": "#texture" },
        "south": { "uv": [ 5, 0, 9, 0 ], "texture": "#texture" },
        "west":  { "uv": [ 10, 0, 10.5, 0 ], "texture": "#texture" },
        "east":  { "uv": [ 5.5, 0, 6, 0 ], "texture": "#texture" }
    }
},
{
    "from": [ 5, 21, 5.5 ],
    "to": [ 9, 24, 6 ],
    "faces": {
        "down":  { "uv": [ 11, 6, 7, 5.5 ], "texture": "#texture" },
        "up":    { "uv": [ 5, 5.5, 9, 6 ], "texture": "#texture" },
        "north": { "uv": [ 7, 0, 11, 0 ], "texture": "#texture" },
        "south": { "uv": [ 5, 0, 9, 0 ], "texture": "#texture" },
        "west":  { "uv": [ 5.5, 0, 6, 0 ], "texture": "#texture" },
        "east":  { "uv": [ 10, 0, 10.5, 0 ], "texture": "#texture" }
    }
},
{
    "from": [ 5, 24, 6.5 ],
    "to": [ 9, 25, 9.5 ],
    "faces": {
        "down":  { "uv": [ 11, 9.5, 7, 6.5 ], "texture": "#texture" },
        "up":    { "uv": [ 5, 6.5, 9, 9.5 ], "texture": "#texture" },
        "north": { "uv": [ 7, 0, 11, 0 ], "texture": "#texture" },
        "south": { "uv": [ 5, 0, 9, 0 ], "texture": "#texture" },
        "west":  { "uv": [ 6.5, 0, 9.5, 0 ], "texture": "#texture" },
        "east":  { "uv": [ 6.5, 0, 9.5, 0 ], "texture": "#texture" }
    }
},
{
    "from": [ 5.5, 24, 9.5 ],
    "to": [ 9, 24.5, 10 ],
    "faces": {
        "down":  { "uv": [ 10.5, 10, 7, 9.5 ], "texture": "#texture" },
        "up":    { "uv": [ 5.5, 9.5, 9, 10 ], "texture": "#texture" },
        "north": { "uv": [ 7, 0, 10.5, 0 ], "texture": "#texture" },
        "south": { "uv": [ 5.5, 0, 9, 0 ], "texture": "#texture" },
        "west":  { "uv": [ 9.5, 0, 10, 0 ], "texture": "#texture" },
        "east":  { "uv": [ 6, 0, 6.5, 0 ], "texture": "#texture" }
    }
},
{
    "from": [ 5.5, 24, 6 ],
    "to": [ 9, 24.5, 6.5 ],
    "faces": {
        "down":  { "uv": [ 10.5, 6.5, 7, 6 ], "texture": "#texture" },
        "up":    { "uv": [ 5.5, 6, 9, 6.5 ], "texture": "#texture" },
        "north": { "uv": [ 7, 0, 10.5, 0 ], "texture": "#texture" },
        "south": { "uv": [ 5.5, 0, 9, 0 ], "texture": "#texture" },
        "west":  { "uv": [ 6, 0, 6.5, 0 ], "texture": "#texture" },
        "east":  { "uv": [ 9.5, 0, 10, 0 ], "texture": "#texture" }
    }
},
{
    "from": [ 9, 19.5, 6 ],
    "to": [ 10, 24, 10 ],
    "faces": {
        "down":  { "uv": [ 7, 10, 6, 6 ], "texture": "#texture" },
        "up":    { "uv": [ 9, 6, 10, 10 ], "texture": "#texture" },
        "north": { "uv": [ 6, 0, 7, 0 ], "texture": "#texture" },
        "south": { "uv": [ 9, 0, 10, 0 ], "texture": "#texture" },
        "west":  { "uv": [ 6, 0, 10, 0 ], "texture": "#texture" },
        "east":  { "uv": [ 6, 0, 10, 0 ], "texture": "#texture" }
    }
},
{
    "from": [ 5, 20, 6 ],
    "to": [ 7.5, 21, 6.5 ],
    "faces": {
        "down":  { "uv": [ 11, 6.5, 8.5, 6 ], "texture": "#texture" },
        "up":    { "uv": [ 5, 6, 7.5, 6.5 ], "texture": "#texture" },
        "north": { "uv": [ 8.5, 0, 11, 0 ], "texture": "#texture" },
        "south": { "uv": [ 5, 0, 7.5, 0 ], "texture": "#texture" },
        "west":  { "uv": [ 6, 0, 6.5, 0 ], "texture": "#texture" },
        "east":  { "uv": [ 9.5, 0, 10, 0 ], "texture": "#texture" }
    }
},
{
    "from": [ 5, 20, 9.5 ],
    "to": [ 7.5, 21, 10 ],
    "faces": {
        "down":  { "uv": [ 11, 10, 8.5, 9.5 ], "texture": "#texture" },
        "up":    { "uv": [ 5, 9.5, 7.5, 10 ], "texture": "#texture" },
        "north": { "uv": [ 8.5, 0, 11, 0 ], "texture": "#texture" },
        "south": { "uv": [ 5, 0, 7.5, 0 ], "texture": "#texture" },
        "west":  { "uv": [ 9.5, 0, 10, 0 ], "texture": "#texture" },
        "east":  { "uv": [ 6, 0, 6.5, 0 ], "texture": "#texture" }
    }
},
{
    "from": [ 5.5, 19.5, 6.5 ],
    "to": [ 9, 20, 7.5 ],
    "faces": {
        "down":  { "uv": [ 10.5, 7.5, 7, 6.5 ], "texture": "#texture" },
        "up":    { "uv": [ 5.5, 6.5, 9, 7.5 ], "texture": "#texture" },
        "north": { "uv": [ 7, 0, 10.5, 0 ], "texture": "#texture" },
        "south": { "uv": [ 5.5, 0, 9, 0 ], "texture": "#texture" },
        "west":  { "uv": [ 6.5, 0, 7.5, 0 ], "texture": "#texture" },
        "east":  { "uv": [ 8.5, 0, 9.5, 0 ], "texture": "#texture" }
    }
},
{
    "from": [ 5.5, 19.5, 8.5 ],
    "to": [ 9, 20, 9.5 ],
    "faces": {
        "down":  { "uv": [ 10.5, 9.5, 7, 8.5 ], "texture": "#texture" },
        "up":    { "uv": [ 5.5, 8.5, 9, 9.5 ], "texture": "#texture" },
        "north": { "uv": [ 7, 0, 10.5, 0 ], "texture": "#texture" },
        "south": { "uv": [ 5.5, 0, 9, 0 ], "texture": "#texture" },
        "west":  { "uv": [ 8.5, 0, 9.5, 0 ], "texture": "#texture" },
        "east":  { "uv": [ 6.5, 0, 7.5, 0 ], "texture": "#texture" }
    }
},
{
    "from": [ 7.5, 19.5, 9.5 ],
    "to": [ 9, 21, 10 ],
    "faces": {
        "down":  { "uv": [ 8.5, 10, 7, 9.5 ], "texture": "#texture" },
        "up":    { "uv": [ 7.5, 9.5, 9, 10 ], "texture": "#texture" },
        "north": { "uv": [ 7, 0, 8.5, 0 ], "texture": "#texture" },
        "south": { "uv": [ 7.5, 0, 9, 0 ], "texture": "#texture" },
        "west":  { "uv": [ 9.5, 0, 10, 0 ], "texture": "#texture" },
        "east":  { "uv": [ 6, 0, 6.5, 0 ], "texture": "#texture" }
    }
},
{
    "from": [ 7.5, 19.5, 6 ],
    "to": [ 9, 21, 6.5 ],
    "faces": {
        "down":  { "uv": [ 8.5, 6.5, 7, 6 ], "texture": "#texture" },
        "up":    { "uv": [ 7.5, 6, 9, 6.5 ], "texture": "#texture" },
        "north": { "uv": [ 7, 0, 8.5, 0 ], "texture": "#texture" },
        "south": { "uv": [ 7.5, 0, 9, 0 ], "texture": "#texture" },
        "west":  { "uv": [ 6, 0, 6.5, 0 ], "texture": "#texture" },
        "east":  { "uv": [ 9.5, 0, 10, 0 ], "texture": "#texture" }
    }
},
{
    "from": [ 8, 20, 10 ],
    "to": [ 9, 21, 10.5 ],
    "faces": {
        "down":  { "uv": [ 8, 10.5, 7, 10 ], "texture": "#texture" },
        "up":    { "uv": [ 8, 10, 9, 10.5 ], "texture": "#texture" },
        "north": { "uv": [ 7, 0, 8, 0 ], "texture": "#texture" },
        "south": { "uv": [ 8, 0, 9, 0 ], "texture": "#texture" },
        "west":  { "uv": [ 10, 0, 10.5, 0 ], "texture": "#texture" },
        "east":  { "uv": [ 5.5, 0, 6, 0 ], "texture": "#texture" }
    }
},
{
    "from": [ 8, 20, 5.5 ],
    "to": [ 9, 21, 6 ],
    "faces": {
        "down":  { "uv": [ 8, 6, 7, 5.5 ], "texture": "#texture" },
        "up":    { "uv": [ 8, 5.5, 9, 6 ], "texture": "#texture" },
        "north": { "uv": [ 7, 0, 8, 0 ], "texture": "#texture" },
        "south": { "uv": [ 8, 0, 9, 0 ], "texture": "#texture" },
        "west":  { "uv": [ 5.5, 0, 6, 0 ], "texture": "#texture" },
        "east":  { "uv": [ 10, 0, 10.5, 0 ], "texture": "#texture" }
    }
},
{
    "from": [ 6, 23, 6 ],
    "to": [ 7, 24, 10 ],
    "faces": {
        "down":  { "uv": [ 10, 10, 9, 6 ], "texture": "#black" },
        "up":    { "uv": [ 6, 6, 7, 10 ], "texture": "#black" },
        "north": { "uv": [ 9, 0, 10, 0 ], "texture": "#black" },
        "south": { "uv": [ 6, 0, 7, 0 ], "texture": "#black" },
        "west":  { "uv": [ 6, 0, 10, 0 ], "texture": "#black" },
        "east":  { "uv": [ 6, 0, 10, 0 ], "texture": "#black" }
    }
},
{
    "from": [ 6, 21, 6 ],
    "to": [ 7, 22, 10 ],
    "faces": {
        "down":  { "uv": [ 10, 10, 9, 6 ], "texture": "#black" },
        "up":    { "uv": [ 6, 6, 7, 10 ], "texture": "#black" },
        "north": { "uv": [ 9, 0, 10, 0 ], "texture": "#black" },
        "south": { "uv": [ 6, 0, 7, 0 ], "texture": "#black" },
        "west":  { "uv": [ 6, 0, 10, 0 ], "texture": "#black" },
        "east":  { "uv": [ 6, 0, 10, 0 ], "texture": "#black" }
    }
},
{
    "from": [ 6, 20, 6.5 ],
    "to": [ 7, 21, 9.5 ],
    "faces": {
        "down":  { "uv": [ 10, 9.5, 9, 6.5 ], "texture": "#black" },
        "up":    { "uv": [ 6, 6.5, 7, 9.5 ], "texture": "#black" },
        "north": { "uv": [ 9, 0, 10, 0 ], "texture": "#black" },
        "south": { "uv": [ 6, 0, 7, 0 ], "texture": "#black" },
        "west":  { "uv": [ 6.5, 0, 9.5, 0 ], "texture": "#black" },
        "east":  { "uv": [ 6.5, 0, 9.5, 0 ], "texture": "#black" }
    }
},
{
    "from": [ 6, 22, 7.5 ],
    "to": [ 7, 23, 8.5 ],
    "faces": {
        "down":  { "uv": [ 10, 8.5, 9, 7.5 ], "texture": "#black" },
        "up":    { "uv": [ 6, 7.5, 7, 8.5 ], "texture": "#black" },
        "north": { "uv": [ 9, 0, 10, 0 ], "texture": "#black" },
        "south": { "uv": [ 6, 0, 7, 0 ], "texture": "#black" },
        "west":  { "uv": [ 7.5, 0, 8.5, 0 ], "texture": "#black" },
        "east":  { "uv": [ 7.5, 0, 8.5, 0 ], "texture": "#black" }
    }
},
{
    "from": [ 6, 22, 9.5 ],
    "to": [ 7, 23, 10 ],
    "faces": {
        "down":  { "uv": [ 10, 10, 9, 9.5 ], "texture": "#black" },
        "up":    { "uv": [ 6, 9.5, 7, 10 ], "texture": "#black" },
        "north": { "uv": [ 9, 0, 10, 0 ], "texture": "#black" },
        "south": { "uv": [ 6, 0, 7, 0 ], "texture": "#black" },
        "west":  { "uv": [ 9.5, 0, 10, 0 ], "texture": "#black" },
        "east":  { "uv": [ 6, 0, 6.5, 0 ], "texture": "#black" }
    }
},
{
    "from": [ 6, 22, 6 ],
    "to": [ 7, 23, 6.5 ],
    "faces": {
        "down":  { "uv": [ 10, 6.5, 9, 6 ], "texture": "#black" },
        "up":    { "uv": [ 6, 6, 7, 6.5 ], "texture": "#black" },
        "north": { "uv": [ 9, 0, 10, 0 ], "texture": "#black" },
        "south": { "uv": [ 6, 0, 7, 0 ], "texture": "#black" },
        "west":  { "uv": [ 6, 0, 6.5, 0 ], "texture": "#black" },
        "east":  { "uv": [ 9.5, 0, 10, 0 ], "texture": "#black" }
    }
},
{
    "from": [ 6, 19.5, 7.5 ],
    "to": [ 7, 20, 8.5 ],
    "faces": {
        "down":  { "uv": [ 10, 8.5, 9, 7.5 ], "texture": "#black" },
        "up":    { "uv": [ 6, 7.5, 7, 8.5 ], "texture": "#black" },
        "north": { "uv": [ 9, 0, 10, 0 ], "texture": "#black" },
        "south": { "uv": [ 6, 0, 7, 0 ], "texture": "#black" },
        "west":  { "uv": [ 7.5, 0, 8.5, 0 ], "texture": "#black" },
        "east":  { "uv": [ 7.5, 0, 8.5, 0 ], "texture": "#black" }
    }
},
{
    "from": [ 6.25, 22, 6.5 ],
    "to": [ 7.25, 23, 9.5 ],
    "faces": {
        "down":  { "uv": [ 9.75, 9.5, 8.75, 6.5 ], "texture": "#red" },
        "up":    { "uv": [ 6.25, 6.5, 7.25, 9.5 ], "texture": "#red" },
        "north": { "uv": [ 8.75, 0, 9.75, 0 ], "texture": "#red" },
        "south": { "uv": [ 6.25, 0, 7.25, 0 ], "texture": "#red" },
        "west":  { "uv": [ 6.5, 0, 9.5, 0 ], "texture": "#red" },
        "east":  { "uv": [ 6.5, 0, 9.5, 0 ], "texture": "#red" }
    }
},
{
    "from": [ 3.9375, 11.3443, 12.125 ],
    "to": [ 7.9375, 13.3443, 14 ],
    "rotation": { "origin": [ 3.9375, 13.3443, 12.125 ], "axis": "z", "angle": 22.5 },
    "faces": {
        "down":  { "uv": [ 11, 4, 7, 2 ], "texture": "#texture" },
        "up":    { "uv": [ 5, 2, 9, 4 ], "texture": "#texture" },
        "north": { "uv": [ 7, 2, 11, 4 ], "texture": "#texture" },
        "south": { "uv": [ 5, 2, 9, 4 ], "texture": "#texture" },
        "west":  { "uv": [ 2, 2, 4, 4 ], "texture": "#texture" },
        "east":  { "uv": [ 12, 2, 14, 4 ], "texture": "#texture" }
    }
},
{
    "from": [ 2.25, 10.8558, 12.3125 ],
    "to": [ 4.75, 12.3558, 13.8125 ],
    "rotation": { "origin": [ 2.25, 12.3558, 12.3125 ], "axis": "z", "angle": 22.5 },
    "faces": {
        "down":  { "uv": [ 14, 3.5, 10.5, 2 ], "texture": "#mageskin" },
        "up":    { "uv": [ 2, 2, 5.5, 3.5 ], "texture": "#mageskin" },
        "north": { "uv": [ 10.5, 1.5, 14, 3 ], "texture": "#mageskin" },
        "south": { "uv": [ 2, 1.5, 5.5, 3 ], "texture": "#mageskin" },
        "west":  { "uv": [ 2, 1.5, 3.5, 3 ], "texture": "#mageskin" },
        "east":  { "uv": [ 12.5, 1.5, 14, 3 ], "texture": "#mageskin" }
    }
},
{
    "from": [ 4.5, 9.5, 12.3125 ],
    "to": [ 5, 12, 12.8125 ],
    "faces": {
        "down":  { "uv": [ 11.5, 12.8125, 11, 12.3125 ], "texture": "#texture" },
        "up":    { "uv": [ 4.5, 12.3125, 5, 12.8125 ], "texture": "#texture" },
        "north": { "uv": [ 11, 4, 11.5, 6.5 ], "texture": "#texture" },
        "south": { "uv": [ 4.5, 4, 5, 6.5 ], "texture": "#texture" },
        "west":  { "uv": [ 12.3125, 4, 12.8125, 6.5 ], "texture": "#texture" },
        "east":  { "uv": [ 3.1875, 4, 3.6875, 6.5 ], "texture": "#texture" }
    }
},
{
    "from": [ 4.5, 9, 12.9375 ],
    "to": [ 5, 12, 13.9375 ],
    "faces": {
        "down":  { "uv": [ 11.5, 13.9375, 11, 12.9375 ], "texture": "#texture" },
        "up":    { "uv": [ 4.5, 12.9375, 5, 13.9375 ], "texture": "#texture" },
        "north": { "uv": [ 11, 4, 11.5, 7 ], "texture": "#texture" },
        "south": { "uv": [ 4.5, 4, 5, 7 ], "texture": "#texture" },
        "west":  { "uv": [ 12.9375, 4, 13.9375, 7 ], "texture": "#texture" },
        "east":  { "uv": [ 2.0625, 4, 3.0625, 7 ], "texture": "#texture" }
    }
},
{
    "from": [ 4.5, 8.5, 13 ],
    "to": [ 5, 9, 13.5 ],
    "faces": {
        "down":  { "uv": [ 11.5, 13.5, 11, 13 ], "texture": "#texture" },
        "up":    { "uv": [ 4.5, 13, 5, 13.5 ], "texture": "#texture" },
        "north": { "uv": [ 11, 7, 11.5, 7.5 ], "texture": "#texture" },
        "south": { "uv": [ 4.5, 7, 5, 7.5 ], "texture": "#texture" },
        "west":  { "uv": [ 13, 7, 13.5, 7.5 ], "texture": "#texture" },
        "east":  { "uv": [ 2.5, 7, 3, 7.5 ], "texture": "#texture" }
    }
},
{
    "from": [ 4.5, 8, 2.1875 ],
    "to": [ 5, 12, 2.6875 ],
    "faces": {
        "down":  { "uv": [ 11.5, 2.6875, 11, 2.1875 ], "texture": "#texture" },
        "up":    { "uv": [ 4.5, 2.1875, 5, 2.6875 ], "texture": "#texture" },
        "north": { "uv": [ 11, 4, 11.5, 8 ], "texture": "#texture" },
        "south": { "uv": [ 4.5, 4, 5, 8 ], "texture": "#texture" },
        "west":  { "uv": [ 2.1875, 4, 2.6875, 8 ], "texture": "#texture" },
        "east":  { "uv": [ 13.3125, 4, 13.8125, 8 ], "texture": "#texture" }
    }
},
{
    "from": [ 4.5, 9.5, 2.8125 ],
    "to": [ 5, 11.5, 3.8125 ],
    "faces": {
        "down":  { "uv": [ 11.5, 3.8125, 11, 2.8125 ], "texture": "#texture" },
        "up":    { "uv": [ 4.5, 2.8125, 5, 3.8125 ], "texture": "#texture" },
        "north": { "uv": [ 11, 4.5, 11.5, 6.5 ], "texture": "#texture" },
        "south": { "uv": [ 4.5, 4.5, 5, 6.5 ], "texture": "#texture" },
        "west":  { "uv": [ 2.8125, 4.5, 3.8125, 6.5 ], "texture": "#texture" },
        "east":  { "uv": [ 12.1875, 4.5, 13.1875, 6.5 ], "texture": "#texture" }
    }
},
{
    "from": [ 4.5, 9, 3.3125 ],
    "to": [ 5, 9.5, 3.8125 ],
    "faces": {
        "down":  { "uv": [ 11.5, 3.8125, 11, 3.3125 ], "texture": "#texture" },
        "up":    { "uv": [ 4.5, 3.3125, 5, 3.8125 ], "texture": "#texture" },
        "north": { "uv": [ 11, 6.5, 11.5, 7 ], "texture": "#texture" },
        "south": { "uv": [ 4.5, 6.5, 5, 7 ], "texture": "#texture" },
        "west":  { "uv": [ 3.3125, 6.5, 3.8125, 7 ], "texture": "#texture" },
        "east":  { "uv": [ 12.1875, 6.5, 12.6875, 7 ], "texture": "#texture" }
    }
},
{
    "from": [ 9.5, -1, 5 ],
    "to": [ 11.5, 0, 11 ],
    "faces": {
        "down":  { "uv": [ 6.5, 11, 4.5, 5 ], "texture": "#texture" },
        "up":    { "uv": [ 9.5, 5, 11.5, 11 ], "texture": "#texture" },
        "north": { "uv": [ 4.5, 16, 6.5, 16 ], "texture": "#texture" },
        "south": { "uv": [ 9.5, 16, 11.5, 16 ], "texture": "#texture" },
        "west":  { "uv": [ 5, 16, 11, 16 ], "texture": "#texture" },
        "east":  { "uv": [ 5, 16, 11, 16 ], "texture": "#texture" }
    }
},
{
    "from": [ 11.5, -1, 5.5 ],
    "to": [ 12.5, -0.5, 10.5 ],
    "faces": {
        "down":  { "uv": [ 4.5, 10.5, 3.5, 5.5 ], "texture": "#texture" },
        "up":    { "uv": [ 11.5, 5.5, 12.5, 10.5 ], "texture": "#texture" },
        "north": { "uv": [ 3.5, 16, 4.5, 16 ], "texture": "#texture" },
        "south": { "uv": [ 11.5, 16, 12.5, 16 ], "texture": "#texture" },
        "west":  { "uv": [ 5.5, 16, 10.5, 16 ], "texture": "#texture" },
        "east":  { "uv": [ 5.5, 16, 10.5, 16 ], "texture": "#texture" }
    }
},
{
    "from": [ 5.5, -1, 11 ],
    "to": [ 10, 0, 11.5 ],
    "faces": {
        "down":  { "uv": [ 10.5, 11.5, 6, 11 ], "texture": "#texture" },
        "up":    { "uv": [ 5.5, 11, 10, 11.5 ], "texture": "#texture" },
        "north": { "uv": [ 6, 16, 10.5, 16 ], "texture": "#texture" },
        "south": { "uv": [ 5.5, 16, 10, 16 ], "texture": "#texture" },
        "west":  { "uv": [ 11, 16, 11.5, 16 ], "texture": "#texture" },
        "east":  { "uv": [ 4.5, 16, 5, 16 ], "texture": "#texture" }
    }
},
{
    "from": [ 5.5, -1, 4.5 ],
    "to": [ 10, 0, 5 ],
    "faces": {
        "down":  { "uv": [ 10.5, 5, 6, 4.5 ], "texture": "#texture" },
        "up":    { "uv": [ 5.5, 4.5, 10, 5 ], "texture": "#texture" },
        "north": { "uv": [ 6, 16, 10.5, 16 ], "texture": "#texture" },
        "south": { "uv": [ 5.5, 16, 10, 16 ], "texture": "#texture" },
        "west":  { "uv": [ 4.5, 16, 5, 16 ], "texture": "#texture" },
        "east":  { "uv": [ 11, 16, 11.5, 16 ], "texture": "#texture" }
    }
},
{
    "from": [ 5.5, -1, 8.5 ],
    "to": [ 9.5, 9, 11 ],
    "faces": {
        "down":  { "uv": [ 10.5, 11, 6.5, 8.5 ], "texture": "#texture" },
        "up":    { "uv": [ 5.5, 8.5, 9.5, 11 ], "texture": "#texture" },
        "north": { "uv": [ 6.5, 7, 10.5, 16 ], "texture": "#texture" },
        "south": { "uv": [ 5.5, 7, 9.5, 16 ], "texture": "#texture" },
        "west":  { "uv": [ 8.5, 7, 11, 16 ], "texture": "#texture" },
        "east":  { "uv": [ 5, 7, 7.5, 16 ], "texture": "#texture" }
    }
},
{
    "from": [ 6, -1, 7.5 ],
    "to": [ 9.5, 9, 8.5 ],
    "faces": {
        "down":  { "uv": [ 6, 7.5, 9.5, 8.5 ], "texture": "#texture" },
        "up":    { "uv": [ 6, 7.5, 9.5, 8.5 ], "texture": "#texture" },
        "north": { "uv": [ 6, 6, 9.5, 16 ], "texture": "#texture" },
        "south": { "uv": [ 6, 6, 9.5, 16 ], "texture": "#texture" },
        "west":  { "uv": [ 7.5, 6, 8.5, 16 ], "texture": "#bronzemage" },
        "east":  { "uv": [ 7.5, 6, 8.5, 16 ], "texture": "#texture" }
    }
},
{
    "from": [ 5.75, 9, 5.25 ],
    "to": [ 9.25, 15.5, 7.5625 ],
    "faces": {
        "down":  { "uv": [ 10.25, 7.5625, 6.75, 5.25 ], "texture": "#texture" },
        "up":    { "uv": [ 5.75, 5.25, 9.25, 7.5625 ], "texture": "#texture" },
        "north": { "uv": [ 6.75, 0.5, 10.25, 7 ], "texture": "#texture" },
        "south": { "uv": [ 5.75, 0.5, 9.25, 7 ], "texture": "#texture" },
        "west":  { "uv": [ 5.25, 0.5, 7.5625, 7 ], "texture": "#texture" },
        "east":  { "uv": [ 8.4375, 0.5, 10.75, 7 ], "texture": "#texture" }
    }
},
{
    "from": [ 6.25, 9, 7.5 ],
    "to": [ 9.25, 15.5, 8.5 ],
    "faces": {
        "down":  { "uv": [ 9.75, 8.5, 6.75, 7.5 ], "texture": "#texture" },
        "up":    { "uv": [ 6.25, 7.5, 9.25, 8.5 ], "texture": "#texture" },
        "north": { "uv": [ 6.75, 0.5, 9.75, 7 ], "texture": "#texture" },
        "south": { "uv": [ 6.25, 0.5, 9.25, 7 ], "texture": "#texture" },
        "west":  { "uv": [ 7.5, 0.5, 8.5, 7 ], "texture": "#bronzemage" },
        "east":  { "uv": [ 7.5, 0.5, 8.5, 7 ], "texture": "#texture" }
    }
},
{
    "from": [ 5.5, 15.5, 4.5 ],
    "to": [ 9.5, 19.5, 7.5 ],
    "faces": {
        "down":  { "uv": [ 5.5, 4.5, 9.5, 11.5 ], "texture": "#texture" },
        "up":    { "uv": [ 5.5, 4.5, 9.5, 11.5 ], "texture": "#texture" },
        "north": { "uv": [ 5.5, 0, 9.5, 4 ], "texture": "#texture" },
        "south": { "uv": [ 5.5, 0, 9.5, 4 ], "texture": "#texture" },
        "west":  { "uv": [ 4.5, 0, 11.5, 4 ], "texture": "#texture" },
        "east":  { "uv": [ 4.5, 0, 11.5, 4 ], "texture": "#texture" }
    }
},
{
    "from": [ 6, 15.5, 7.5 ],
    "to": [ 9.5, 19.5, 8.5 ],
    "faces": {
        "down":  { "uv": [ 10, 8.5, 6.5, 7.5 ], "texture": "#texture" },
        "up":    { "uv": [ 6, 7.5, 9.5, 8.5 ], "texture": "#texture" },
        "north": { "uv": [ 6.5, 0, 10, 0.5 ], "texture": "#texture" },
        "south": { "uv": [ 6, 0, 9.5, 0.5 ], "texture": "#texture" },
        "west":  { "uv": [ 7.5, 0, 8.5, 0.5 ], "texture": "#bronzemage" },
        "east":  { "uv": [ 7.5, 0, 8.5, 0.5 ], "texture": "#texture" }
    }
},
{
    "from": [ 5.5, 19, 7.5 ],
    "to": [ 6, 19.5, 8.5 ],
    "faces": {
        "down":  { "uv": [ 10.5, 8.5, 10, 7.5 ], "texture": "#texture" },
        "up":    { "uv": [ 5.5, 7.5, 6, 8.5 ], "texture": "#texture" },
        "north": { "uv": [ 10, 0, 10.5, 0 ], "texture": "#texture" },
        "south": { "uv": [ 5.5, 0, 6, 0 ], "texture": "#texture" },
        "west":  { "uv": [ 7.5, 0, 8.5, 0 ], "texture": "#texture" },
        "east":  { "uv": [ 7.5, 0, 8.5, 0 ], "texture": "#texture" }
    }
},
{
    "from": [ 6, 9, 7.5 ],
    "to": [ 7, 9.0625, 8.5 ],
    "faces": {
        "down":  { "uv": [ 10, 8.5, 9, 7.5 ], "texture": "#bronzemage" },
        "up":    { "uv": [ 6, 7.5, 7, 8.5 ], "texture": "#bronzemage" },
        "north": { "uv": [ 9, 6.9375, 10, 7 ], "texture": "#bronzemage" },
        "south": { "uv": [ 6, 6.9375, 7, 7 ], "texture": "#bronzemage" },
        "west":  { "uv": [ 7.5, 6.9375, 8.5, 7 ], "texture": "#bronzemage" },
        "east":  { "uv": [ 7.5, 6.9375, 8.5, 7 ], "texture": "#bronzemage" }
    }
},
{
    "from": [ 6, 15.4375, 7.5 ],
    "to": [ 7, 15.5, 8.5 ],
    "faces": {
        "down":  { "uv": [ 10, 8.5, 9, 7.5 ], "texture": "#bronzemage" },
        "up":    { "uv": [ 6, 7.5, 7, 8.5 ], "texture": "#bronzemage" },
        "north": { "uv": [ 9, 0.5, 10, 0.5625 ], "texture": "#bronzemage" },
        "south": { "uv": [ 6, 0.5, 7, 0.5625 ], "texture": "#bronzemage" },
        "west":  { "uv": [ 7.5, 0.5, 8.5, 0.5625 ], "texture": "#bronzemage" },
        "east":  { "uv": [ 7.5, 0.5, 8.5, 0.5625 ], "texture": "#bronzemage" }
    }
}
],
"display": {
    "head": {
        "rotation": [ 0, -90, 0 ],
        "translation": [ 0, -23.4, 0.76 ],
        "scale": [ 2.2, 2.2, 2.2 ]
    }
}
}