{
    "__comment": "Model animated using Fizzy's model animator - http://fizzy81.github.io/animated-models/", 
    "textures": {
        "main": "mob/scorpion_moving"
    }, 
    "elements": [
        {
            "name": "body", 
            "from": [ 5, 1, 2 ], 
            "to":   [ 11, 5, 11 ], 
            "faces": {
                "north": { "texture": "#main", "uv": [ 0, 0, 1.5, 1 ] }, 
                "east":  { "texture": "#main", "uv": [ 0, 0, 2.25, 1 ] }, 
                "south": { "texture": "#main", "uv": [ 0, 0, 1.5, 1 ] }, 
                "west":  { "texture": "#main", "uv": [ 0, 0, 2.25, 1 ] }, 
                "up":    { "texture": "#main", "uv": [ 0, 0, 1.5, 2.25 ] }, 
                "down":  { "texture": "#main", "uv": [ 0, 0, 1.5, 2.25 ] }
            }
        }, 
        {
            "name": "body", 
            "from": [ 5.500000007450581, 0, 0 ], 
            "to":   [ 10.50000000745058, 3, 5 ], 
            "rotation": { "origin": [8, 8, 8], "axis": "x", "angle": 22.5 }, 
            "faces": {
                "north": { "texture": "#main", "uv": [ 0, 0, 1.25, 0.75 ] }, 
                "east":  { "texture": "#main", "uv": [ 0, 0, 1.25, 0.75 ] }, 
                "south": { "texture": "#main", "uv": [ 0, 0, 1.25, 0.75 ] }, 
                "west":  { "texture": "#main", "uv": [ 0, 0, 1.25, 0.75 ] }, 
                "up":    { "texture": "#main", "uv": [ 0, 0, 1.25, 1.25 ] }, 
                "down":  { "texture": "#main", "uv": [ 0, 0, 1.25, 1.25 ] }
            }
        }, 
        {
            "name": "tail", 
            "from": [ 7.500000007450581, -1, 2 ], 
            "to":   [ 8.50000000745058, 0, 3 ], 
            "rotation": { "origin": [8, 8, 8], "axis": "x", "angle": 45 }, 
            "faces": {
                "north": { "texture": "#main", "uv": [ 0, 0, 0.25, 0.25 ] }, 
                "east":  { "texture": "#main", "uv": [ 0, 0, 0.25, 0.25 ] }, 
                "south": { "texture": "#main", "uv": [ 0, 0, 0.25, 0.25 ] }, 
                "west":  { "texture": "#main", "uv": [ 0, 0, 0.25, 0.25 ] }, 
                "up":    { "texture": "#main", "uv": [ 0, 0, 0.25, 0.25 ] }, 
                "down":  { "texture": "#main", "uv": [ 0, 0, 0.25, 0.25 ] }
            }
        }, 
        {
            "name": "tail", 
            "from": [ 7, -1.5000000074505806, -1 ], 
            "to":   [ 9, 0.4999999925494194, 2 ], 
            "rotation": { "origin": [8, 8, 8], "axis": "x", "angle": 45 }, 
            "faces": {
                "north": { "texture": "#main", "uv": [ 0, 0, 0.5, 0.5 ] }, 
                "east":  { "texture": "#main", "uv": [ 0, 0, 0.75, 0.5 ] }, 
                "south": { "texture": "#main", "uv": [ 0, 0, 0.5, 0.5 ] }, 
                "west":  { "texture": "#main", "uv": [ 0, 0, 0.75, 0.5 ] }, 
                "up":    { "texture": "#main", "uv": [ 0, 0, 0.5, 0.75 ] }, 
                "down":  { "texture": "#main", "uv": [ 0, 0, 0.5, 0.75 ] }
            }
        }, 
        {
            "name": "tail", 
            "from": [ 7.500000007450581, 8, -5 ], 
            "to":   [ 8.50000000745058, 10, -4 ], 
            "faces": {
                "north": { "texture": "#main", "uv": [ 0, 0, 0.25, 0.5 ] }, 
                "east":  { "texture": "#main", "uv": [ 0, 0, 0.25, 0.5 ] }, 
                "south": { "texture": "#main", "uv": [ 0, 0, 0.25, 0.5 ] }, 
                "west":  { "texture": "#main", "uv": [ 0, 0, 0.25, 0.5 ] }, 
                "up":    { "texture": "#main", "uv": [ 0, 0, 0.25, 0.25 ] }, 
                "down":  { "texture": "#main", "uv": [ 0, 0, 0.25, 0.25 ] }
            }
        }, 
        {
            "name": "tail", 
            "from": [ 7, 4.799999997019768, -5.500000007450581 ], 
            "to":   [ 9, 7.799999997019768, -3.5000000074505806 ], 
            "rotation": { "origin": [8, 8, 8], "axis": "x", "angle": 22.5 }, 
            "faces": {
                "north": { "texture": "#main", "uv": [ 0, 0, 0.5, 0.75 ] }, 
                "east":  { "texture": "#main", "uv": [ 0, 0, 0.5, 0.75 ] }, 
                "south": { "texture": "#main", "uv": [ 0, 0, 0.5, 0.75 ] }, 
                "west":  { "texture": "#main", "uv": [ 0, 0, 0.5, 0.75 ] }, 
                "up":    { "texture": "#main", "uv": [ 0, 0, 0.5, 0.5 ] }, 
                "down":  { "texture": "#main", "uv": [ 0, 0, 0.5, 0.5 ] }
            }
        }, 
        {
            "name": "tail", 
            "from": [ 7.500000007450581, 7.799999997019768, -5.000000014901161 ], 
            "to":   [ 8.50000000745058, 9.799999997019768, -4.000000014901161 ], 
            "rotation": { "origin": [8, 8, 8], "axis": "x", "angle": 22.5 }, 
            "faces": {
                "north": { "texture": "#main", "uv": [ 0, 0, 0.25, 0.5 ] }, 
                "east":  { "texture": "#main", "uv": [ 0, 0, 0.25, 0.5 ] }, 
                "south": { "texture": "#main", "uv": [ 0, 0, 0.25, 0.5 ] }, 
                "west":  { "texture": "#main", "uv": [ 0, 0, 0.25, 0.5 ] }, 
                "up":    { "texture": "#main", "uv": [ 0, 0, 0.25, 0.25 ] }, 
                "down":  { "texture": "#main", "uv": [ 0, 0, 0.25, 0.25 ] }
            }
        }, 
        {
            "name": "tail", 
            "from": [ 7.4000000059604645, 4.5999999940395355, -4.800000011920929 ], 
            "to":   [ 8.600000008940697, 6.5999999940395355, -3.6000000089406967 ], 
            "rotation": { "origin": [8, 8, 8], "axis": "x", "angle": 45 }, 
            "faces": {
                "north": { "texture": "#main", "uv": [ 0, 0, 0.30000000074505806, 0.5 ] }, 
                "east":  { "texture": "#main", "uv": [ 0, 0, 0.30000000074505806, 0.5 ] }, 
                "south": { "texture": "#main", "uv": [ 0, 0, 0.30000000074505806, 0.5 ] }, 
                "west":  { "texture": "#main", "uv": [ 0, 0, 0.30000000074505806, 0.5 ] }, 
                "up":    { "texture": "#main", "uv": [ 0, 0, 0.30000000074505806, 0.30000000074505806 ] }, 
                "down":  { "texture": "#main", "uv": [ 0, 0, 0.30000000074505806, 0.30000000074505806 ] }
            }
        }, 
        {
            "name": "tail", 
            "from": [ 7.200000002980232, 15.000000005960464, -1.9000000283122063 ], 
            "to":   [ 8.800000011920929, 16.199999994039537, 1.099999986588955 ], 
            "faces": {
                "north": { "texture": "#main", "uv": [ 0, 0, 0.4000000022351742, 0.29999999701976776 ] }, 
                "east":  { "texture": "#main", "uv": [ 0, 0, 0.7500000037252903, 0.29999999701976776 ] }, 
                "south": { "texture": "#main", "uv": [ 0, 0, 0.4000000022351742, 0.29999999701976776 ] }, 
                "west":  { "texture": "#main", "uv": [ 0, 0, 0.7500000037252903, 0.29999999701976776 ] }, 
                "up":    { "texture": "#main", "uv": [ 0, 0, 0.4000000022351742, 0.7500000037252903 ] }, 
                "down":  { "texture": "#main", "uv": [ 0, 0, 0.4000000022351742, 0.7500000037252903 ] }
            }
        }, 
        {
            "name": "tail", 
            "from": [ 6.699999995529652, 11.199999994039535, -1.9000000283122063 ], 
            "to":   [ 9.300000004470348, 13.399999982118606, 3.099999986588955 ], 
            "rotation": { "origin": [8, 8, 8], "axis": "x", "angle": 22.5 }, 
            "faces": {
                "north": { "texture": "#main", "uv": [ 0, 0, 0.6500000022351742, 0.5499999970197678 ] }, 
                "east":  { "texture": "#main", "uv": [ 0, 0, 1.2500000037252903, 0.5499999970197678 ] }, 
                "south": { "texture": "#main", "uv": [ 0, 0, 0.6500000022351742, 0.5499999970197678 ] }, 
                "west":  { "texture": "#main", "uv": [ 0, 0, 1.2500000037252903, 0.5499999970197678 ] }, 
                "up":    { "texture": "#main", "uv": [ 0, 0, 0.6500000022351742, 1.2500000037252903 ] }, 
                "down":  { "texture": "#main", "uv": [ 0, 0, 0.6500000022351742, 1.2500000037252903 ] }
            }
        }, 
        {
            "name": "stinger", 
            "from": [ 7.699999995529652, 12.199999994039535, 3.0999999716877937 ], 
            "to":   [ 8.200000002980232, 12.699999986588955, 5.299999989569187 ], 
            "rotation": { "origin": [8, 8, 8], "axis": "x", "angle": 22.5 }, 
            "faces": {
                "north": { "texture": "#main", "uv": [ 4, 0, 4.125000001862645, 0.12499999813735485 ] }, 
                "east":  { "texture": "#main", "uv": [ 4, 0, 4.550000004470348, 0.12499999813735485 ] }, 
                "south": { "texture": "#main", "uv": [ 4, 0, 4.125000001862645, 0.12499999813735485 ] }, 
                "west":  { "texture": "#main", "uv": [ 4, 0, 4.550000004470348, 0.12499999813735485 ] }, 
                "up":    { "texture": "#main", "uv": [ 4, 0, 4.125000001862645, 0.5500000044703484 ] }, 
                "down":  { "texture": "#main", "uv": [ 4, 0, 4.125000001862645, 0.5500000044703484 ] }
            }
        }, 
        {
            "name": "head", 
            "from": [ 6, 1.6000000089406967, 11 ], 
            "to":   [ 10, 3.6000000089406967, 13 ], 
            "faces": {
                "north": { "texture": "#main", "uv": [ 0, 4, 1, 4.5 ] }, 
                "east":  { "texture": "#main", "uv": [ 0, 4, 0.5, 4.5 ] }, 
                "south": { "texture": "#main", "uv": [ 0, 4, 1, 4.5 ] }, 
                "west":  { "texture": "#main", "uv": [ 0, 4, 0.5, 4.5 ] }, 
                "up":    { "texture": "#main", "uv": [ 0, 4, 1, 4.5 ] }, 
                "down":  { "texture": "#main", "uv": [ 0, 4, 1, 4.5 ] }
            }
        }, 
        {
            "name": "bump1", 
            "from": [ 6.300000004470348, 2.1000000163912773, 11.49999999254942 ], 
            "to":   [ 7.600000008940697, 4.100000016391277, 13.49999999254942 ], 
            "faces": {
                "north": { "texture": "#main", "uv": [ 4, 4, 4.325000001117587, 4.5 ] }, 
                "east":  { "texture": "#main", "uv": [ 4, 4, 4.5, 4.5 ] }, 
                "south": { "texture": "#main", "uv": [ 0, 4, 0.3250000011175871, 4.5 ] }, 
                "west":  { "texture": "#main", "uv": [ 4, 4, 4.5, 4.5 ] }, 
                "up":    { "texture": "#main", "uv": [ 0, 4, 0.3250000011175871, 4.5 ] }, 
                "down":  { "texture": "#main", "uv": [ 0, 4, 0.3250000011175871, 4.5 ] }
            }
        }, 
        {
            "name": "bump2", 
            "from": [ 8.299999997019768, 2.1000000163912773, 11.49999999254942 ], 
            "to":   [ 9.600000001490116, 4.100000016391277, 13.49999999254942 ], 
            "faces": {
                "north": { "texture": "#main", "uv": [ 4, 4, 4.325000001117587, 4.5 ] }, 
                "east":  { "texture": "#main", "uv": [ 4, 4, 4.5, 4.5 ] }, 
                "south": { "texture": "#main", "uv": [ 0, 4, 0.3250000011175871, 4.5 ] }, 
                "west":  { "texture": "#main", "uv": [ 4, 4, 4.5, 4.5 ] }, 
                "up":    { "texture": "#main", "uv": [ 0, 4, 0.3250000011175871, 4.5 ] }, 
                "down":  { "texture": "#main", "uv": [ 0, 4, 0.3250000011175871, 4.5 ] }
            }
        }, 
        {
            "name": "fang1", 
            "from": [ 7, 1.2000000029802322, 13.50000000745058 ], 
            "to":   [ 7.399999991059303, 3.2000000029802322, 13.699999995529652 ], 
            "faces": {
                "north": { "texture": "#main", "uv": [ 4, 0, 4.099999997764826, 0.5 ] }, 
                "east":  { "texture": "#main", "uv": [ 4, 0, 4.049999997019768, 0.5 ] }, 
                "south": { "texture": "#main", "uv": [ 4, 0, 4.099999997764826, 0.5 ] }, 
                "west":  { "texture": "#main", "uv": [ 4, 0, 4.049999997019768, 0.5 ] }, 
                "up":    { "texture": "#main", "uv": [ 4, 0, 4.099999997764826, 0.04999999701976776 ] }, 
                "down":  { "texture": "#main", "uv": [ 4, 0, 4.099999997764826, 0.04999999701976776 ] }
            }
        }, 
        {
            "name": "fang2", 
            "from": [ 8.50000000745058, 1.2000000029802322, 13.50000000745058 ], 
            "to":   [ 8.899999998509884, 3.2000000029802322, 13.699999995529652 ], 
            "faces": {
                "north": { "texture": "#main", "uv": [ 4, 0, 4.099999997764826, 0.5 ] }, 
                "east":  { "texture": "#main", "uv": [ 4, 0, 4.049999997019768, 0.5 ] }, 
                "south": { "texture": "#main", "uv": [ 4, 0, 4.099999997764826, 0.5 ] }, 
                "west":  { "texture": "#main", "uv": [ 4, 0, 4.049999997019768, 0.5 ] }, 
                "up":    { "texture": "#main", "uv": [ 4, 0, 4.099999997764826, 0.04999999701976776 ] }, 
                "down":  { "texture": "#main", "uv": [ 4, 0, 4.099999997764826, 0.04999999701976776 ] }
            }
        }, 
        {
            "name": "leg", 
            "from": [ 6, 3, 3 ], 
            "to":   [ 10, 3.4999999925494194, 3.4999999925494194 ], 
            "rotation": { "origin": [8, 8, 8], "axis": "z", "angle": -45 }, 
            "faces": {
                "north": { "texture": "#main", "uv": [ 4, 4, 5, 4.124999998137355 ] }, 
                "east":  { "texture": "#main", "uv": [ 4, 4, 4.124999998137355, 4.124999998137355 ] }, 
                "south": { "texture": "#main", "uv": [ 4, 4, 5, 4.124999998137355 ] }, 
                "west":  { "texture": "#main", "uv": [ 4, 4, 4.124999998137355, 4.124999998137355 ] }, 
                "up":    { "texture": "#main", "uv": [ 4, 4, 5, 4.124999998137355 ] }, 
                "down":  { "texture": "#main", "uv": [ 4, 4, 5, 4.124999998137355 ] }
            }
        }, 
        {
            "name": "leg", 
            "from": [ 6, 2, 5 ], 
            "to":   [ 10, 2.4999999925494194, 5.499999992549419 ], 
            "rotation": { "origin": [8, 8, 8], "axis": "z", "angle": -45 }, 
            "faces": {
                "north": { "texture": "#main", "uv": [ 4, 4, 5, 4.124999998137355 ] }, 
                "east":  { "texture": "#main", "uv": [ 4, 4, 4.124999998137355, 4.124999998137355 ] }, 
                "south": { "texture": "#main", "uv": [ 4, 4, 5, 4.124999998137355 ] }, 
                "west":  { "texture": "#main", "uv": [ 4, 4, 4.124999998137355, 4.124999998137355 ] }, 
                "up":    { "texture": "#main", "uv": [ 4, 4, 5, 4.124999998137355 ] }, 
                "down":  { "texture": "#main", "uv": [ 4, 4, 5, 4.124999998137355 ] }
            }
        }, 
        {
            "name": "leg", 
            "from": [ 5, 3, 7 ], 
            "to":   [ 8, 3.4999999925494194, 7.499999992549419 ], 
            "rotation": { "origin": [8, 8, 8], "axis": "z", "angle": -22.5 }, 
            "faces": {
                "north": { "texture": "#main", "uv": [ 4, 4, 4.75, 4.124999998137355 ] }, 
                "east":  { "texture": "#main", "uv": [ 4, 4, 4.124999998137355, 4.124999998137355 ] }, 
                "south": { "texture": "#main", "uv": [ 4, 4, 4.75, 4.124999998137355 ] }, 
                "west":  { "texture": "#main", "uv": [ 4, 4, 4.124999998137355, 4.124999998137355 ] }, 
                "up":    { "texture": "#main", "uv": [ 4, 4, 4.75, 4.124999998137355 ] }, 
                "down":  { "texture": "#main", "uv": [ 4, 4, 4.75, 4.124999998137355 ] }
            }
        }, 
        {
            "name": "leg", 
            "from": [ 5, 2, 9 ], 
            "to":   [ 8, 2.4999999925494194, 9.49999999254942 ], 
            "rotation": { "origin": [8, 8, 8], "axis": "z", "angle": -22.5 }, 
            "faces": {
                "north": { "texture": "#main", "uv": [ 4, 4, 4.75, 4.124999998137355 ] }, 
                "east":  { "texture": "#main", "uv": [ 4, 4, 4.124999998137355, 4.124999998137355 ] }, 
                "south": { "texture": "#main", "uv": [ 4, 4, 4.75, 4.124999998137355 ] }, 
                "west":  { "texture": "#main", "uv": [ 4, 4, 4.124999998137355, 4.124999998137355 ] }, 
                "up":    { "texture": "#main", "uv": [ 4, 4, 4.75, 4.124999998137355 ] }, 
                "down":  { "texture": "#main", "uv": [ 4, 4, 4.75, 4.124999998137355 ] }
            }
        }, 
        {
            "name": "leg2", 
            "from": [ 6, 2, 3 ], 
            "to":   [ 10, 2.4999999925494194, 3.4999999925494194 ], 
            "rotation": { "origin": [8, 8, 8], "axis": "z", "angle": 45 }, 
            "faces": {
                "north": { "texture": "#main", "uv": [ 4, 4, 5, 4.124999998137355 ] }, 
                "east":  { "texture": "#main", "uv": [ 4, 4, 4.124999998137355, 4.124999998137355 ] }, 
                "south": { "texture": "#main", "uv": [ 4, 4, 5, 4.124999998137355 ] }, 
                "west":  { "texture": "#main", "uv": [ 4, 4, 4.124999998137355, 4.124999998137355 ] }, 
                "up":    { "texture": "#main", "uv": [ 4, 4, 5, 4.124999998137355 ] }, 
                "down":  { "texture": "#main", "uv": [ 4, 4, 5, 4.124999998137355 ] }
            }
        }, 
        {
            "name": "leg2", 
            "from": [ 6, 3, 5 ], 
            "to":   [ 10, 3.4999999925494194, 5.499999992549419 ], 
            "rotation": { "origin": [8, 8, 8], "axis": "z", "angle": 45 }, 
            "faces": {
                "north": { "texture": "#main", "uv": [ 4, 4, 5, 4.124999998137355 ] }, 
                "east":  { "texture": "#main", "uv": [ 4, 4, 4.124999998137355, 4.124999998137355 ] }, 
                "south": { "texture": "#main", "uv": [ 4, 4, 5, 4.124999998137355 ] }, 
                "west":  { "texture": "#main", "uv": [ 4, 4, 4.124999998137355, 4.124999998137355 ] }, 
                "up":    { "texture": "#main", "uv": [ 4, 4, 5, 4.124999998137355 ] }, 
                "down":  { "texture": "#main", "uv": [ 4, 4, 5, 4.124999998137355 ] }
            }
        }, 
        {
            "name": "leg2", 
            "from": [ 6, 2, 7 ], 
            "to":   [ 11, 2.4999999925494194, 7.499999992549419 ], 
            "rotation": { "origin": [8, 8, 8], "axis": "z", "angle": 22.5 }, 
            "faces": {
                "north": { "texture": "#main", "uv": [ 4, 4, 5.25, 4.124999998137355 ] }, 
                "east":  { "texture": "#main", "uv": [ 4, 4, 4.124999998137355, 4.124999998137355 ] }, 
                "south": { "texture": "#main", "uv": [ 4, 4, 5.25, 4.124999998137355 ] }, 
                "west":  { "texture": "#main", "uv": [ 4, 4, 4.124999998137355, 4.124999998137355 ] }, 
                "up":    { "texture": "#main", "uv": [ 4, 4, 5.25, 4.124999998137355 ] }, 
                "down":  { "texture": "#main", "uv": [ 4, 4, 5.25, 4.124999998137355 ] }
            }
        }, 
        {
            "name": "leg2", 
            "from": [ 8, 3, 9 ], 
            "to":   [ 12, 3.4999999925494194, 9.49999999254942 ], 
            "rotation": { "origin": [8, 8, 8], "axis": "z", "angle": 22.5 }, 
            "faces": {
                "north": { "texture": "#main", "uv": [ 4, 4, 5, 4.124999998137355 ] }, 
                "east":  { "texture": "#main", "uv": [ 4, 4, 4.124999998137355, 4.124999998137355 ] }, 
                "south": { "texture": "#main", "uv": [ 4, 4, 5, 4.124999998137355 ] }, 
                "west":  { "texture": "#main", "uv": [ 4, 4, 4.124999998137355, 4.124999998137355 ] }, 
                "up":    { "texture": "#main", "uv": [ 4, 4, 5, 4.124999998137355 ] }, 
                "down":  { "texture": "#main", "uv": [ 4, 4, 5, 4.124999998137355 ] }
            }
        }, 
        {
            "name": "leg3", 
            "from": [ -4, 10, 2.7999999970197678 ], 
            "to":   [ 3, 10.899999998509884, 3.6999999955296516 ], 
            "rotation": { "origin": [8, 8, 8], "axis": "z", "angle": 45 }, 
            "faces": {
                "north": { "texture": "#main", "uv": [ 4, 4, 5.75, 4.224999999627471 ] }, 
                "east":  { "texture": "#main", "uv": [ 4, 4, 4.224999999627471, 4.224999999627471 ] }, 
                "south": { "texture": "#main", "uv": [ 4, 4, 5.75, 4.224999999627471 ] }, 
                "west":  { "texture": "#main", "uv": [ 4, 4, 4.224999999627471, 4.224999999627471 ] }, 
                "up":    { "texture": "#main", "uv": [ 4, 4, 5.75, 4.224999999627471 ] }, 
                "down":  { "texture": "#main", "uv": [ 4, 4, 5.75, 4.224999999627471 ] }
            }
        }, 
        {
            "name": "leg3", 
            "from": [ -4, 9, 4.799999997019768 ], 
            "to":   [ 3, 9.899999998509884, 5.699999995529652 ], 
            "rotation": { "origin": [8, 8, 8], "axis": "z", "angle": 45 }, 
            "faces": {
                "north": { "texture": "#main", "uv": [ 4, 4, 5.75, 4.224999999627471 ] }, 
                "east":  { "texture": "#main", "uv": [ 4, 4, 4.224999999627471, 4.224999999627471 ] }, 
                "south": { "texture": "#main", "uv": [ 4, 4, 5.75, 4.224999999627471 ] }, 
                "west":  { "texture": "#main", "uv": [ 4, 4, 4.224999999627471, 4.224999999627471 ] }, 
                "up":    { "texture": "#main", "uv": [ 4, 4, 5.75, 4.224999999627471 ] }, 
                "down":  { "texture": "#main", "uv": [ 4, 4, 5.75, 4.224999999627471 ] }
            }
        }, 
        {
            "name": "leg3", 
            "from": [ -3, 8, 6.799999997019768 ], 
            "to":   [ 2, 8.899999998509884, 7.699999995529652 ], 
            "rotation": { "origin": [8, 8, 8], "axis": "z", "angle": 45 }, 
            "faces": {
                "north": { "texture": "#main", "uv": [ 4, 4, 5.25, 4.224999999627471 ] }, 
                "east":  { "texture": "#main", "uv": [ 4, 4, 4.224999999627471, 4.224999999627471 ] }, 
                "south": { "texture": "#main", "uv": [ 4, 4, 5.25, 4.224999999627471 ] }, 
                "west":  { "texture": "#main", "uv": [ 4, 4, 4.224999999627471, 4.224999999627471 ] }, 
                "up":    { "texture": "#main", "uv": [ 4, 4, 5.25, 4.224999999627471 ] }, 
                "down":  { "texture": "#main", "uv": [ 4, 4, 5.25, 4.224999999627471 ] }
            }
        }, 
        {
            "name": "leg3", 
            "from": [ -3, 9, 8.799999997019768 ], 
            "to":   [ 2, 9.899999998509884, 9.699999995529652 ], 
            "rotation": { "origin": [8, 8, 8], "axis": "z", "angle": 45 }, 
            "faces": {
                "north": { "texture": "#main", "uv": [ 4, 4, 5.25, 4.224999999627471 ] }, 
                "east":  { "texture": "#main", "uv": [ 4, 4, 4.224999999627471, 4.224999999627471 ] }, 
                "south": { "texture": "#main", "uv": [ 4, 4, 5.25, 4.224999999627471 ] }, 
                "west":  { "texture": "#main", "uv": [ 4, 4, 4.224999999627471, 4.224999999627471 ] }, 
                "up":    { "texture": "#main", "uv": [ 4, 4, 5.25, 4.224999999627471 ] }, 
                "down":  { "texture": "#main", "uv": [ 4, 4, 5.25, 4.224999999627471 ] }
            }
        }, 
        {
            "name": "leg4", 
            "from": [ 14, 9, 8.799999997019768 ], 
            "to":   [ 19, 9.899999998509884, 9.699999995529652 ], 
            "rotation": { "origin": [8, 8, 8], "axis": "z", "angle": -45 }, 
            "faces": {
                "north": { "texture": "#main", "uv": [ 4, 4, 5.25, 4.224999999627471 ] }, 
                "east":  { "texture": "#main", "uv": [ 4, 4, 4.224999999627471, 4.224999999627471 ] }, 
                "south": { "texture": "#main", "uv": [ 4, 4, 5.25, 4.224999999627471 ] }, 
                "west":  { "texture": "#main", "uv": [ 4, 4, 4.224999999627471, 4.224999999627471 ] }, 
                "up":    { "texture": "#main", "uv": [ 4, 4, 5.25, 4.224999999627471 ] }, 
                "down":  { "texture": "#main", "uv": [ 4, 4, 5.25, 4.224999999627471 ] }
            }
        }, 
        {
            "name": "leg4", 
            "from": [ 14, 9, 6.799999997019768 ], 
            "to":   [ 19, 9.899999998509884, 7.699999995529652 ], 
            "rotation": { "origin": [8, 8, 8], "axis": "z", "angle": -45 }, 
            "faces": {
                "north": { "texture": "#main", "uv": [ 4, 4, 5.25, 4.224999999627471 ] }, 
                "east":  { "texture": "#main", "uv": [ 4, 4, 4.224999999627471, 4.224999999627471 ] }, 
                "south": { "texture": "#main", "uv": [ 4, 4, 5.25, 4.224999999627471 ] }, 
                "west":  { "texture": "#main", "uv": [ 4, 4, 4.224999999627471, 4.224999999627471 ] }, 
                "up":    { "texture": "#main", "uv": [ 4, 4, 5.25, 4.224999999627471 ] }, 
                "down":  { "texture": "#main", "uv": [ 4, 4, 5.25, 4.224999999627471 ] }
            }
        }, 
        {
            "name": "leg4", 
            "from": [ 13, 9, 4.799999997019768 ], 
            "to":   [ 20, 9.899999998509884, 5.699999995529652 ], 
            "rotation": { "origin": [8, 8, 8], "axis": "z", "angle": -45 }, 
            "faces": {
                "north": { "texture": "#main", "uv": [ 4, 4, 5.75, 4.224999999627471 ] }, 
                "east":  { "texture": "#main", "uv": [ 4, 4, 4.224999999627471, 4.224999999627471 ] }, 
                "south": { "texture": "#main", "uv": [ 4, 4, 5.75, 4.224999999627471 ] }, 
                "west":  { "texture": "#main", "uv": [ 4, 4, 4.224999999627471, 4.224999999627471 ] }, 
                "up":    { "texture": "#main", "uv": [ 4, 4, 5.75, 4.224999999627471 ] }, 
                "down":  { "texture": "#main", "uv": [ 4, 4, 5.75, 4.224999999627471 ] }
            }
        }, 
        {
            "name": "leg4", 
            "from": [ 13, 9, 2.7999999970197678 ], 
            "to":   [ 20, 9.899999998509884, 3.6999999955296516 ], 
            "rotation": { "origin": [8, 8, 8], "axis": "z", "angle": -45 }, 
            "faces": {
                "north": { "texture": "#main", "uv": [ 4, 4, 5.75, 4.224999999627471 ] }, 
                "east":  { "texture": "#main", "uv": [ 4, 4, 4.224999999627471, 4.224999999627471 ] }, 
                "south": { "texture": "#main", "uv": [ 4, 4, 5.75, 4.224999999627471 ] }, 
                "west":  { "texture": "#main", "uv": [ 4, 4, 4.224999999627471, 4.224999999627471 ] }, 
                "up":    { "texture": "#main", "uv": [ 4, 4, 5.75, 4.224999999627471 ] }, 
                "down":  { "texture": "#main", "uv": [ 4, 4, 5.75, 4.224999999627471 ] }
            }
        }, 
        {
            "name": "claw1", 
            "from": [ -2, 2, 9.49999999254942 ], 
            "to":   [ 5, 3.999999985098839, 10.49999999254942 ], 
            "rotation": { "origin": [8, 8, 8], "axis": "y", "angle": 22.5 }, 
            "faces": {
                "north": { "texture": "#main", "uv": [ 0, 0, 1.75, 0.4999999962747097 ] }, 
                "east":  { "texture": "#main", "uv": [ 0, 0, 0.25, 0.4999999962747097 ] }, 
                "south": { "texture": "#main", "uv": [ 0, 0, 1.75, 0.4999999962747097 ] }, 
                "west":  { "texture": "#main", "uv": [ 0, 0, 0.25, 0.4999999962747097 ] }, 
                "up":    { "texture": "#main", "uv": [ 0, 0, 1.75, 0.25 ] }, 
                "down":  { "texture": "#main", "uv": [ 0, 0, 1.75, 0.25 ] }
            }
        }, 
        {
            "name": "claw1", 
            "from": [ 11, 1.4999999925494194, 9.49999999254942 ], 
            "to":   [ 16.99999998509884, 3.9999999701976776, 10.49999999254942 ], 
            "rotation": { "origin": [8, 8, 8], "axis": "y", "angle": -22.5 }, 
            "faces": {
                "north": { "texture": "#main", "uv": [ 0, 0, 1.4999999962747097, 0.6249999944120646 ] }, 
                "east":  { "texture": "#main", "uv": [ 0, 0, 0.25, 0.6249999944120646 ] }, 
                "south": { "texture": "#main", "uv": [ 0, 0, 1.4999999962747097, 0.6249999944120646 ] }, 
                "west":  { "texture": "#main", "uv": [ 0, 0, 0.25, 0.6249999944120646 ] }, 
                "up":    { "texture": "#main", "uv": [ 0, 0, 1.4999999962747097, 0.25 ] }, 
                "down":  { "texture": "#main", "uv": [ 0, 0, 1.4999999962747097, 0.25 ] }
            }
        }, 
        {
            "name": "claw2", 
            "from": [ 14, 1.5999999940395355, 10.50000000745058 ], 
            "to":   [ 16, 3.7999999821186066, 16.50000000745058 ], 
            "rotation": { "origin": [8, 8, 8], "axis": "x", "angle": -22.5 }, 
            "faces": {
                "north": { "texture": "#main", "uv": [ 0, 0, 0.5, 0.5499999970197678 ] }, 
                "east":  { "texture": "#main", "uv": [ 0, 0, 1.5, 0.5499999970197678 ] }, 
                "south": { "texture": "#main", "uv": [ 0, 0, 0.5, 0.5499999970197678 ] }, 
                "west":  { "texture": "#main", "uv": [ 0, 0, 1.5, 0.5499999970197678 ] }, 
                "up":    { "texture": "#main", "uv": [ 0, 0, 0.5, 1.5 ] }, 
                "down":  { "texture": "#main", "uv": [ 0, 0, 0.5, 1.5 ] }
            }
        }, 
        {
            "name": "claw2", 
            "from": [ 11, 1.5999999940395355, 9.700000010430813 ], 
            "to":   [ 13, 3.7999999821186066, 16.700000010430813 ], 
            "rotation": { "origin": [8, 8, 8], "axis": "x", "angle": -22.5 }, 
            "faces": {
                "north": { "texture": "#main", "uv": [ 0, 0, 0.5, 0.5499999970197678 ] }, 
                "east":  { "texture": "#main", "uv": [ 0, 0, 1.75, 0.5499999970197678 ] }, 
                "south": { "texture": "#main", "uv": [ 0, 0, 0.5, 0.5499999970197678 ] }, 
                "west":  { "texture": "#main", "uv": [ 0, 0, 1.75, 0.5499999970197678 ] }, 
                "up":    { "texture": "#main", "uv": [ 0, 0, 0.5, 1.75 ] }, 
                "down":  { "texture": "#main", "uv": [ 0, 0, 0.5, 1.75 ] }
            }
        }, 
        {
            "name": "claw3", 
            "from": [ 2, 1.5999999940395355, 10.100000016391277 ], 
            "to":   [ 4, 3.7999999821186066, 17.100000016391277 ], 
            "rotation": { "origin": [8, 8, 8], "axis": "x", "angle": -22.5 }, 
            "faces": {
                "north": { "texture": "#main", "uv": [ 0, 0, 0.5, 0.5499999970197678 ] }, 
                "east":  { "texture": "#main", "uv": [ 0, 0, 1.75, 0.5499999970197678 ] }, 
                "south": { "texture": "#main", "uv": [ 0, 0, 0.5, 0.5499999970197678 ] }, 
                "west":  { "texture": "#main", "uv": [ 0, 0, 1.75, 0.5499999970197678 ] }, 
                "up":    { "texture": "#main", "uv": [ 0, 0, 0.5, 1.75 ] }, 
                "down":  { "texture": "#main", "uv": [ 0, 0, 0.5, 1.75 ] }
            }
        }, 
        {
            "name": "claw3", 
            "from": [ -1, 1.5999999940395355, 10.50000000745058 ], 
            "to":   [ 1, 3.7999999821186066, 16.50000000745058 ], 
            "rotation": { "origin": [8, 8, 8], "axis": "x", "angle": -22.5 }, 
            "faces": {
                "north": { "texture": "#main", "uv": [ 0, 0, 0.5, 0.5499999970197678 ] }, 
                "east":  { "texture": "#main", "uv": [ 0, 0, 1.5, 0.5499999970197678 ] }, 
                "south": { "texture": "#main", "uv": [ 0, 0, 0.5, 0.5499999970197678 ] }, 
                "west":  { "texture": "#main", "uv": [ 0, 0, 1.5, 0.5499999970197678 ] }, 
                "up":    { "texture": "#main", "uv": [ 0, 0, 0.5, 1.5 ] }, 
                "down":  { "texture": "#main", "uv": [ 0, 0, 0.5, 1.5 ] }
            }
        }, 
        {
            "name": "body", 
            "from": [ 5, 1, 2 ], 
            "to":   [ 11, 5, 11 ], 
            "faces": {
                "north": { "texture": "#main", "uv": [ 8, 0, 9.5, 1 ] }, 
                "east":  { "texture": "#main", "uv": [ 8, 0, 10.25, 1 ] }, 
                "south": { "texture": "#main", "uv": [ 8, 0, 9.5, 1 ] }, 
                "west":  { "texture": "#main", "uv": [ 8, 0, 10.25, 1 ] }, 
                "up":    { "texture": "#main", "uv": [ 8, 0, 9.5, 2.25 ] }, 
                "down":  { "texture": "#main", "uv": [ 8, 0, 9.5, 2.25 ] }
            }
        }, 
        {
            "name": "body", 
            "from": [ 5.500000007450581, 0, 0 ], 
            "to":   [ 10.50000000745058, 3, 5 ], 
            "rotation": { "origin": [8, 8, 8], "axis": "x", "angle": 22.5 }, 
            "faces": {
                "north": { "texture": "#main", "uv": [ 8, 0, 9.25, 0.75 ] }, 
                "east":  { "texture": "#main", "uv": [ 8, 0, 9.25, 0.75 ] }, 
                "south": { "texture": "#main", "uv": [ 8, 0, 9.25, 0.75 ] }, 
                "west":  { "texture": "#main", "uv": [ 8, 0, 9.25, 0.75 ] }, 
                "up":    { "texture": "#main", "uv": [ 8, 0, 9.25, 1.25 ] }, 
                "down":  { "texture": "#main", "uv": [ 8, 0, 9.25, 1.25 ] }
            }
        }, 
        {
            "name": "tail", 
            "from": [ 7.500000007450581, -1, 2 ], 
            "to":   [ 8.50000000745058, 0, 3 ], 
            "rotation": { "origin": [8, 8, 8], "axis": "x", "angle": 45 }, 
            "faces": {
                "north": { "texture": "#main", "uv": [ 8, 0, 8.25, 0.25 ] }, 
                "east":  { "texture": "#main", "uv": [ 8, 0, 8.25, 0.25 ] }, 
                "south": { "texture": "#main", "uv": [ 8, 0, 8.25, 0.25 ] }, 
                "west":  { "texture": "#main", "uv": [ 8, 0, 8.25, 0.25 ] }, 
                "up":    { "texture": "#main", "uv": [ 8, 0, 8.25, 0.25 ] }, 
                "down":  { "texture": "#main", "uv": [ 8, 0, 8.25, 0.25 ] }
            }
        }, 
        {
            "name": "tail", 
            "from": [ 7, -1.5000000074505806, -1 ], 
            "to":   [ 9, 0.4999999925494194, 2 ], 
            "rotation": { "origin": [8, 8, 8], "axis": "x", "angle": 45 }, 
            "faces": {
                "north": { "texture": "#main", "uv": [ 8, 0, 8.5, 0.5 ] }, 
                "east":  { "texture": "#main", "uv": [ 8, 0, 8.75, 0.5 ] }, 
                "south": { "texture": "#main", "uv": [ 8, 0, 8.5, 0.5 ] }, 
                "west":  { "texture": "#main", "uv": [ 8, 0, 8.75, 0.5 ] }, 
                "up":    { "texture": "#main", "uv": [ 8, 0, 8.5, 0.75 ] }, 
                "down":  { "texture": "#main", "uv": [ 8, 0, 8.5, 0.75 ] }
            }
        }, 
        {
            "name": "tail", 
            "from": [ 7.500000007450581, 8, -5 ], 
            "to":   [ 8.50000000745058, 10, -4 ], 
            "faces": {
                "north": { "texture": "#main", "uv": [ 8, 0, 8.25, 0.5 ] }, 
                "east":  { "texture": "#main", "uv": [ 8, 0, 8.25, 0.5 ] }, 
                "south": { "texture": "#main", "uv": [ 8, 0, 8.25, 0.5 ] }, 
                "west":  { "texture": "#main", "uv": [ 8, 0, 8.25, 0.5 ] }, 
                "up":    { "texture": "#main", "uv": [ 8, 0, 8.25, 0.25 ] }, 
                "down":  { "texture": "#main", "uv": [ 8, 0, 8.25, 0.25 ] }
            }
        }, 
        {
            "name": "tail", 
            "from": [ 7, 4.799999997019768, -5.500000007450581 ], 
            "to":   [ 9, 7.799999997019768, -3.5000000074505806 ], 
            "rotation": { "origin": [8, 8, 8], "axis": "x", "angle": 22.5 }, 
            "faces": {
                "north": { "texture": "#main", "uv": [ 8, 0, 8.5, 0.75 ] }, 
                "east":  { "texture": "#main", "uv": [ 8, 0, 8.5, 0.75 ] }, 
                "south": { "texture": "#main", "uv": [ 8, 0, 8.5, 0.75 ] }, 
                "west":  { "texture": "#main", "uv": [ 8, 0, 8.5, 0.75 ] }, 
                "up":    { "texture": "#main", "uv": [ 8, 0, 8.5, 0.5 ] }, 
                "down":  { "texture": "#main", "uv": [ 8, 0, 8.5, 0.5 ] }
            }
        }, 
        {
            "name": "tail", 
            "from": [ 7.500000007450581, 7.799999997019768, -5.000000014901161 ], 
            "to":   [ 8.50000000745058, 9.799999997019768, -4.000000014901161 ], 
            "rotation": { "origin": [8, 8, 8], "axis": "x", "angle": 22.5 }, 
            "faces": {
                "north": { "texture": "#main", "uv": [ 8, 0, 8.25, 0.5 ] }, 
                "east":  { "texture": "#main", "uv": [ 8, 0, 8.25, 0.5 ] }, 
                "south": { "texture": "#main", "uv": [ 8, 0, 8.25, 0.5 ] }, 
                "west":  { "texture": "#main", "uv": [ 8, 0, 8.25, 0.5 ] }, 
                "up":    { "texture": "#main", "uv": [ 8, 0, 8.25, 0.25 ] }, 
                "down":  { "texture": "#main", "uv": [ 8, 0, 8.25, 0.25 ] }
            }
        }, 
        {
            "name": "tail", 
            "from": [ 7.4000000059604645, 4.5999999940395355, -4.800000011920929 ], 
            "to":   [ 8.600000008940697, 6.5999999940395355, -3.6000000089406967 ], 
            "rotation": { "origin": [8, 8, 8], "axis": "x", "angle": 45 }, 
            "faces": {
                "north": { "texture": "#main", "uv": [ 8, 0, 8.300000000745058, 0.5 ] }, 
                "east":  { "texture": "#main", "uv": [ 8, 0, 8.300000000745058, 0.5 ] }, 
                "south": { "texture": "#main", "uv": [ 8, 0, 8.300000000745058, 0.5 ] }, 
                "west":  { "texture": "#main", "uv": [ 8, 0, 8.300000000745058, 0.5 ] }, 
                "up":    { "texture": "#main", "uv": [ 8, 0, 8.300000000745058, 0.30000000074505806 ] }, 
                "down":  { "texture": "#main", "uv": [ 8, 0, 8.300000000745058, 0.30000000074505806 ] }
            }
        }, 
        {
            "name": "tail", 
            "from": [ 7.200000002980232, 15.000000005960464, -1.9000000283122063 ], 
            "to":   [ 8.800000011920929, 16.199999994039537, 1.099999986588955 ], 
            "faces": {
                "north": { "texture": "#main", "uv": [ 8, 0, 8.400000002235174, 0.29999999701976776 ] }, 
                "east":  { "texture": "#main", "uv": [ 8, 0, 8.75000000372529, 0.29999999701976776 ] }, 
                "south": { "texture": "#main", "uv": [ 8, 0, 8.400000002235174, 0.29999999701976776 ] }, 
                "west":  { "texture": "#main", "uv": [ 8, 0, 8.75000000372529, 0.29999999701976776 ] }, 
                "up":    { "texture": "#main", "uv": [ 8, 0, 8.400000002235174, 0.7500000037252903 ] }, 
                "down":  { "texture": "#main", "uv": [ 8, 0, 8.400000002235174, 0.7500000037252903 ] }
            }
        }, 
        {
            "name": "tail", 
            "from": [ 6.699999995529652, 11.199999994039535, -1.9000000283122063 ], 
            "to":   [ 9.300000004470348, 13.399999982118606, 3.099999986588955 ], 
            "rotation": { "origin": [8, 8, 8], "axis": "x", "angle": 22.5 }, 
            "faces": {
                "north": { "texture": "#main", "uv": [ 8, 0, 8.650000002235174, 0.5499999970197678 ] }, 
                "east":  { "texture": "#main", "uv": [ 8, 0, 9.25000000372529, 0.5499999970197678 ] }, 
                "south": { "texture": "#main", "uv": [ 8, 0, 8.650000002235174, 0.5499999970197678 ] }, 
                "west":  { "texture": "#main", "uv": [ 8, 0, 9.25000000372529, 0.5499999970197678 ] }, 
                "up":    { "texture": "#main", "uv": [ 8, 0, 8.650000002235174, 1.2500000037252903 ] }, 
                "down":  { "texture": "#main", "uv": [ 8, 0, 8.650000002235174, 1.2500000037252903 ] }
            }
        }, 
        {
            "name": "stinger", 
            "from": [ 7.699999995529652, 12.199999994039535, 3.0999999716877937 ], 
            "to":   [ 8.200000002980232, 12.699999986588955, 5.299999989569187 ], 
            "rotation": { "origin": [8, 8, 8], "axis": "x", "angle": 22.5 }, 
            "faces": {
                "north": { "texture": "#main", "uv": [ 12, 0, 12.125000001862645, 0.12499999813735485 ] }, 
                "east":  { "texture": "#main", "uv": [ 12, 0, 12.550000004470348, 0.12499999813735485 ] }, 
                "south": { "texture": "#main", "uv": [ 12, 0, 12.125000001862645, 0.12499999813735485 ] }, 
                "west":  { "texture": "#main", "uv": [ 12, 0, 12.550000004470348, 0.12499999813735485 ] }, 
                "up":    { "texture": "#main", "uv": [ 12, 0, 12.125000001862645, 0.5500000044703484 ] }, 
                "down":  { "texture": "#main", "uv": [ 12, 0, 12.125000001862645, 0.5500000044703484 ] }
            }
        }, 
        {
            "name": "head", 
            "from": [ 6, 1.6000000089406967, 11 ], 
            "to":   [ 10, 3.6000000089406967, 13 ], 
            "faces": {
                "north": { "texture": "#main", "uv": [ 8, 4, 9, 4.5 ] }, 
                "east":  { "texture": "#main", "uv": [ 8, 4, 8.5, 4.5 ] }, 
                "south": { "texture": "#main", "uv": [ 8, 4, 9, 4.5 ] }, 
                "west":  { "texture": "#main", "uv": [ 8, 4, 8.5, 4.5 ] }, 
                "up":    { "texture": "#main", "uv": [ 8, 4, 9, 4.5 ] }, 
                "down":  { "texture": "#main", "uv": [ 8, 4, 9, 4.5 ] }
            }
        }, 
        {
            "name": "bump1", 
            "from": [ 6.300000004470348, 2.1000000163912773, 11.49999999254942 ], 
            "to":   [ 7.600000008940697, 4.100000016391277, 13.49999999254942 ], 
            "faces": {
                "north": { "texture": "#main", "uv": [ 12, 4, 12.325000001117587, 4.5 ] }, 
                "east":  { "texture": "#main", "uv": [ 12, 4, 12.5, 4.5 ] }, 
                "south": { "texture": "#main", "uv": [ 8, 4, 8.325000001117587, 4.5 ] }, 
                "west":  { "texture": "#main", "uv": [ 12, 4, 12.5, 4.5 ] }, 
                "up":    { "texture": "#main", "uv": [ 8, 4, 8.325000001117587, 4.5 ] }, 
                "down":  { "texture": "#main", "uv": [ 8, 4, 8.325000001117587, 4.5 ] }
            }
        }, 
        {
            "name": "bump2", 
            "from": [ 8.299999997019768, 2.1000000163912773, 11.49999999254942 ], 
            "to":   [ 9.600000001490116, 4.100000016391277, 13.49999999254942 ], 
            "faces": {
                "north": { "texture": "#main", "uv": [ 12, 4, 12.325000001117587, 4.5 ] }, 
                "east":  { "texture": "#main", "uv": [ 12, 4, 12.5, 4.5 ] }, 
                "south": { "texture": "#main", "uv": [ 8, 4, 8.325000001117587, 4.5 ] }, 
                "west":  { "texture": "#main", "uv": [ 12, 4, 12.5, 4.5 ] }, 
                "up":    { "texture": "#main", "uv": [ 8, 4, 8.325000001117587, 4.5 ] }, 
                "down":  { "texture": "#main", "uv": [ 8, 4, 8.325000001117587, 4.5 ] }
            }
        }, 
        {
            "name": "fang1", 
            "from": [ 7, 1.2000000029802322, 13.50000000745058 ], 
            "to":   [ 7.399999991059303, 3.2000000029802322, 13.699999995529652 ], 
            "faces": {
                "north": { "texture": "#main", "uv": [ 12, 0, 12.099999997764826, 0.5 ] }, 
                "east":  { "texture": "#main", "uv": [ 12, 0, 12.049999997019768, 0.5 ] }, 
                "south": { "texture": "#main", "uv": [ 12, 0, 12.099999997764826, 0.5 ] }, 
                "west":  { "texture": "#main", "uv": [ 12, 0, 12.049999997019768, 0.5 ] }, 
                "up":    { "texture": "#main", "uv": [ 12, 0, 12.099999997764826, 0.04999999701976776 ] }, 
                "down":  { "texture": "#main", "uv": [ 12, 0, 12.099999997764826, 0.04999999701976776 ] }
            }
        }, 
        {
            "name": "fang2", 
            "from": [ 8.50000000745058, 1.2000000029802322, 13.50000000745058 ], 
            "to":   [ 8.899999998509884, 3.2000000029802322, 13.699999995529652 ], 
            "faces": {
                "north": { "texture": "#main", "uv": [ 12, 0, 12.099999997764826, 0.5 ] }, 
                "east":  { "texture": "#main", "uv": [ 12, 0, 12.049999997019768, 0.5 ] }, 
                "south": { "texture": "#main", "uv": [ 12, 0, 12.099999997764826, 0.5 ] }, 
                "west":  { "texture": "#main", "uv": [ 12, 0, 12.049999997019768, 0.5 ] }, 
                "up":    { "texture": "#main", "uv": [ 12, 0, 12.099999997764826, 0.04999999701976776 ] }, 
                "down":  { "texture": "#main", "uv": [ 12, 0, 12.099999997764826, 0.04999999701976776 ] }
            }
        }, 
        {
            "name": "leg", 
            "from": [ 6, 2, 3 ], 
            "to":   [ 10, 2.4999999925494194, 3.4999999925494194 ], 
            "rotation": { "origin": [8, 8, 8], "axis": "z", "angle": -45 }, 
            "faces": {
                "north": { "texture": "#main", "uv": [ 12, 4, 13, 4.124999998137355 ] }, 
                "east":  { "texture": "#main", "uv": [ 12, 4, 12.124999998137355, 4.124999998137355 ] }, 
                "south": { "texture": "#main", "uv": [ 12, 4, 13, 4.124999998137355 ] }, 
                "west":  { "texture": "#main", "uv": [ 12, 4, 12.124999998137355, 4.124999998137355 ] }, 
                "up":    { "texture": "#main", "uv": [ 12, 4, 13, 4.124999998137355 ] }, 
                "down":  { "texture": "#main", "uv": [ 12, 4, 13, 4.124999998137355 ] }
            }
        }, 
        {
            "name": "leg", 
            "from": [ 6, 3, 5 ], 
            "to":   [ 10, 3.4999999925494194, 5.499999992549419 ], 
            "rotation": { "origin": [8, 8, 8], "axis": "z", "angle": -45 }, 
            "faces": {
                "north": { "texture": "#main", "uv": [ 12, 4, 13, 4.124999998137355 ] }, 
                "east":  { "texture": "#main", "uv": [ 12, 4, 12.124999998137355, 4.124999998137355 ] }, 
                "south": { "texture": "#main", "uv": [ 12, 4, 13, 4.124999998137355 ] }, 
                "west":  { "texture": "#main", "uv": [ 12, 4, 12.124999998137355, 4.124999998137355 ] }, 
                "up":    { "texture": "#main", "uv": [ 12, 4, 13, 4.124999998137355 ] }, 
                "down":  { "texture": "#main", "uv": [ 12, 4, 13, 4.124999998137355 ] }
            }
        }, 
        {
            "name": "leg", 
            "from": [ 5, 2, 7 ], 
            "to":   [ 8, 2.4999999925494194, 7.499999992549419 ], 
            "rotation": { "origin": [8, 8, 8], "axis": "z", "angle": -22.5 }, 
            "faces": {
                "north": { "texture": "#main", "uv": [ 12, 4, 12.75, 4.124999998137355 ] }, 
                "east":  { "texture": "#main", "uv": [ 12, 4, 12.124999998137355, 4.124999998137355 ] }, 
                "south": { "texture": "#main", "uv": [ 12, 4, 12.75, 4.124999998137355 ] }, 
                "west":  { "texture": "#main", "uv": [ 12, 4, 12.124999998137355, 4.124999998137355 ] }, 
                "up":    { "texture": "#main", "uv": [ 12, 4, 12.75, 4.124999998137355 ] }, 
                "down":  { "texture": "#main", "uv": [ 12, 4, 12.75, 4.124999998137355 ] }
            }
        }, 
        {
            "name": "leg", 
            "from": [ 5, 3, 9 ], 
            "to":   [ 8, 3.4999999925494194, 9.49999999254942 ], 
            "rotation": { "origin": [8, 8, 8], "axis": "z", "angle": -22.5 }, 
            "faces": {
                "north": { "texture": "#main", "uv": [ 12, 4, 12.75, 4.124999998137355 ] }, 
                "east":  { "texture": "#main", "uv": [ 12, 4, 12.124999998137355, 4.124999998137355 ] }, 
                "south": { "texture": "#main", "uv": [ 12, 4, 12.75, 4.124999998137355 ] }, 
                "west":  { "texture": "#main", "uv": [ 12, 4, 12.124999998137355, 4.124999998137355 ] }, 
                "up":    { "texture": "#main", "uv": [ 12, 4, 12.75, 4.124999998137355 ] }, 
                "down":  { "texture": "#main", "uv": [ 12, 4, 12.75, 4.124999998137355 ] }
            }
        }, 
        {
            "name": "leg2", 
            "from": [ 6, 2, 3 ], 
            "to":   [ 10, 2.4999999925494194, 3.4999999925494194 ], 
            "rotation": { "origin": [8, 8, 8], "axis": "z", "angle": 45 }, 
            "faces": {
                "north": { "texture": "#main", "uv": [ 12, 4, 13, 4.124999998137355 ] }, 
                "east":  { "texture": "#main", "uv": [ 12, 4, 12.124999998137355, 4.124999998137355 ] }, 
                "south": { "texture": "#main", "uv": [ 12, 4, 13, 4.124999998137355 ] }, 
                "west":  { "texture": "#main", "uv": [ 12, 4, 12.124999998137355, 4.124999998137355 ] }, 
                "up":    { "texture": "#main", "uv": [ 12, 4, 13, 4.124999998137355 ] }, 
                "down":  { "texture": "#main", "uv": [ 12, 4, 13, 4.124999998137355 ] }
            }
        }, 
        {
            "name": "leg2", 
            "from": [ 6, 3, 5 ], 
            "to":   [ 10, 3.4999999925494194, 5.499999992549419 ], 
            "rotation": { "origin": [8, 8, 8], "axis": "z", "angle": 45 }, 
            "faces": {
                "north": { "texture": "#main", "uv": [ 12, 4, 13, 4.124999998137355 ] }, 
                "east":  { "texture": "#main", "uv": [ 12, 4, 12.124999998137355, 4.124999998137355 ] }, 
                "south": { "texture": "#main", "uv": [ 12, 4, 13, 4.124999998137355 ] }, 
                "west":  { "texture": "#main", "uv": [ 12, 4, 12.124999998137355, 4.124999998137355 ] }, 
                "up":    { "texture": "#main", "uv": [ 12, 4, 13, 4.124999998137355 ] }, 
                "down":  { "texture": "#main", "uv": [ 12, 4, 13, 4.124999998137355 ] }
            }
        }, 
        {
            "name": "leg2", 
            "from": [ 6, 2, 7 ], 
            "to":   [ 12, 2.4999999925494194, 7.499999992549419 ], 
            "rotation": { "origin": [8, 8, 8], "axis": "z", "angle": 22.5 }, 
            "faces": {
                "north": { "texture": "#main", "uv": [ 12, 4, 13.5, 4.124999998137355 ] }, 
                "east":  { "texture": "#main", "uv": [ 12, 4, 12.124999998137355, 4.124999998137355 ] }, 
                "south": { "texture": "#main", "uv": [ 12, 4, 13.5, 4.124999998137355 ] }, 
                "west":  { "texture": "#main", "uv": [ 12, 4, 12.124999998137355, 4.124999998137355 ] }, 
                "up":    { "texture": "#main", "uv": [ 12, 4, 13.5, 4.124999998137355 ] }, 
                "down":  { "texture": "#main", "uv": [ 12, 4, 13.5, 4.124999998137355 ] }
            }
        }, 
        {
            "name": "leg2", 
            "from": [ 8, 3, 9 ], 
            "to":   [ 12, 3.4999999925494194, 9.49999999254942 ], 
            "rotation": { "origin": [8, 8, 8], "axis": "z", "angle": 22.5 }, 
            "faces": {
                "north": { "texture": "#main", "uv": [ 12, 4, 13, 4.124999998137355 ] }, 
                "east":  { "texture": "#main", "uv": [ 12, 4, 12.124999998137355, 4.124999998137355 ] }, 
                "south": { "texture": "#main", "uv": [ 12, 4, 13, 4.124999998137355 ] }, 
                "west":  { "texture": "#main", "uv": [ 12, 4, 12.124999998137355, 4.124999998137355 ] }, 
                "up":    { "texture": "#main", "uv": [ 12, 4, 13, 4.124999998137355 ] }, 
                "down":  { "texture": "#main", "uv": [ 12, 4, 13, 4.124999998137355 ] }
            }
        }, 
        {
            "name": "leg3", 
            "from": [ -4, 9, 2.7999999970197678 ], 
            "to":   [ 3, 9.899999998509884, 3.6999999955296516 ], 
            "rotation": { "origin": [8, 8, 8], "axis": "z", "angle": 45 }, 
            "faces": {
                "north": { "texture": "#main", "uv": [ 12, 4, 13.75, 4.224999999627471 ] }, 
                "east":  { "texture": "#main", "uv": [ 12, 4, 12.224999999627471, 4.224999999627471 ] }, 
                "south": { "texture": "#main", "uv": [ 12, 4, 13.75, 4.224999999627471 ] }, 
                "west":  { "texture": "#main", "uv": [ 12, 4, 12.224999999627471, 4.224999999627471 ] }, 
                "up":    { "texture": "#main", "uv": [ 12, 4, 13.75, 4.224999999627471 ] }, 
                "down":  { "texture": "#main", "uv": [ 12, 4, 13.75, 4.224999999627471 ] }
            }
        }, 
        {
            "name": "leg3", 
            "from": [ -4, 10, 4.799999997019768 ], 
            "to":   [ 3, 10.899999998509884, 5.699999995529652 ], 
            "rotation": { "origin": [8, 8, 8], "axis": "z", "angle": 45 }, 
            "faces": {
                "north": { "texture": "#main", "uv": [ 12, 4, 13.75, 4.224999999627471 ] }, 
                "east":  { "texture": "#main", "uv": [ 12, 4, 12.224999999627471, 4.224999999627471 ] }, 
                "south": { "texture": "#main", "uv": [ 12, 4, 13.75, 4.224999999627471 ] }, 
                "west":  { "texture": "#main", "uv": [ 12, 4, 12.224999999627471, 4.224999999627471 ] }, 
                "up":    { "texture": "#main", "uv": [ 12, 4, 13.75, 4.224999999627471 ] }, 
                "down":  { "texture": "#main", "uv": [ 12, 4, 13.75, 4.224999999627471 ] }
            }
        }, 
        {
            "name": "leg3", 
            "from": [ -3, 8, 6.799999997019768 ], 
            "to":   [ 2, 8.899999998509884, 7.699999995529652 ], 
            "rotation": { "origin": [8, 8, 8], "axis": "z", "angle": 45 }, 
            "faces": {
                "north": { "texture": "#main", "uv": [ 12, 4, 13.25, 4.224999999627471 ] }, 
                "east":  { "texture": "#main", "uv": [ 12, 4, 12.224999999627471, 4.224999999627471 ] }, 
                "south": { "texture": "#main", "uv": [ 12, 4, 13.25, 4.224999999627471 ] }, 
                "west":  { "texture": "#main", "uv": [ 12, 4, 12.224999999627471, 4.224999999627471 ] }, 
                "up":    { "texture": "#main", "uv": [ 12, 4, 13.25, 4.224999999627471 ] }, 
                "down":  { "texture": "#main", "uv": [ 12, 4, 13.25, 4.224999999627471 ] }
            }
        }, 
        {
            "name": "leg3", 
            "from": [ -3, 9, 8.799999997019768 ], 
            "to":   [ 3, 9.899999998509884, 9.699999995529652 ], 
            "rotation": { "origin": [8, 8, 8], "axis": "z", "angle": 45 }, 
            "faces": {
                "north": { "texture": "#main", "uv": [ 12, 4, 13.5, 4.224999999627471 ] }, 
                "east":  { "texture": "#main", "uv": [ 12, 4, 12.224999999627471, 4.224999999627471 ] }, 
                "south": { "texture": "#main", "uv": [ 12, 4, 13.5, 4.224999999627471 ] }, 
                "west":  { "texture": "#main", "uv": [ 12, 4, 12.224999999627471, 4.224999999627471 ] }, 
                "up":    { "texture": "#main", "uv": [ 12, 4, 13.5, 4.224999999627471 ] }, 
                "down":  { "texture": "#main", "uv": [ 12, 4, 13.5, 4.224999999627471 ] }
            }
        }, 
        {
            "name": "leg4", 
            "from": [ 14, 9, 8.799999997019768 ], 
            "to":   [ 19, 9.899999998509884, 9.699999995529652 ], 
            "rotation": { "origin": [8, 8, 8], "axis": "z", "angle": -45 }, 
            "faces": {
                "north": { "texture": "#main", "uv": [ 12, 4, 13.25, 4.224999999627471 ] }, 
                "east":  { "texture": "#main", "uv": [ 12, 4, 12.224999999627471, 4.224999999627471 ] }, 
                "south": { "texture": "#main", "uv": [ 12, 4, 13.25, 4.224999999627471 ] }, 
                "west":  { "texture": "#main", "uv": [ 12, 4, 12.224999999627471, 4.224999999627471 ] }, 
                "up":    { "texture": "#main", "uv": [ 12, 4, 13.25, 4.224999999627471 ] }, 
                "down":  { "texture": "#main", "uv": [ 12, 4, 13.25, 4.224999999627471 ] }
            }
        }, 
        {
            "name": "leg4", 
            "from": [ 14, 8, 6.799999997019768 ], 
            "to":   [ 19, 8.899999998509884, 7.699999995529652 ], 
            "rotation": { "origin": [8, 8, 8], "axis": "z", "angle": -45 }, 
            "faces": {
                "north": { "texture": "#main", "uv": [ 12, 4, 13.25, 4.224999999627471 ] }, 
                "east":  { "texture": "#main", "uv": [ 12, 4, 12.224999999627471, 4.224999999627471 ] }, 
                "south": { "texture": "#main", "uv": [ 12, 4, 13.25, 4.224999999627471 ] }, 
                "west":  { "texture": "#main", "uv": [ 12, 4, 12.224999999627471, 4.224999999627471 ] }, 
                "up":    { "texture": "#main", "uv": [ 12, 4, 13.25, 4.224999999627471 ] }, 
                "down":  { "texture": "#main", "uv": [ 12, 4, 13.25, 4.224999999627471 ] }
            }
        }, 
        {
            "name": "leg4", 
            "from": [ 13, 10, 4.799999997019768 ], 
            "to":   [ 20, 10.899999998509884, 5.699999995529652 ], 
            "rotation": { "origin": [8, 8, 8], "axis": "z", "angle": -45 }, 
            "faces": {
                "north": { "texture": "#main", "uv": [ 12, 4, 13.75, 4.224999999627471 ] }, 
                "east":  { "texture": "#main", "uv": [ 12, 4, 12.224999999627471, 4.224999999627471 ] }, 
                "south": { "texture": "#main", "uv": [ 12, 4, 13.75, 4.224999999627471 ] }, 
                "west":  { "texture": "#main", "uv": [ 12, 4, 12.224999999627471, 4.224999999627471 ] }, 
                "up":    { "texture": "#main", "uv": [ 12, 4, 13.75, 4.224999999627471 ] }, 
                "down":  { "texture": "#main", "uv": [ 12, 4, 13.75, 4.224999999627471 ] }
            }
        }, 
        {
            "name": "leg4", 
            "from": [ 13, 9, 2.7999999970197678 ], 
            "to":   [ 20, 9.899999998509884, 3.6999999955296516 ], 
            "rotation": { "origin": [8, 8, 8], "axis": "z", "angle": -45 }, 
            "faces": {
                "north": { "texture": "#main", "uv": [ 12, 4, 13.75, 4.224999999627471 ] }, 
                "east":  { "texture": "#main", "uv": [ 12, 4, 12.224999999627471, 4.224999999627471 ] }, 
                "south": { "texture": "#main", "uv": [ 12, 4, 13.75, 4.224999999627471 ] }, 
                "west":  { "texture": "#main", "uv": [ 12, 4, 12.224999999627471, 4.224999999627471 ] }, 
                "up":    { "texture": "#main", "uv": [ 12, 4, 13.75, 4.224999999627471 ] }, 
                "down":  { "texture": "#main", "uv": [ 12, 4, 13.75, 4.224999999627471 ] }
            }
        }, 
        {
            "name": "claw1", 
            "from": [ -2, 2, 9.49999999254942 ], 
            "to":   [ 5, 3.999999985098839, 10.49999999254942 ], 
            "rotation": { "origin": [8, 8, 8], "axis": "y", "angle": 22.5 }, 
            "faces": {
                "north": { "texture": "#main", "uv": [ 8, 0, 9.75, 0.4999999962747097 ] }, 
                "east":  { "texture": "#main", "uv": [ 8, 0, 8.25, 0.4999999962747097 ] }, 
                "south": { "texture": "#main", "uv": [ 8, 0, 9.75, 0.4999999962747097 ] }, 
                "west":  { "texture": "#main", "uv": [ 8, 0, 8.25, 0.4999999962747097 ] }, 
                "up":    { "texture": "#main", "uv": [ 8, 0, 9.75, 0.25 ] }, 
                "down":  { "texture": "#main", "uv": [ 8, 0, 9.75, 0.25 ] }
            }
        }, 
        {
            "name": "claw1", 
            "from": [ 11, 1.4999999925494194, 9.49999999254942 ], 
            "to":   [ 16.99999998509884, 3.9999999701976776, 10.49999999254942 ], 
            "rotation": { "origin": [8, 8, 8], "axis": "y", "angle": -22.5 }, 
            "faces": {
                "north": { "texture": "#main", "uv": [ 8, 0, 9.49999999627471, 0.6249999944120646 ] }, 
                "east":  { "texture": "#main", "uv": [ 8, 0, 8.25, 0.6249999944120646 ] }, 
                "south": { "texture": "#main", "uv": [ 8, 0, 9.49999999627471, 0.6249999944120646 ] }, 
                "west":  { "texture": "#main", "uv": [ 8, 0, 8.25, 0.6249999944120646 ] }, 
                "up":    { "texture": "#main", "uv": [ 8, 0, 9.49999999627471, 0.25 ] }, 
                "down":  { "texture": "#main", "uv": [ 8, 0, 9.49999999627471, 0.25 ] }
            }
        }, 
        {
            "name": "claw2", 
            "from": [ 14, 1.5999999940395355, 10.50000000745058 ], 
            "to":   [ 16, 3.7999999821186066, 16.50000000745058 ], 
            "rotation": { "origin": [8, 8, 8], "axis": "x", "angle": -22.5 }, 
            "faces": {
                "north": { "texture": "#main", "uv": [ 8, 0, 8.5, 0.5499999970197678 ] }, 
                "east":  { "texture": "#main", "uv": [ 8, 0, 9.5, 0.5499999970197678 ] }, 
                "south": { "texture": "#main", "uv": [ 8, 0, 8.5, 0.5499999970197678 ] }, 
                "west":  { "texture": "#main", "uv": [ 8, 0, 9.5, 0.5499999970197678 ] }, 
                "up":    { "texture": "#main", "uv": [ 8, 0, 8.5, 1.5 ] }, 
                "down":  { "texture": "#main", "uv": [ 8, 0, 8.5, 1.5 ] }
            }
        }, 
        {
            "name": "claw2", 
            "from": [ 11, 1.5999999940395355, 9.700000010430813 ], 
            "to":   [ 13, 3.7999999821186066, 16.700000010430813 ], 
            "rotation": { "origin": [8, 8, 8], "axis": "x", "angle": -22.5 }, 
            "faces": {
                "north": { "texture": "#main", "uv": [ 8, 0, 8.5, 0.5499999970197678 ] }, 
                "east":  { "texture": "#main", "uv": [ 8, 0, 9.75, 0.5499999970197678 ] }, 
                "south": { "texture": "#main", "uv": [ 8, 0, 8.5, 0.5499999970197678 ] }, 
                "west":  { "texture": "#main", "uv": [ 8, 0, 9.75, 0.5499999970197678 ] }, 
                "up":    { "texture": "#main", "uv": [ 8, 0, 8.5, 1.75 ] }, 
                "down":  { "texture": "#main", "uv": [ 8, 0, 8.5, 1.75 ] }
            }
        }, 
        {
            "name": "claw3", 
            "from": [ 2, 1.5999999940395355, 10.100000016391277 ], 
            "to":   [ 4, 3.7999999821186066, 17.100000016391277 ], 
            "rotation": { "origin": [8, 8, 8], "axis": "x", "angle": -22.5 }, 
            "faces": {
                "north": { "texture": "#main", "uv": [ 8, 0, 8.5, 0.5499999970197678 ] }, 
                "east":  { "texture": "#main", "uv": [ 8, 0, 9.75, 0.5499999970197678 ] }, 
                "south": { "texture": "#main", "uv": [ 8, 0, 8.5, 0.5499999970197678 ] }, 
                "west":  { "texture": "#main", "uv": [ 8, 0, 9.75, 0.5499999970197678 ] }, 
                "up":    { "texture": "#main", "uv": [ 8, 0, 8.5, 1.75 ] }, 
                "down":  { "texture": "#main", "uv": [ 8, 0, 8.5, 1.75 ] }
            }
        }, 
        {
            "name": "claw3", 
            "from": [ -1, 1.5999999940395355, 10.50000000745058 ], 
            "to":   [ 1, 3.7999999821186066, 16.50000000745058 ], 
            "rotation": { "origin": [8, 8, 8], "axis": "x", "angle": -22.5 }, 
            "faces": {
                "north": { "texture": "#main", "uv": [ 8, 0, 8.5, 0.5499999970197678 ] }, 
                "east":  { "texture": "#main", "uv": [ 8, 0, 9.5, 0.5499999970197678 ] }, 
                "south": { "texture": "#main", "uv": [ 8, 0, 8.5, 0.5499999970197678 ] }, 
                "west":  { "texture": "#main", "uv": [ 8, 0, 9.5, 0.5499999970197678 ] }, 
                "up":    { "texture": "#main", "uv": [ 8, 0, 8.5, 1.5 ] }, 
                "down":  { "texture": "#main", "uv": [ 8, 0, 8.5, 1.5 ] }
            }
        }, 
        {
            "name": "body", 
            "from": [ 5, 1, 2 ], 
            "to":   [ 11, 5, 11 ], 
            "faces": {
                "north": { "texture": "#main", "uv": [ 0, 8, 1.5, 9 ] }, 
                "east":  { "texture": "#main", "uv": [ 0, 8, 2.25, 9 ] }, 
                "south": { "texture": "#main", "uv": [ 0, 8, 1.5, 9 ] }, 
                "west":  { "texture": "#main", "uv": [ 0, 8, 2.25, 9 ] }, 
                "up":    { "texture": "#main", "uv": [ 0, 8, 1.5, 10.25 ] }, 
                "down":  { "texture": "#main", "uv": [ 0, 8, 1.5, 10.25 ] }
            }
        }, 
        {
            "name": "body", 
            "from": [ 5.500000007450581, 0, 0 ], 
            "to":   [ 10.50000000745058, 3, 5 ], 
            "rotation": { "origin": [8, 8, 8], "axis": "x", "angle": 22.5 }, 
            "faces": {
                "north": { "texture": "#main", "uv": [ 0, 8, 1.25, 8.75 ] }, 
                "east":  { "texture": "#main", "uv": [ 0, 8, 1.25, 8.75 ] }, 
                "south": { "texture": "#main", "uv": [ 0, 8, 1.25, 8.75 ] }, 
                "west":  { "texture": "#main", "uv": [ 0, 8, 1.25, 8.75 ] }, 
                "up":    { "texture": "#main", "uv": [ 0, 8, 1.25, 9.25 ] }, 
                "down":  { "texture": "#main", "uv": [ 0, 8, 1.25, 9.25 ] }
            }
        }, 
        {
            "name": "tail", 
            "from": [ 7.500000007450581, -1, 2 ], 
            "to":   [ 8.50000000745058, 0, 3 ], 
            "rotation": { "origin": [8, 8, 8], "axis": "x", "angle": 45 }, 
            "faces": {
                "north": { "texture": "#main", "uv": [ 0, 8, 0.25, 8.25 ] }, 
                "east":  { "texture": "#main", "uv": [ 0, 8, 0.25, 8.25 ] }, 
                "south": { "texture": "#main", "uv": [ 0, 8, 0.25, 8.25 ] }, 
                "west":  { "texture": "#main", "uv": [ 0, 8, 0.25, 8.25 ] }, 
                "up":    { "texture": "#main", "uv": [ 0, 8, 0.25, 8.25 ] }, 
                "down":  { "texture": "#main", "uv": [ 0, 8, 0.25, 8.25 ] }
            }
        }, 
        {
            "name": "tail", 
            "from": [ 7, -1.5000000074505806, -1 ], 
            "to":   [ 9, 0.4999999925494194, 2 ], 
            "rotation": { "origin": [8, 8, 8], "axis": "x", "angle": 45 }, 
            "faces": {
                "north": { "texture": "#main", "uv": [ 0, 8, 0.5, 8.5 ] }, 
                "east":  { "texture": "#main", "uv": [ 0, 8, 0.75, 8.5 ] }, 
                "south": { "texture": "#main", "uv": [ 0, 8, 0.5, 8.5 ] }, 
                "west":  { "texture": "#main", "uv": [ 0, 8, 0.75, 8.5 ] }, 
                "up":    { "texture": "#main", "uv": [ 0, 8, 0.5, 8.75 ] }, 
                "down":  { "texture": "#main", "uv": [ 0, 8, 0.5, 8.75 ] }
            }
        }, 
        {
            "name": "tail", 
            "from": [ 7.500000007450581, 8, -5 ], 
            "to":   [ 8.50000000745058, 10, -4 ], 
            "faces": {
                "north": { "texture": "#main", "uv": [ 0, 8, 0.25, 8.5 ] }, 
                "east":  { "texture": "#main", "uv": [ 0, 8, 0.25, 8.5 ] }, 
                "south": { "texture": "#main", "uv": [ 0, 8, 0.25, 8.5 ] }, 
                "west":  { "texture": "#main", "uv": [ 0, 8, 0.25, 8.5 ] }, 
                "up":    { "texture": "#main", "uv": [ 0, 8, 0.25, 8.25 ] }, 
                "down":  { "texture": "#main", "uv": [ 0, 8, 0.25, 8.25 ] }
            }
        }, 
        {
            "name": "tail", 
            "from": [ 7, 4.799999997019768, -5.500000007450581 ], 
            "to":   [ 9, 7.799999997019768, -3.5000000074505806 ], 
            "rotation": { "origin": [8, 8, 8], "axis": "x", "angle": 22.5 }, 
            "faces": {
                "north": { "texture": "#main", "uv": [ 0, 8, 0.5, 8.75 ] }, 
                "east":  { "texture": "#main", "uv": [ 0, 8, 0.5, 8.75 ] }, 
                "south": { "texture": "#main", "uv": [ 0, 8, 0.5, 8.75 ] }, 
                "west":  { "texture": "#main", "uv": [ 0, 8, 0.5, 8.75 ] }, 
                "up":    { "texture": "#main", "uv": [ 0, 8, 0.5, 8.5 ] }, 
                "down":  { "texture": "#main", "uv": [ 0, 8, 0.5, 8.5 ] }
            }
        }, 
        {
            "name": "tail", 
            "from": [ 7.500000007450581, 7.799999997019768, -5.000000014901161 ], 
            "to":   [ 8.50000000745058, 9.799999997019768, -4.000000014901161 ], 
            "rotation": { "origin": [8, 8, 8], "axis": "x", "angle": 22.5 }, 
            "faces": {
                "north": { "texture": "#main", "uv": [ 0, 8, 0.25, 8.5 ] }, 
                "east":  { "texture": "#main", "uv": [ 0, 8, 0.25, 8.5 ] }, 
                "south": { "texture": "#main", "uv": [ 0, 8, 0.25, 8.5 ] }, 
                "west":  { "texture": "#main", "uv": [ 0, 8, 0.25, 8.5 ] }, 
                "up":    { "texture": "#main", "uv": [ 0, 8, 0.25, 8.25 ] }, 
                "down":  { "texture": "#main", "uv": [ 0, 8, 0.25, 8.25 ] }
            }
        }, 
        {
            "name": "tail", 
            "from": [ 7.4000000059604645, 4.5999999940395355, -4.800000011920929 ], 
            "to":   [ 8.600000008940697, 6.5999999940395355, -3.6000000089406967 ], 
            "rotation": { "origin": [8, 8, 8], "axis": "x", "angle": 45 }, 
            "faces": {
                "north": { "texture": "#main", "uv": [ 0, 8, 0.30000000074505806, 8.5 ] }, 
                "east":  { "texture": "#main", "uv": [ 0, 8, 0.30000000074505806, 8.5 ] }, 
                "south": { "texture": "#main", "uv": [ 0, 8, 0.30000000074505806, 8.5 ] }, 
                "west":  { "texture": "#main", "uv": [ 0, 8, 0.30000000074505806, 8.5 ] }, 
                "up":    { "texture": "#main", "uv": [ 0, 8, 0.30000000074505806, 8.300000000745058 ] }, 
                "down":  { "texture": "#main", "uv": [ 0, 8, 0.30000000074505806, 8.300000000745058 ] }
            }
        }, 
        {
            "name": "tail", 
            "from": [ 7.200000002980232, 15.000000005960464, -1.9000000283122063 ], 
            "to":   [ 8.800000011920929, 16.199999994039537, 1.099999986588955 ], 
            "faces": {
                "north": { "texture": "#main", "uv": [ 0, 8, 0.4000000022351742, 8.299999997019768 ] }, 
                "east":  { "texture": "#main", "uv": [ 0, 8, 0.7500000037252903, 8.299999997019768 ] }, 
                "south": { "texture": "#main", "uv": [ 0, 8, 0.4000000022351742, 8.299999997019768 ] }, 
                "west":  { "texture": "#main", "uv": [ 0, 8, 0.7500000037252903, 8.299999997019768 ] }, 
                "up":    { "texture": "#main", "uv": [ 0, 8, 0.4000000022351742, 8.75000000372529 ] }, 
                "down":  { "texture": "#main", "uv": [ 0, 8, 0.4000000022351742, 8.75000000372529 ] }
            }
        }, 
        {
            "name": "tail", 
            "from": [ 6.699999995529652, 11.199999994039535, -1.9000000283122063 ], 
            "to":   [ 9.300000004470348, 13.399999982118606, 3.099999986588955 ], 
            "rotation": { "origin": [8, 8, 8], "axis": "x", "angle": 22.5 }, 
            "faces": {
                "north": { "texture": "#main", "uv": [ 0, 8, 0.6500000022351742, 8.549999997019768 ] }, 
                "east":  { "texture": "#main", "uv": [ 0, 8, 1.2500000037252903, 8.549999997019768 ] }, 
                "south": { "texture": "#main", "uv": [ 0, 8, 0.6500000022351742, 8.549999997019768 ] }, 
                "west":  { "texture": "#main", "uv": [ 0, 8, 1.2500000037252903, 8.549999997019768 ] }, 
                "up":    { "texture": "#main", "uv": [ 0, 8, 0.6500000022351742, 9.25000000372529 ] }, 
                "down":  { "texture": "#main", "uv": [ 0, 8, 0.6500000022351742, 9.25000000372529 ] }
            }
        }, 
        {
            "name": "stinger", 
            "from": [ 7.699999995529652, 12.199999994039535, 3.0999999716877937 ], 
            "to":   [ 8.200000002980232, 12.699999986588955, 5.299999989569187 ], 
            "rotation": { "origin": [8, 8, 8], "axis": "x", "angle": 22.5 }, 
            "faces": {
                "north": { "texture": "#main", "uv": [ 4, 8, 4.125000001862645, 8.124999998137355 ] }, 
                "east":  { "texture": "#main", "uv": [ 4, 8, 4.550000004470348, 8.124999998137355 ] }, 
                "south": { "texture": "#main", "uv": [ 4, 8, 4.125000001862645, 8.124999998137355 ] }, 
                "west":  { "texture": "#main", "uv": [ 4, 8, 4.550000004470348, 8.124999998137355 ] }, 
                "up":    { "texture": "#main", "uv": [ 4, 8, 4.125000001862645, 8.550000004470348 ] }, 
                "down":  { "texture": "#main", "uv": [ 4, 8, 4.125000001862645, 8.550000004470348 ] }
            }
        }, 
        {
            "name": "head", 
            "from": [ 6, 1.6000000089406967, 11 ], 
            "to":   [ 10, 3.6000000089406967, 13 ], 
            "faces": {
                "north": { "texture": "#main", "uv": [ 0, 12, 1, 12.5 ] }, 
                "east":  { "texture": "#main", "uv": [ 0, 12, 0.5, 12.5 ] }, 
                "south": { "texture": "#main", "uv": [ 0, 12, 1, 12.5 ] }, 
                "west":  { "texture": "#main", "uv": [ 0, 12, 0.5, 12.5 ] }, 
                "up":    { "texture": "#main", "uv": [ 0, 12, 1, 12.5 ] }, 
                "down":  { "texture": "#main", "uv": [ 0, 12, 1, 12.5 ] }
            }
        }, 
        {
            "name": "bump1", 
            "from": [ 6.300000004470348, 2.1000000163912773, 11.49999999254942 ], 
            "to":   [ 7.600000008940697, 4.100000016391277, 13.49999999254942 ], 
            "faces": {
                "north": { "texture": "#main", "uv": [ 4, 12, 4.325000001117587, 12.5 ] }, 
                "east":  { "texture": "#main", "uv": [ 4, 12, 4.5, 12.5 ] }, 
                "south": { "texture": "#main", "uv": [ 0, 12, 0.3250000011175871, 12.5 ] }, 
                "west":  { "texture": "#main", "uv": [ 4, 12, 4.5, 12.5 ] }, 
                "up":    { "texture": "#main", "uv": [ 0, 12, 0.3250000011175871, 12.5 ] }, 
                "down":  { "texture": "#main", "uv": [ 0, 12, 0.3250000011175871, 12.5 ] }
            }
        }, 
        {
            "name": "bump2", 
            "from": [ 8.299999997019768, 2.1000000163912773, 11.49999999254942 ], 
            "to":   [ 9.600000001490116, 4.100000016391277, 13.49999999254942 ], 
            "faces": {
                "north": { "texture": "#main", "uv": [ 4, 12, 4.325000001117587, 12.5 ] }, 
                "east":  { "texture": "#main", "uv": [ 4, 12, 4.5, 12.5 ] }, 
                "south": { "texture": "#main", "uv": [ 0, 12, 0.3250000011175871, 12.5 ] }, 
                "west":  { "texture": "#main", "uv": [ 4, 12, 4.5, 12.5 ] }, 
                "up":    { "texture": "#main", "uv": [ 0, 12, 0.3250000011175871, 12.5 ] }, 
                "down":  { "texture": "#main", "uv": [ 0, 12, 0.3250000011175871, 12.5 ] }
            }
        }, 
        {
            "name": "fang1", 
            "from": [ 7, 1.2000000029802322, 13.50000000745058 ], 
            "to":   [ 7.399999991059303, 3.2000000029802322, 13.699999995529652 ], 
            "faces": {
                "north": { "texture": "#main", "uv": [ 4, 8, 4.099999997764826, 8.5 ] }, 
                "east":  { "texture": "#main", "uv": [ 4, 8, 4.049999997019768, 8.5 ] }, 
                "south": { "texture": "#main", "uv": [ 4, 8, 4.099999997764826, 8.5 ] }, 
                "west":  { "texture": "#main", "uv": [ 4, 8, 4.049999997019768, 8.5 ] }, 
                "up":    { "texture": "#main", "uv": [ 4, 8, 4.099999997764826, 8.049999997019768 ] }, 
                "down":  { "texture": "#main", "uv": [ 4, 8, 4.099999997764826, 8.049999997019768 ] }
            }
        }, 
        {
            "name": "fang2", 
            "from": [ 8.50000000745058, 1.2000000029802322, 13.50000000745058 ], 
            "to":   [ 8.899999998509884, 3.2000000029802322, 13.699999995529652 ], 
            "faces": {
                "north": { "texture": "#main", "uv": [ 4, 8, 4.099999997764826, 8.5 ] }, 
                "east":  { "texture": "#main", "uv": [ 4, 8, 4.049999997019768, 8.5 ] }, 
                "south": { "texture": "#main", "uv": [ 4, 8, 4.099999997764826, 8.5 ] }, 
                "west":  { "texture": "#main", "uv": [ 4, 8, 4.049999997019768, 8.5 ] }, 
                "up":    { "texture": "#main", "uv": [ 4, 8, 4.099999997764826, 8.049999997019768 ] }, 
                "down":  { "texture": "#main", "uv": [ 4, 8, 4.099999997764826, 8.049999997019768 ] }
            }
        }, 
        {
            "name": "leg", 
            "from": [ 6, 2, 3 ], 
            "to":   [ 10, 2.4999999925494194, 3.4999999925494194 ], 
            "rotation": { "origin": [8, 8, 8], "axis": "z", "angle": -45 }, 
            "faces": {
                "north": { "texture": "#main", "uv": [ 4, 12, 5, 12.124999998137355 ] }, 
                "east":  { "texture": "#main", "uv": [ 4, 12, 4.124999998137355, 12.124999998137355 ] }, 
                "south": { "texture": "#main", "uv": [ 4, 12, 5, 12.124999998137355 ] }, 
                "west":  { "texture": "#main", "uv": [ 4, 12, 4.124999998137355, 12.124999998137355 ] }, 
                "up":    { "texture": "#main", "uv": [ 4, 12, 5, 12.124999998137355 ] }, 
                "down":  { "texture": "#main", "uv": [ 4, 12, 5, 12.124999998137355 ] }
            }
        }, 
        {
            "name": "leg", 
            "from": [ 6, 3, 5 ], 
            "to":   [ 10, 3.4999999925494194, 5.499999992549419 ], 
            "rotation": { "origin": [8, 8, 8], "axis": "z", "angle": -45 }, 
            "faces": {
                "north": { "texture": "#main", "uv": [ 4, 12, 5, 12.124999998137355 ] }, 
                "east":  { "texture": "#main", "uv": [ 4, 12, 4.124999998137355, 12.124999998137355 ] }, 
                "south": { "texture": "#main", "uv": [ 4, 12, 5, 12.124999998137355 ] }, 
                "west":  { "texture": "#main", "uv": [ 4, 12, 4.124999998137355, 12.124999998137355 ] }, 
                "up":    { "texture": "#main", "uv": [ 4, 12, 5, 12.124999998137355 ] }, 
                "down":  { "texture": "#main", "uv": [ 4, 12, 5, 12.124999998137355 ] }
            }
        }, 
        {
            "name": "leg", 
            "from": [ 5, 2, 7 ], 
            "to":   [ 8, 2.4999999925494194, 7.499999992549419 ], 
            "rotation": { "origin": [8, 8, 8], "axis": "z", "angle": -22.5 }, 
            "faces": {
                "north": { "texture": "#main", "uv": [ 4, 12, 4.75, 12.124999998137355 ] }, 
                "east":  { "texture": "#main", "uv": [ 4, 12, 4.124999998137355, 12.124999998137355 ] }, 
                "south": { "texture": "#main", "uv": [ 4, 12, 4.75, 12.124999998137355 ] }, 
                "west":  { "texture": "#main", "uv": [ 4, 12, 4.124999998137355, 12.124999998137355 ] }, 
                "up":    { "texture": "#main", "uv": [ 4, 12, 4.75, 12.124999998137355 ] }, 
                "down":  { "texture": "#main", "uv": [ 4, 12, 4.75, 12.124999998137355 ] }
            }
        }, 
        {
            "name": "leg", 
            "from": [ 5, 3, 9 ], 
            "to":   [ 8, 3.4999999925494194, 9.49999999254942 ], 
            "rotation": { "origin": [8, 8, 8], "axis": "z", "angle": -22.5 }, 
            "faces": {
                "north": { "texture": "#main", "uv": [ 4, 12, 4.75, 12.124999998137355 ] }, 
                "east":  { "texture": "#main", "uv": [ 4, 12, 4.124999998137355, 12.124999998137355 ] }, 
                "south": { "texture": "#main", "uv": [ 4, 12, 4.75, 12.124999998137355 ] }, 
                "west":  { "texture": "#main", "uv": [ 4, 12, 4.124999998137355, 12.124999998137355 ] }, 
                "up":    { "texture": "#main", "uv": [ 4, 12, 4.75, 12.124999998137355 ] }, 
                "down":  { "texture": "#main", "uv": [ 4, 12, 4.75, 12.124999998137355 ] }
            }
        }, 
        {
            "name": "leg2", 
            "from": [ 6, 2, 3 ], 
            "to":   [ 10, 2.4999999925494194, 3.4999999925494194 ], 
            "rotation": { "origin": [8, 8, 8], "axis": "z", "angle": 45 }, 
            "faces": {
                "north": { "texture": "#main", "uv": [ 4, 12, 5, 12.124999998137355 ] }, 
                "east":  { "texture": "#main", "uv": [ 4, 12, 4.124999998137355, 12.124999998137355 ] }, 
                "south": { "texture": "#main", "uv": [ 4, 12, 5, 12.124999998137355 ] }, 
                "west":  { "texture": "#main", "uv": [ 4, 12, 4.124999998137355, 12.124999998137355 ] }, 
                "up":    { "texture": "#main", "uv": [ 4, 12, 5, 12.124999998137355 ] }, 
                "down":  { "texture": "#main", "uv": [ 4, 12, 5, 12.124999998137355 ] }
            }
        }, 
        {
            "name": "leg2", 
            "from": [ 6, 3, 5 ], 
            "to":   [ 10, 3.4999999925494194, 5.499999992549419 ], 
            "rotation": { "origin": [8, 8, 8], "axis": "z", "angle": 45 }, 
            "faces": {
                "north": { "texture": "#main", "uv": [ 4, 12, 5, 12.124999998137355 ] }, 
                "east":  { "texture": "#main", "uv": [ 4, 12, 4.124999998137355, 12.124999998137355 ] }, 
                "south": { "texture": "#main", "uv": [ 4, 12, 5, 12.124999998137355 ] }, 
                "west":  { "texture": "#main", "uv": [ 4, 12, 4.124999998137355, 12.124999998137355 ] }, 
                "up":    { "texture": "#main", "uv": [ 4, 12, 5, 12.124999998137355 ] }, 
                "down":  { "texture": "#main", "uv": [ 4, 12, 5, 12.124999998137355 ] }
            }
        }, 
        {
            "name": "leg2", 
            "from": [ 6, 2, 7 ], 
            "to":   [ 12, 2.4999999925494194, 7.499999992549419 ], 
            "rotation": { "origin": [8, 8, 8], "axis": "z", "angle": 22.5 }, 
            "faces": {
                "north": { "texture": "#main", "uv": [ 4, 12, 5.5, 12.124999998137355 ] }, 
                "east":  { "texture": "#main", "uv": [ 4, 12, 4.124999998137355, 12.124999998137355 ] }, 
                "south": { "texture": "#main", "uv": [ 4, 12, 5.5, 12.124999998137355 ] }, 
                "west":  { "texture": "#main", "uv": [ 4, 12, 4.124999998137355, 12.124999998137355 ] }, 
                "up":    { "texture": "#main", "uv": [ 4, 12, 5.5, 12.124999998137355 ] }, 
                "down":  { "texture": "#main", "uv": [ 4, 12, 5.5, 12.124999998137355 ] }
            }
        }, 
        {
            "name": "leg2", 
            "from": [ 8, 3, 9 ], 
            "to":   [ 12, 3.4999999925494194, 9.49999999254942 ], 
            "rotation": { "origin": [8, 8, 8], "axis": "z", "angle": 22.5 }, 
            "faces": {
                "north": { "texture": "#main", "uv": [ 4, 12, 5, 12.124999998137355 ] }, 
                "east":  { "texture": "#main", "uv": [ 4, 12, 4.124999998137355, 12.124999998137355 ] }, 
                "south": { "texture": "#main", "uv": [ 4, 12, 5, 12.124999998137355 ] }, 
                "west":  { "texture": "#main", "uv": [ 4, 12, 4.124999998137355, 12.124999998137355 ] }, 
                "up":    { "texture": "#main", "uv": [ 4, 12, 5, 12.124999998137355 ] }, 
                "down":  { "texture": "#main", "uv": [ 4, 12, 5, 12.124999998137355 ] }
            }
        }, 
        {
            "name": "leg3", 
            "from": [ -4, 9, 2.7999999970197678 ], 
            "to":   [ 3, 9.899999998509884, 3.6999999955296516 ], 
            "rotation": { "origin": [8, 8, 8], "axis": "z", "angle": 45 }, 
            "faces": {
                "north": { "texture": "#main", "uv": [ 4, 12, 5.75, 12.224999999627471 ] }, 
                "east":  { "texture": "#main", "uv": [ 4, 12, 4.224999999627471, 12.224999999627471 ] }, 
                "south": { "texture": "#main", "uv": [ 4, 12, 5.75, 12.224999999627471 ] }, 
                "west":  { "texture": "#main", "uv": [ 4, 12, 4.224999999627471, 12.224999999627471 ] }, 
                "up":    { "texture": "#main", "uv": [ 4, 12, 5.75, 12.224999999627471 ] }, 
                "down":  { "texture": "#main", "uv": [ 4, 12, 5.75, 12.224999999627471 ] }
            }
        }, 
        {
            "name": "leg3", 
            "from": [ -4, 10, 4.799999997019768 ], 
            "to":   [ 3, 10.899999998509884, 5.699999995529652 ], 
            "rotation": { "origin": [8, 8, 8], "axis": "z", "angle": 45 }, 
            "faces": {
                "north": { "texture": "#main", "uv": [ 4, 12, 5.75, 12.224999999627471 ] }, 
                "east":  { "texture": "#main", "uv": [ 4, 12, 4.224999999627471, 12.224999999627471 ] }, 
                "south": { "texture": "#main", "uv": [ 4, 12, 5.75, 12.224999999627471 ] }, 
                "west":  { "texture": "#main", "uv": [ 4, 12, 4.224999999627471, 12.224999999627471 ] }, 
                "up":    { "texture": "#main", "uv": [ 4, 12, 5.75, 12.224999999627471 ] }, 
                "down":  { "texture": "#main", "uv": [ 4, 12, 5.75, 12.224999999627471 ] }
            }
        }, 
        {
            "name": "leg3", 
            "from": [ -3, 8, 6.799999997019768 ], 
            "to":   [ 2, 8.899999998509884, 7.699999995529652 ], 
            "rotation": { "origin": [8, 8, 8], "axis": "z", "angle": 45 }, 
            "faces": {
                "north": { "texture": "#main", "uv": [ 4, 12, 5.25, 12.224999999627471 ] }, 
                "east":  { "texture": "#main", "uv": [ 4, 12, 4.224999999627471, 12.224999999627471 ] }, 
                "south": { "texture": "#main", "uv": [ 4, 12, 5.25, 12.224999999627471 ] }, 
                "west":  { "texture": "#main", "uv": [ 4, 12, 4.224999999627471, 12.224999999627471 ] }, 
                "up":    { "texture": "#main", "uv": [ 4, 12, 5.25, 12.224999999627471 ] }, 
                "down":  { "texture": "#main", "uv": [ 4, 12, 5.25, 12.224999999627471 ] }
            }
        }, 
        {
            "name": "leg3", 
            "from": [ -3, 9, 8.799999997019768 ], 
            "to":   [ 3, 9.899999998509884, 9.699999995529652 ], 
            "rotation": { "origin": [8, 8, 8], "axis": "z", "angle": 45 }, 
            "faces": {
                "north": { "texture": "#main", "uv": [ 4, 12, 5.5, 12.224999999627471 ] }, 
                "east":  { "texture": "#main", "uv": [ 4, 12, 4.224999999627471, 12.224999999627471 ] }, 
                "south": { "texture": "#main", "uv": [ 4, 12, 5.5, 12.224999999627471 ] }, 
                "west":  { "texture": "#main", "uv": [ 4, 12, 4.224999999627471, 12.224999999627471 ] }, 
                "up":    { "texture": "#main", "uv": [ 4, 12, 5.5, 12.224999999627471 ] }, 
                "down":  { "texture": "#main", "uv": [ 4, 12, 5.5, 12.224999999627471 ] }
            }
        }, 
        {
            "name": "leg4", 
            "from": [ 14, 9, 8.799999997019768 ], 
            "to":   [ 19, 9.899999998509884, 9.699999995529652 ], 
            "rotation": { "origin": [8, 8, 8], "axis": "z", "angle": -45 }, 
            "faces": {
                "north": { "texture": "#main", "uv": [ 4, 12, 5.25, 12.224999999627471 ] }, 
                "east":  { "texture": "#main", "uv": [ 4, 12, 4.224999999627471, 12.224999999627471 ] }, 
                "south": { "texture": "#main", "uv": [ 4, 12, 5.25, 12.224999999627471 ] }, 
                "west":  { "texture": "#main", "uv": [ 4, 12, 4.224999999627471, 12.224999999627471 ] }, 
                "up":    { "texture": "#main", "uv": [ 4, 12, 5.25, 12.224999999627471 ] }, 
                "down":  { "texture": "#main", "uv": [ 4, 12, 5.25, 12.224999999627471 ] }
            }
        }, 
        {
            "name": "leg4", 
            "from": [ 14, 8, 6.799999997019768 ], 
            "to":   [ 19, 8.899999998509884, 7.699999995529652 ], 
            "rotation": { "origin": [8, 8, 8], "axis": "z", "angle": -45 }, 
            "faces": {
                "north": { "texture": "#main", "uv": [ 4, 12, 5.25, 12.224999999627471 ] }, 
                "east":  { "texture": "#main", "uv": [ 4, 12, 4.224999999627471, 12.224999999627471 ] }, 
                "south": { "texture": "#main", "uv": [ 4, 12, 5.25, 12.224999999627471 ] }, 
                "west":  { "texture": "#main", "uv": [ 4, 12, 4.224999999627471, 12.224999999627471 ] }, 
                "up":    { "texture": "#main", "uv": [ 4, 12, 5.25, 12.224999999627471 ] }, 
                "down":  { "texture": "#main", "uv": [ 4, 12, 5.25, 12.224999999627471 ] }
            }
        }, 
        {
            "name": "leg4", 
            "from": [ 13, 10, 4.799999997019768 ], 
            "to":   [ 20, 10.899999998509884, 5.699999995529652 ], 
            "rotation": { "origin": [8, 8, 8], "axis": "z", "angle": -45 }, 
            "faces": {
                "north": { "texture": "#main", "uv": [ 4, 12, 5.75, 12.224999999627471 ] }, 
                "east":  { "texture": "#main", "uv": [ 4, 12, 4.224999999627471, 12.224999999627471 ] }, 
                "south": { "texture": "#main", "uv": [ 4, 12, 5.75, 12.224999999627471 ] }, 
                "west":  { "texture": "#main", "uv": [ 4, 12, 4.224999999627471, 12.224999999627471 ] }, 
                "up":    { "texture": "#main", "uv": [ 4, 12, 5.75, 12.224999999627471 ] }, 
                "down":  { "texture": "#main", "uv": [ 4, 12, 5.75, 12.224999999627471 ] }
            }
        }, 
        {
            "name": "leg4", 
            "from": [ 13, 9, 2.7999999970197678 ], 
            "to":   [ 20, 9.899999998509884, 3.6999999955296516 ], 
            "rotation": { "origin": [8, 8, 8], "axis": "z", "angle": -45 }, 
            "faces": {
                "north": { "texture": "#main", "uv": [ 4, 12, 5.75, 12.224999999627471 ] }, 
                "east":  { "texture": "#main", "uv": [ 4, 12, 4.224999999627471, 12.224999999627471 ] }, 
                "south": { "texture": "#main", "uv": [ 4, 12, 5.75, 12.224999999627471 ] }, 
                "west":  { "texture": "#main", "uv": [ 4, 12, 4.224999999627471, 12.224999999627471 ] }, 
                "up":    { "texture": "#main", "uv": [ 4, 12, 5.75, 12.224999999627471 ] }, 
                "down":  { "texture": "#main", "uv": [ 4, 12, 5.75, 12.224999999627471 ] }
            }
        }, 
        {
            "name": "claw1", 
            "from": [ -2, 2, 9.49999999254942 ], 
            "to":   [ 5, 3.999999985098839, 10.49999999254942 ], 
            "rotation": { "origin": [8, 8, 8], "axis": "y", "angle": 22.5 }, 
            "faces": {
                "north": { "texture": "#main", "uv": [ 0, 8, 1.75, 8.49999999627471 ] }, 
                "east":  { "texture": "#main", "uv": [ 0, 8, 0.25, 8.49999999627471 ] }, 
                "south": { "texture": "#main", "uv": [ 0, 8, 1.75, 8.49999999627471 ] }, 
                "west":  { "texture": "#main", "uv": [ 0, 8, 0.25, 8.49999999627471 ] }, 
                "up":    { "texture": "#main", "uv": [ 0, 8, 1.75, 8.25 ] }, 
                "down":  { "texture": "#main", "uv": [ 0, 8, 1.75, 8.25 ] }
            }
        }, 
        {
            "name": "claw1", 
            "from": [ 11, 1.4999999925494194, 9.49999999254942 ], 
            "to":   [ 16.99999998509884, 3.9999999701976776, 10.49999999254942 ], 
            "rotation": { "origin": [8, 8, 8], "axis": "y", "angle": -22.5 }, 
            "faces": {
                "north": { "texture": "#main", "uv": [ 0, 8, 1.4999999962747097, 8.624999994412065 ] }, 
                "east":  { "texture": "#main", "uv": [ 0, 8, 0.25, 8.624999994412065 ] }, 
                "south": { "texture": "#main", "uv": [ 0, 8, 1.4999999962747097, 8.624999994412065 ] }, 
                "west":  { "texture": "#main", "uv": [ 0, 8, 0.25, 8.624999994412065 ] }, 
                "up":    { "texture": "#main", "uv": [ 0, 8, 1.4999999962747097, 8.25 ] }, 
                "down":  { "texture": "#main", "uv": [ 0, 8, 1.4999999962747097, 8.25 ] }
            }
        }, 
        {
            "name": "claw2", 
            "from": [ 14, 1.5999999940395355, 10.50000000745058 ], 
            "to":   [ 16, 3.7999999821186066, 16.50000000745058 ], 
            "rotation": { "origin": [8, 8, 8], "axis": "x", "angle": -22.5 }, 
            "faces": {
                "north": { "texture": "#main", "uv": [ 0, 8, 0.5, 8.549999997019768 ] }, 
                "east":  { "texture": "#main", "uv": [ 0, 8, 1.5, 8.549999997019768 ] }, 
                "south": { "texture": "#main", "uv": [ 0, 8, 0.5, 8.549999997019768 ] }, 
                "west":  { "texture": "#main", "uv": [ 0, 8, 1.5, 8.549999997019768 ] }, 
                "up":    { "texture": "#main", "uv": [ 0, 8, 0.5, 9.5 ] }, 
                "down":  { "texture": "#main", "uv": [ 0, 8, 0.5, 9.5 ] }
            }
        }, 
        {
            "name": "claw2", 
            "from": [ 12, 1.5999999940395355, 9.700000010430813 ], 
            "to":   [ 14, 3.7999999821186066, 16.700000010430813 ], 
            "rotation": { "origin": [8, 8, 8], "axis": "x", "angle": -22.5 }, 
            "faces": {
                "north": { "texture": "#main", "uv": [ 0, 8, 0.5, 8.549999997019768 ] }, 
                "east":  { "texture": "#main", "uv": [ 0, 8, 1.75, 8.549999997019768 ] }, 
                "south": { "texture": "#main", "uv": [ 0, 8, 0.5, 8.549999997019768 ] }, 
                "west":  { "texture": "#main", "uv": [ 0, 8, 1.75, 8.549999997019768 ] }, 
                "up":    { "texture": "#main", "uv": [ 0, 8, 0.5, 9.75 ] }, 
                "down":  { "texture": "#main", "uv": [ 0, 8, 0.5, 9.75 ] }
            }
        }, 
        {
            "name": "claw3", 
            "from": [ 1, 1.5999999940395355, 10.100000016391277 ], 
            "to":   [ 3, 3.7999999821186066, 17.100000016391277 ], 
            "rotation": { "origin": [8, 8, 8], "axis": "x", "angle": -22.5 }, 
            "faces": {
                "north": { "texture": "#main", "uv": [ 0, 8, 0.5, 8.549999997019768 ] }, 
                "east":  { "texture": "#main", "uv": [ 0, 8, 1.75, 8.549999997019768 ] }, 
                "south": { "texture": "#main", "uv": [ 0, 8, 0.5, 8.549999997019768 ] }, 
                "west":  { "texture": "#main", "uv": [ 0, 8, 1.75, 8.549999997019768 ] }, 
                "up":    { "texture": "#main", "uv": [ 0, 8, 0.5, 9.75 ] }, 
                "down":  { "texture": "#main", "uv": [ 0, 8, 0.5, 9.75 ] }
            }
        }, 
        {
            "name": "claw3", 
            "from": [ -1, 1.5999999940395355, 10.50000000745058 ], 
            "to":   [ 1, 3.7999999821186066, 16.50000000745058 ], 
            "rotation": { "origin": [8, 8, 8], "axis": "x", "angle": -22.5 }, 
            "faces": {
                "north": { "texture": "#main", "uv": [ 0, 8, 0.5, 8.549999997019768 ] }, 
                "east":  { "texture": "#main", "uv": [ 0, 8, 1.5, 8.549999997019768 ] }, 
                "south": { "texture": "#main", "uv": [ 0, 8, 0.5, 8.549999997019768 ] }, 
                "west":  { "texture": "#main", "uv": [ 0, 8, 1.5, 8.549999997019768 ] }, 
                "up":    { "texture": "#main", "uv": [ 0, 8, 0.5, 9.5 ] }, 
                "down":  { "texture": "#main", "uv": [ 0, 8, 0.5, 9.5 ] }
            }
        }
    ],
"display": {
    "head": {
        "rotation": [ 0, 180, 0 ],
        "translation": [ 0, -28, 0 ],
        "scale": [ 2, 2, 2 ]
    }
}
}