{
    "__comment": "Model animated using Fizzy's model animator - http://fizzy81.github.io/animated-models/", 
    "textures": {
        "main": "mob/siccitas"
    }, 
    "elements": [
        {
            "name": "Cube", 
            "from": [ 6.500000007450581, 1, 4 ], 
            "to":   [ 9.50000000745058, 3, 8 ], 
            "faces": {
                "north": { "texture": "#main", "uv": [ 0, 0, 2, 2 ] }, 
                "east":  { "texture": "#main", "uv": [ 0, 0, 2, 2 ] }, 
                "south": { "texture": "#main", "uv": [ 0, 0, 2, 2 ] }, 
                "west":  { "texture": "#main", "uv": [ 0, 0, 2, 2 ] }, 
                "up":    { "texture": "#main", "uv": [ 0, 0, 2, 2 ] }, 
                "down":  { "texture": "#main", "uv": [ 0, 0, 2, 2 ] }
            }
        }, 
        {
            "name": "Cube", 
            "from": [ 7, 1.3000000044703484, 8 ], 
            "to":   [ 9, 2.700000010430813, 9.50000000745058 ], 
            "faces": {
                "north": { "texture": "#main", "uv": [ 0, 0, 2, 2 ] }, 
                "east":  { "texture": "#main", "uv": [ 0, 0, 2, 2 ] }, 
                "south": { "texture": "#main", "uv": [ 0, 0, 2, 2 ] }, 
                "west":  { "texture": "#main", "uv": [ 0, 0, 2, 2 ] }, 
                "up":    { "texture": "#main", "uv": [ 0, 0, 2, 2 ] }, 
                "down":  { "texture": "#main", "uv": [ 0, 0, 2, 2 ] }
            }
        }, 
        {
            "name": "eye", 
            "from": [ 6.899999998509884, 1.9000000059604645, 8.799999997019768 ], 
            "to":   [ 7.799999997019768, 3.399999998509884, 9.700000010430813 ], 
            "faces": {
                "north": { "texture": "#main", "uv": [ 4, 0, 6, 2 ] }, 
                "east":  { "texture": "#main", "uv": [ 4, 0, 6, 2 ] }, 
                "south": { "texture": "#main", "uv": [ 4, 0, 6, 2 ] }, 
                "west":  { "texture": "#main", "uv": [ 4, 0, 6, 2 ] }, 
                "up":    { "texture": "#main", "uv": [ 4, 0, 6, 2 ] }, 
                "down":  { "texture": "#main", "uv": [ 4, 0, 6, 2 ] }
            }
        }, 
        {
            "name": "eye", 
            "from": [ 8.200000001490116, 1.9000000059604645, 8.799999997019768 ], 
            "to":   [ 9.1, 3.399999998509884, 9.700000010430813 ], 
            "faces": {
                "north": { "texture": "#main", "uv": [ 4, 0, 6, 2 ] }, 
                "east":  { "texture": "#main", "uv": [ 4, 0, 6, 2 ] }, 
                "south": { "texture": "#main", "uv": [ 4, 0, 6, 2 ] }, 
                "west":  { "texture": "#main", "uv": [ 4, 0, 6, 2 ] }, 
                "up":    { "texture": "#main", "uv": [ 4, 0, 6, 2 ] }, 
                "down":  { "texture": "#main", "uv": [ 4, 0, 6, 2 ] }
            }
        }, 
        {
            "name": "fang", 
            "from": [ 7.199999988079071, 0.9000000059604645, 9 ], 
            "to":   [ 7.999999985098839, 1.7000000029802322, 11.000000014901161 ], 
            "rotation": { "origin": [8, 8, 8], "axis": "y", "angle": 45 }, 
            "faces": {
                "north": { "texture": "#main", "uv": [ 4, 0, 6, 2 ] }, 
                "east":  { "texture": "#main", "uv": [ 4, 0, 6, 2 ] }, 
                "south": { "texture": "#main", "uv": [ 4, 0, 6, 2 ] }, 
                "west":  { "texture": "#main", "uv": [ 4, 0, 6, 2 ] }, 
                "up":    { "texture": "#main", "uv": [ 4, 0, 6, 2 ] }, 
                "down":  { "texture": "#main", "uv": [ 4, 0, 6, 2 ] }
            }
        }, 
        {
            "name": "fang", 
            "from": [ 8, 0.9000000059604645, 9.100000001490116 ], 
            "to":   [ 8.799999997019768, 1.7000000029802322, 11.100000016391277 ], 
            "rotation": { "origin": [8, 8, 8], "axis": "y", "angle": -45 }, 
            "faces": {
                "north": { "texture": "#main", "uv": [ 4, 0, 6, 2 ] }, 
                "east":  { "texture": "#main", "uv": [ 4, 0, 6, 2 ] }, 
                "south": { "texture": "#main", "uv": [ 4, 0, 6, 2 ] }, 
                "west":  { "texture": "#main", "uv": [ 4, 0, 6, 2 ] }, 
                "up":    { "texture": "#main", "uv": [ 4, 0, 6, 2 ] }, 
                "down":  { "texture": "#main", "uv": [ 4, 0, 6, 2 ] }
            }
        }, 
        {
            "name": "fang", 
            "from": [ 9.299999989569187, 1.0000000074505806, 10 ], 
            "to":   [ 9.999999985098839, 1.5, 12.000000014901161 ], 
            "faces": {
                "north": { "texture": "#main", "uv": [ 4, 0, 6, 2 ] }, 
                "east":  { "texture": "#main", "uv": [ 4, 0, 6, 2 ] }, 
                "south": { "texture": "#main", "uv": [ 4, 0, 6, 2 ] }, 
                "west":  { "texture": "#main", "uv": [ 4, 0, 6, 2 ] }, 
                "up":    { "texture": "#main", "uv": [ 4, 0, 6, 2 ] }, 
                "down":  { "texture": "#main", "uv": [ 4, 0, 6, 2 ] }
            }
        }, 
        {
            "name": "fang", 
            "from": [ 6, 1.0000000074505806, 10 ], 
            "to":   [ 6.699999995529652, 1.5, 12.000000014901161 ], 
            "faces": {
                "north": { "texture": "#main", "uv": [ 4, 0, 6, 2 ] }, 
                "east":  { "texture": "#main", "uv": [ 4, 0, 6, 2 ] }, 
                "south": { "texture": "#main", "uv": [ 4, 0, 6, 2 ] }, 
                "west":  { "texture": "#main", "uv": [ 4, 0, 6, 2 ] }, 
                "up":    { "texture": "#main", "uv": [ 4, 0, 6, 2 ] }, 
                "down":  { "texture": "#main", "uv": [ 4, 0, 6, 2 ] }
            }
        }, 
        {
            "name": "leg", 
            "from": [ 2.5000000074505806, 3, 5 ], 
            "to":   [ 4.500000007450581, 3.4999999925494194, 5.499999992549419 ], 
            "rotation": { "origin": [8, 8, 8], "axis": "z", "angle": 22.5 }, 
            "faces": {
                "north": { "texture": "#main", "uv": [ 0, 0, 2, 2 ] }, 
                "east":  { "texture": "#main", "uv": [ 0, 0, 2, 2 ] }, 
                "south": { "texture": "#main", "uv": [ 0, 0, 2, 2 ] }, 
                "west":  { "texture": "#main", "uv": [ 0, 0, 2, 2 ] }, 
                "up":    { "texture": "#main", "uv": [ 0, 0, 2, 2 ] }, 
                "down":  { "texture": "#main", "uv": [ 0, 0, 2, 2 ] }
            }
        }, 
        {
            "name": "leg", 
            "from": [ -0.4999999925494194, 5.500000007450581, 5.100000001490116 ], 
            "to":   [ 1.5000000074505806, 5.899999998509884, 5.399999991059303 ], 
            "rotation": { "origin": [8, 8, 8], "axis": "z", "angle": 45 }, 
            "faces": {
                "north": { "texture": "#main", "uv": [ 4, 0, 6, 2 ] }, 
                "east":  { "texture": "#main", "uv": [ 4, 0, 6, 2 ] }, 
                "south": { "texture": "#main", "uv": [ 4, 0, 6, 2 ] }, 
                "west":  { "texture": "#main", "uv": [ 4, 0, 6, 2 ] }, 
                "up":    { "texture": "#main", "uv": [ 4, 0, 6, 2 ] }, 
                "down":  { "texture": "#main", "uv": [ 4, 0, 6, 2 ] }
            }
        }, 
        {
            "name": "leg", 
            "from": [ 2.5000000074505806, 2.4999999925494194, 6 ], 
            "to":   [ 4.500000007450581, 2.999999985098839, 6.499999992549419 ], 
            "rotation": { "origin": [8, 8, 8], "axis": "z", "angle": 22.5 }, 
            "faces": {
                "north": { "texture": "#main", "uv": [ 0, 0, 2, 2 ] }, 
                "east":  { "texture": "#main", "uv": [ 0, 0, 2, 2 ] }, 
                "south": { "texture": "#main", "uv": [ 0, 0, 2, 2 ] }, 
                "west":  { "texture": "#main", "uv": [ 0, 0, 2, 2 ] }, 
                "up":    { "texture": "#main", "uv": [ 0, 0, 2, 2 ] }, 
                "down":  { "texture": "#main", "uv": [ 0, 0, 2, 2 ] }
            }
        }, 
        {
            "name": "leg", 
            "from": [ -0.4999999925494194, 5, 6.100000001490116 ], 
            "to":   [ 1.5000000074505806, 5.399999991059303, 6.399999991059303 ], 
            "rotation": { "origin": [8, 8, 8], "axis": "z", "angle": 45 }, 
            "faces": {
                "north": { "texture": "#main", "uv": [ 4, 0, 6, 2 ] }, 
                "east":  { "texture": "#main", "uv": [ 4, 0, 6, 2 ] }, 
                "south": { "texture": "#main", "uv": [ 4, 0, 6, 2 ] }, 
                "west":  { "texture": "#main", "uv": [ 4, 0, 6, 2 ] }, 
                "up":    { "texture": "#main", "uv": [ 4, 0, 6, 2 ] }, 
                "down":  { "texture": "#main", "uv": [ 4, 0, 6, 2 ] }
            }
        }, 
        {
            "name": "leg", 
            "from": [ 2.5000000074505806, 3, 7 ], 
            "to":   [ 4.500000007450581, 3.4999999925494194, 7.499999992549419 ], 
            "rotation": { "origin": [8, 8, 8], "axis": "z", "angle": 22.5 }, 
            "faces": {
                "north": { "texture": "#main", "uv": [ 0, 0, 2, 2 ] }, 
                "east":  { "texture": "#main", "uv": [ 0, 0, 2, 2 ] }, 
                "south": { "texture": "#main", "uv": [ 0, 0, 2, 2 ] }, 
                "west":  { "texture": "#main", "uv": [ 0, 0, 2, 2 ] }, 
                "up":    { "texture": "#main", "uv": [ 0, 0, 2, 2 ] }, 
                "down":  { "texture": "#main", "uv": [ 0, 0, 2, 2 ] }
            }
        }, 
        {
            "name": "leg", 
            "from": [ -0.4999999925494194, 5.500000007450581, 7.100000001490116 ], 
            "to":   [ 1.5000000074505806, 5.899999998509884, 7.399999991059303 ], 
            "rotation": { "origin": [8, 8, 8], "axis": "z", "angle": 45 }, 
            "faces": {
                "north": { "texture": "#main", "uv": [ 4, 0, 6, 2 ] }, 
                "east":  { "texture": "#main", "uv": [ 4, 0, 6, 2 ] }, 
                "south": { "texture": "#main", "uv": [ 4, 0, 6, 2 ] }, 
                "west":  { "texture": "#main", "uv": [ 4, 0, 6, 2 ] }, 
                "up":    { "texture": "#main", "uv": [ 4, 0, 6, 2 ] }, 
                "down":  { "texture": "#main", "uv": [ 4, 0, 6, 2 ] }
            }
        }, 
        {
            "name": "leg2", 
            "from": [ 11.50000000745058, 2.4999999925494194, 5 ], 
            "to":   [ 13.50000000745058, 2.999999985098839, 5.499999992549419 ], 
            "rotation": { "origin": [8, 8, 8], "axis": "z", "angle": -22.5 }, 
            "faces": {
                "north": { "texture": "#main", "uv": [ 0, 0, 2, 2 ] }, 
                "east":  { "texture": "#main", "uv": [ 0, 0, 2, 2 ] }, 
                "south": { "texture": "#main", "uv": [ 0, 0, 2, 2 ] }, 
                "west":  { "texture": "#main", "uv": [ 0, 0, 2, 2 ] }, 
                "up":    { "texture": "#main", "uv": [ 0, 0, 2, 2 ] }, 
                "down":  { "texture": "#main", "uv": [ 0, 0, 2, 2 ] }
            }
        }, 
        {
            "name": "leg2", 
            "from": [ 14.50000000745058, 5, 5.100000001490116 ], 
            "to":   [ 16.50000000745058, 5.399999991059303, 5.399999991059303 ], 
            "rotation": { "origin": [8, 8, 8], "axis": "z", "angle": -45 }, 
            "faces": {
                "north": { "texture": "#main", "uv": [ 4, 0, 6, 2 ] }, 
                "east":  { "texture": "#main", "uv": [ 4, 0, 6, 2 ] }, 
                "south": { "texture": "#main", "uv": [ 4, 0, 6, 2 ] }, 
                "west":  { "texture": "#main", "uv": [ 4, 0, 6, 2 ] }, 
                "up":    { "texture": "#main", "uv": [ 4, 0, 6, 2 ] }, 
                "down":  { "texture": "#main", "uv": [ 4, 0, 6, 2 ] }
            }
        }, 
        {
            "name": "leg2", 
            "from": [ 11.50000000745058, 3, 6 ], 
            "to":   [ 13.50000000745058, 3.4999999925494194, 6.499999992549419 ], 
            "rotation": { "origin": [8, 8, 8], "axis": "z", "angle": -22.5 }, 
            "faces": {
                "north": { "texture": "#main", "uv": [ 0, 0, 2, 2 ] }, 
                "east":  { "texture": "#main", "uv": [ 0, 0, 2, 2 ] }, 
                "south": { "texture": "#main", "uv": [ 0, 0, 2, 2 ] }, 
                "west":  { "texture": "#main", "uv": [ 0, 0, 2, 2 ] }, 
                "up":    { "texture": "#main", "uv": [ 0, 0, 2, 2 ] }, 
                "down":  { "texture": "#main", "uv": [ 0, 0, 2, 2 ] }
            }
        }, 
        {
            "name": "leg2", 
            "from": [ 14.50000000745058, 5.500000007450581, 6.100000001490116 ], 
            "to":   [ 16.50000000745058, 5.899999998509884, 6.399999991059303 ], 
            "rotation": { "origin": [8, 8, 8], "axis": "z", "angle": -45 }, 
            "faces": {
                "north": { "texture": "#main", "uv": [ 4, 0, 6, 2 ] }, 
                "east":  { "texture": "#main", "uv": [ 4, 0, 6, 2 ] }, 
                "south": { "texture": "#main", "uv": [ 4, 0, 6, 2 ] }, 
                "west":  { "texture": "#main", "uv": [ 4, 0, 6, 2 ] }, 
                "up":    { "texture": "#main", "uv": [ 4, 0, 6, 2 ] }, 
                "down":  { "texture": "#main", "uv": [ 4, 0, 6, 2 ] }
            }
        }, 
        {
            "name": "leg2", 
            "from": [ 11.50000000745058, 2.4999999925494194, 7 ], 
            "to":   [ 13.50000000745058, 2.999999985098839, 7.499999992549419 ], 
            "rotation": { "origin": [8, 8, 8], "axis": "z", "angle": -22.5 }, 
            "faces": {
                "north": { "texture": "#main", "uv": [ 0, 0, 2, 2 ] }, 
                "east":  { "texture": "#main", "uv": [ 0, 0, 2, 2 ] }, 
                "south": { "texture": "#main", "uv": [ 0, 0, 2, 2 ] }, 
                "west":  { "texture": "#main", "uv": [ 0, 0, 2, 2 ] }, 
                "up":    { "texture": "#main", "uv": [ 0, 0, 2, 2 ] }, 
                "down":  { "texture": "#main", "uv": [ 0, 0, 2, 2 ] }
            }
        }, 
        {
            "name": "leg2", 
            "from": [ 14.50000000745058, 5, 7.100000001490116 ], 
            "to":   [ 16.50000000745058, 5.399999991059303, 7.399999991059303 ], 
            "rotation": { "origin": [8, 8, 8], "axis": "z", "angle": -45 }, 
            "faces": {
                "north": { "texture": "#main", "uv": [ 4, 0, 6, 2 ] }, 
                "east":  { "texture": "#main", "uv": [ 4, 0, 6, 2 ] }, 
                "south": { "texture": "#main", "uv": [ 4, 0, 6, 2 ] }, 
                "west":  { "texture": "#main", "uv": [ 4, 0, 6, 2 ] }, 
                "up":    { "texture": "#main", "uv": [ 4, 0, 6, 2 ] }, 
                "down":  { "texture": "#main", "uv": [ 4, 0, 6, 2 ] }
            }
        }, 
        {
            "name": "Cube", 
            "from": [ 6.500000007450581, 1, 4 ], 
            "to":   [ 9.50000000745058, 3, 8 ], 
            "faces": {
                "north": { "texture": "#main", "uv": [ 8, 0, 10, 2 ] }, 
                "east":  { "texture": "#main", "uv": [ 8, 0, 10, 2 ] }, 
                "south": { "texture": "#main", "uv": [ 8, 0, 10, 2 ] }, 
                "west":  { "texture": "#main", "uv": [ 8, 0, 10, 2 ] }, 
                "up":    { "texture": "#main", "uv": [ 8, 0, 10, 2 ] }, 
                "down":  { "texture": "#main", "uv": [ 8, 0, 10, 2 ] }
            }
        }, 
        {
            "name": "Cube", 
            "from": [ 7, 1.3000000044703484, 8 ], 
            "to":   [ 9, 2.700000010430813, 9.50000000745058 ], 
            "faces": {
                "north": { "texture": "#main", "uv": [ 8, 0, 10, 2 ] }, 
                "east":  { "texture": "#main", "uv": [ 8, 0, 10, 2 ] }, 
                "south": { "texture": "#main", "uv": [ 8, 0, 10, 2 ] }, 
                "west":  { "texture": "#main", "uv": [ 8, 0, 10, 2 ] }, 
                "up":    { "texture": "#main", "uv": [ 8, 0, 10, 2 ] }, 
                "down":  { "texture": "#main", "uv": [ 8, 0, 10, 2 ] }
            }
        }, 
        {
            "name": "eye", 
            "from": [ 6.899999998509884, 1.9000000059604645, 8.799999997019768 ], 
            "to":   [ 7.799999997019768, 3.399999998509884, 9.700000010430813 ], 
            "faces": {
                "north": { "texture": "#main", "uv": [ 12, 0, 14, 2 ] }, 
                "east":  { "texture": "#main", "uv": [ 12, 0, 14, 2 ] }, 
                "south": { "texture": "#main", "uv": [ 12, 0, 14, 2 ] }, 
                "west":  { "texture": "#main", "uv": [ 12, 0, 14, 2 ] }, 
                "up":    { "texture": "#main", "uv": [ 12, 0, 14, 2 ] }, 
                "down":  { "texture": "#main", "uv": [ 12, 0, 14, 2 ] }
            }
        }, 
        {
            "name": "eye", 
            "from": [ 8.200000001490116, 1.9000000059604645, 8.799999997019768 ], 
            "to":   [ 9.1, 3.399999998509884, 9.700000010430813 ], 
            "faces": {
                "north": { "texture": "#main", "uv": [ 12, 0, 14, 2 ] }, 
                "east":  { "texture": "#main", "uv": [ 12, 0, 14, 2 ] }, 
                "south": { "texture": "#main", "uv": [ 12, 0, 14, 2 ] }, 
                "west":  { "texture": "#main", "uv": [ 12, 0, 14, 2 ] }, 
                "up":    { "texture": "#main", "uv": [ 12, 0, 14, 2 ] }, 
                "down":  { "texture": "#main", "uv": [ 12, 0, 14, 2 ] }
            }
        }, 
        {
            "name": "fang", 
            "from": [ 7.199999988079071, 0.9000000059604645, 9 ], 
            "to":   [ 7.999999985098839, 1.7000000029802322, 11.000000014901161 ], 
            "rotation": { "origin": [8, 8, 8], "axis": "y", "angle": 45 }, 
            "faces": {
                "north": { "texture": "#main", "uv": [ 12, 0, 14, 2 ] }, 
                "east":  { "texture": "#main", "uv": [ 12, 0, 14, 2 ] }, 
                "south": { "texture": "#main", "uv": [ 12, 0, 14, 2 ] }, 
                "west":  { "texture": "#main", "uv": [ 12, 0, 14, 2 ] }, 
                "up":    { "texture": "#main", "uv": [ 12, 0, 14, 2 ] }, 
                "down":  { "texture": "#main", "uv": [ 12, 0, 14, 2 ] }
            }
        }, 
        {
            "name": "fang", 
            "from": [ 8, 0.9000000059604645, 9.100000001490116 ], 
            "to":   [ 8.799999997019768, 1.7000000029802322, 11.100000016391277 ], 
            "rotation": { "origin": [8, 8, 8], "axis": "y", "angle": -45 }, 
            "faces": {
                "north": { "texture": "#main", "uv": [ 12, 0, 14, 2 ] }, 
                "east":  { "texture": "#main", "uv": [ 12, 0, 14, 2 ] }, 
                "south": { "texture": "#main", "uv": [ 12, 0, 14, 2 ] }, 
                "west":  { "texture": "#main", "uv": [ 12, 0, 14, 2 ] }, 
                "up":    { "texture": "#main", "uv": [ 12, 0, 14, 2 ] }, 
                "down":  { "texture": "#main", "uv": [ 12, 0, 14, 2 ] }
            }
        }, 
        {
            "name": "fang", 
            "from": [ 9.299999989569187, 1.0000000074505806, 10 ], 
            "to":   [ 9.999999985098839, 1.5, 12.000000014901161 ], 
            "faces": {
                "north": { "texture": "#main", "uv": [ 12, 0, 14, 2 ] }, 
                "east":  { "texture": "#main", "uv": [ 12, 0, 14, 2 ] }, 
                "south": { "texture": "#main", "uv": [ 12, 0, 14, 2 ] }, 
                "west":  { "texture": "#main", "uv": [ 12, 0, 14, 2 ] }, 
                "up":    { "texture": "#main", "uv": [ 12, 0, 14, 2 ] }, 
                "down":  { "texture": "#main", "uv": [ 12, 0, 14, 2 ] }
            }
        }, 
        {
            "name": "fang", 
            "from": [ 6, 1.0000000074505806, 10 ], 
            "to":   [ 6.699999995529652, 1.5, 12.000000014901161 ], 
            "faces": {
                "north": { "texture": "#main", "uv": [ 12, 0, 14, 2 ] }, 
                "east":  { "texture": "#main", "uv": [ 12, 0, 14, 2 ] }, 
                "south": { "texture": "#main", "uv": [ 12, 0, 14, 2 ] }, 
                "west":  { "texture": "#main", "uv": [ 12, 0, 14, 2 ] }, 
                "up":    { "texture": "#main", "uv": [ 12, 0, 14, 2 ] }, 
                "down":  { "texture": "#main", "uv": [ 12, 0, 14, 2 ] }
            }
        }, 
        {
            "name": "leg", 
            "from": [ 2.5000000074505806, 2.4999999925494194, 5 ], 
            "to":   [ 4.500000007450581, 2.999999985098839, 5.499999992549419 ], 
            "rotation": { "origin": [8, 8, 8], "axis": "z", "angle": 22.5 }, 
            "faces": {
                "north": { "texture": "#main", "uv": [ 8, 0, 10, 2 ] }, 
                "east":  { "texture": "#main", "uv": [ 8, 0, 10, 2 ] }, 
                "south": { "texture": "#main", "uv": [ 8, 0, 10, 2 ] }, 
                "west":  { "texture": "#main", "uv": [ 8, 0, 10, 2 ] }, 
                "up":    { "texture": "#main", "uv": [ 8, 0, 10, 2 ] }, 
                "down":  { "texture": "#main", "uv": [ 8, 0, 10, 2 ] }
            }
        }, 
        {
            "name": "leg", 
            "from": [ -0.4999999925494194, 5, 5.100000001490116 ], 
            "to":   [ 1.5000000074505806, 5.399999991059303, 5.399999991059303 ], 
            "rotation": { "origin": [8, 8, 8], "axis": "z", "angle": 45 }, 
            "faces": {
                "north": { "texture": "#main", "uv": [ 12, 0, 14, 2 ] }, 
                "east":  { "texture": "#main", "uv": [ 12, 0, 14, 2 ] }, 
                "south": { "texture": "#main", "uv": [ 12, 0, 14, 2 ] }, 
                "west":  { "texture": "#main", "uv": [ 12, 0, 14, 2 ] }, 
                "up":    { "texture": "#main", "uv": [ 12, 0, 14, 2 ] }, 
                "down":  { "texture": "#main", "uv": [ 12, 0, 14, 2 ] }
            }
        }, 
        {
            "name": "leg", 
            "from": [ 2.5000000074505806, 3, 6 ], 
            "to":   [ 4.500000007450581, 3.4999999925494194, 6.499999992549419 ], 
            "rotation": { "origin": [8, 8, 8], "axis": "z", "angle": 22.5 }, 
            "faces": {
                "north": { "texture": "#main", "uv": [ 8, 0, 10, 2 ] }, 
                "east":  { "texture": "#main", "uv": [ 8, 0, 10, 2 ] }, 
                "south": { "texture": "#main", "uv": [ 8, 0, 10, 2 ] }, 
                "west":  { "texture": "#main", "uv": [ 8, 0, 10, 2 ] }, 
                "up":    { "texture": "#main", "uv": [ 8, 0, 10, 2 ] }, 
                "down":  { "texture": "#main", "uv": [ 8, 0, 10, 2 ] }
            }
        }, 
        {
            "name": "leg", 
            "from": [ -0.4999999925494194, 5.500000007450581, 6.100000001490116 ], 
            "to":   [ 1.5000000074505806, 5.899999998509884, 6.399999991059303 ], 
            "rotation": { "origin": [8, 8, 8], "axis": "z", "angle": 45 }, 
            "faces": {
                "north": { "texture": "#main", "uv": [ 12, 0, 14, 2 ] }, 
                "east":  { "texture": "#main", "uv": [ 12, 0, 14, 2 ] }, 
                "south": { "texture": "#main", "uv": [ 12, 0, 14, 2 ] }, 
                "west":  { "texture": "#main", "uv": [ 12, 0, 14, 2 ] }, 
                "up":    { "texture": "#main", "uv": [ 12, 0, 14, 2 ] }, 
                "down":  { "texture": "#main", "uv": [ 12, 0, 14, 2 ] }
            }
        }, 
        {
            "name": "leg", 
            "from": [ 2.5000000074505806, 2.4999999925494194, 7 ], 
            "to":   [ 4.500000007450581, 2.999999985098839, 7.499999992549419 ], 
            "rotation": { "origin": [8, 8, 8], "axis": "z", "angle": 22.5 }, 
            "faces": {
                "north": { "texture": "#main", "uv": [ 8, 0, 10, 2 ] }, 
                "east":  { "texture": "#main", "uv": [ 8, 0, 10, 2 ] }, 
                "south": { "texture": "#main", "uv": [ 8, 0, 10, 2 ] }, 
                "west":  { "texture": "#main", "uv": [ 8, 0, 10, 2 ] }, 
                "up":    { "texture": "#main", "uv": [ 8, 0, 10, 2 ] }, 
                "down":  { "texture": "#main", "uv": [ 8, 0, 10, 2 ] }
            }
        }, 
        {
            "name": "leg", 
            "from": [ -0.4999999925494194, 5, 7.100000001490116 ], 
            "to":   [ 1.5000000074505806, 5.399999991059303, 7.399999991059303 ], 
            "rotation": { "origin": [8, 8, 8], "axis": "z", "angle": 45 }, 
            "faces": {
                "north": { "texture": "#main", "uv": [ 12, 0, 14, 2 ] }, 
                "east":  { "texture": "#main", "uv": [ 12, 0, 14, 2 ] }, 
                "south": { "texture": "#main", "uv": [ 12, 0, 14, 2 ] }, 
                "west":  { "texture": "#main", "uv": [ 12, 0, 14, 2 ] }, 
                "up":    { "texture": "#main", "uv": [ 12, 0, 14, 2 ] }, 
                "down":  { "texture": "#main", "uv": [ 12, 0, 14, 2 ] }
            }
        }, 
        {
            "name": "leg2", 
            "from": [ 11.50000000745058, 3, 5 ], 
            "to":   [ 13.50000000745058, 3.4999999925494194, 5.499999992549419 ], 
            "rotation": { "origin": [8, 8, 8], "axis": "z", "angle": -22.5 }, 
            "faces": {
                "north": { "texture": "#main", "uv": [ 8, 0, 10, 2 ] }, 
                "east":  { "texture": "#main", "uv": [ 8, 0, 10, 2 ] }, 
                "south": { "texture": "#main", "uv": [ 8, 0, 10, 2 ] }, 
                "west":  { "texture": "#main", "uv": [ 8, 0, 10, 2 ] }, 
                "up":    { "texture": "#main", "uv": [ 8, 0, 10, 2 ] }, 
                "down":  { "texture": "#main", "uv": [ 8, 0, 10, 2 ] }
            }
        }, 
        {
            "name": "leg2", 
            "from": [ 14.50000000745058, 5.500000007450581, 5.100000001490116 ], 
            "to":   [ 16.50000000745058, 5.899999998509884, 5.399999991059303 ], 
            "rotation": { "origin": [8, 8, 8], "axis": "z", "angle": -45 }, 
            "faces": {
                "north": { "texture": "#main", "uv": [ 12, 0, 14, 2 ] }, 
                "east":  { "texture": "#main", "uv": [ 12, 0, 14, 2 ] }, 
                "south": { "texture": "#main", "uv": [ 12, 0, 14, 2 ] }, 
                "west":  { "texture": "#main", "uv": [ 12, 0, 14, 2 ] }, 
                "up":    { "texture": "#main", "uv": [ 12, 0, 14, 2 ] }, 
                "down":  { "texture": "#main", "uv": [ 12, 0, 14, 2 ] }
            }
        }, 
        {
            "name": "leg2", 
            "from": [ 11.50000000745058, 2.4999999925494194, 6 ], 
            "to":   [ 13.50000000745058, 2.999999985098839, 6.499999992549419 ], 
            "rotation": { "origin": [8, 8, 8], "axis": "z", "angle": -22.5 }, 
            "faces": {
                "north": { "texture": "#main", "uv": [ 8, 0, 10, 2 ] }, 
                "east":  { "texture": "#main", "uv": [ 8, 0, 10, 2 ] }, 
                "south": { "texture": "#main", "uv": [ 8, 0, 10, 2 ] }, 
                "west":  { "texture": "#main", "uv": [ 8, 0, 10, 2 ] }, 
                "up":    { "texture": "#main", "uv": [ 8, 0, 10, 2 ] }, 
                "down":  { "texture": "#main", "uv": [ 8, 0, 10, 2 ] }
            }
        }, 
        {
            "name": "leg2", 
            "from": [ 14.50000000745058, 5, 6.100000001490116 ], 
            "to":   [ 16.50000000745058, 5.399999991059303, 6.399999991059303 ], 
            "rotation": { "origin": [8, 8, 8], "axis": "z", "angle": -45 }, 
            "faces": {
                "north": { "texture": "#main", "uv": [ 12, 0, 14, 2 ] }, 
                "east":  { "texture": "#main", "uv": [ 12, 0, 14, 2 ] }, 
                "south": { "texture": "#main", "uv": [ 12, 0, 14, 2 ] }, 
                "west":  { "texture": "#main", "uv": [ 12, 0, 14, 2 ] }, 
                "up":    { "texture": "#main", "uv": [ 12, 0, 14, 2 ] }, 
                "down":  { "texture": "#main", "uv": [ 12, 0, 14, 2 ] }
            }
        }, 
        {
            "name": "leg2", 
            "from": [ 11.50000000745058, 3, 7 ], 
            "to":   [ 13.50000000745058, 3.4999999925494194, 7.499999992549419 ], 
            "rotation": { "origin": [8, 8, 8], "axis": "z", "angle": -22.5 }, 
            "faces": {
                "north": { "texture": "#main", "uv": [ 8, 0, 10, 2 ] }, 
                "east":  { "texture": "#main", "uv": [ 8, 0, 10, 2 ] }, 
                "south": { "texture": "#main", "uv": [ 8, 0, 10, 2 ] }, 
                "west":  { "texture": "#main", "uv": [ 8, 0, 10, 2 ] }, 
                "up":    { "texture": "#main", "uv": [ 8, 0, 10, 2 ] }, 
                "down":  { "texture": "#main", "uv": [ 8, 0, 10, 2 ] }
            }
        }, 
        {
            "name": "leg2", 
            "from": [ 14.50000000745058, 5.500000007450581, 7.100000001490116 ], 
            "to":   [ 16.50000000745058, 5.899999998509884, 7.399999991059303 ], 
            "rotation": { "origin": [8, 8, 8], "axis": "z", "angle": -45 }, 
            "faces": {
                "north": { "texture": "#main", "uv": [ 12, 0, 14, 2 ] }, 
                "east":  { "texture": "#main", "uv": [ 12, 0, 14, 2 ] }, 
                "south": { "texture": "#main", "uv": [ 12, 0, 14, 2 ] }, 
                "west":  { "texture": "#main", "uv": [ 12, 0, 14, 2 ] }, 
                "up":    { "texture": "#main", "uv": [ 12, 0, 14, 2 ] }, 
                "down":  { "texture": "#main", "uv": [ 12, 0, 14, 2 ] }
            }
        }, 
        {
            "name": "Cube", 
            "from": [ 6.500000007450581, 1, 4 ], 
            "to":   [ 9.50000000745058, 3, 8 ], 
            "faces": {
                "north": { "texture": "#main", "uv": [ 0, 8, 2, 10 ] }, 
                "east":  { "texture": "#main", "uv": [ 0, 8, 2, 10 ] }, 
                "south": { "texture": "#main", "uv": [ 0, 8, 2, 10 ] }, 
                "west":  { "texture": "#main", "uv": [ 0, 8, 2, 10 ] }, 
                "up":    { "texture": "#main", "uv": [ 0, 8, 2, 10 ] }, 
                "down":  { "texture": "#main", "uv": [ 0, 8, 2, 10 ] }
            }
        }, 
        {
            "name": "Cube", 
            "from": [ 7, 1.3000000044703484, 8 ], 
            "to":   [ 9, 2.700000010430813, 9.50000000745058 ], 
            "faces": {
                "north": { "texture": "#main", "uv": [ 0, 8, 2, 10 ] }, 
                "east":  { "texture": "#main", "uv": [ 0, 8, 2, 10 ] }, 
                "south": { "texture": "#main", "uv": [ 0, 8, 2, 10 ] }, 
                "west":  { "texture": "#main", "uv": [ 0, 8, 2, 10 ] }, 
                "up":    { "texture": "#main", "uv": [ 0, 8, 2, 10 ] }, 
                "down":  { "texture": "#main", "uv": [ 0, 8, 2, 10 ] }
            }
        }, 
        {
            "name": "eye", 
            "from": [ 6.899999998509884, 1.9000000059604645, 8.799999997019768 ], 
            "to":   [ 7.799999997019768, 3.399999998509884, 9.700000010430813 ], 
            "faces": {
                "north": { "texture": "#main", "uv": [ 4, 8, 6, 10 ] }, 
                "east":  { "texture": "#main", "uv": [ 4, 8, 6, 10 ] }, 
                "south": { "texture": "#main", "uv": [ 4, 8, 6, 10 ] }, 
                "west":  { "texture": "#main", "uv": [ 4, 8, 6, 10 ] }, 
                "up":    { "texture": "#main", "uv": [ 4, 8, 6, 10 ] }, 
                "down":  { "texture": "#main", "uv": [ 4, 8, 6, 10 ] }
            }
        }, 
        {
            "name": "eye", 
            "from": [ 8.200000001490116, 1.9000000059604645, 8.799999997019768 ], 
            "to":   [ 9.1, 3.399999998509884, 9.700000010430813 ], 
            "faces": {
                "north": { "texture": "#main", "uv": [ 4, 8, 6, 10 ] }, 
                "east":  { "texture": "#main", "uv": [ 4, 8, 6, 10 ] }, 
                "south": { "texture": "#main", "uv": [ 4, 8, 6, 10 ] }, 
                "west":  { "texture": "#main", "uv": [ 4, 8, 6, 10 ] }, 
                "up":    { "texture": "#main", "uv": [ 4, 8, 6, 10 ] }, 
                "down":  { "texture": "#main", "uv": [ 4, 8, 6, 10 ] }
            }
        }, 
        {
            "name": "fang", 
            "from": [ 7.199999988079071, 0.9000000059604645, 9 ], 
            "to":   [ 7.999999985098839, 1.7000000029802322, 11.000000014901161 ], 
            "rotation": { "origin": [8, 8, 8], "axis": "y", "angle": 22.5 }, 
            "faces": {
                "north": { "texture": "#main", "uv": [ 4, 8, 6, 10 ] }, 
                "east":  { "texture": "#main", "uv": [ 4, 8, 6, 10 ] }, 
                "south": { "texture": "#main", "uv": [ 4, 8, 6, 10 ] }, 
                "west":  { "texture": "#main", "uv": [ 4, 8, 6, 10 ] }, 
                "up":    { "texture": "#main", "uv": [ 4, 8, 6, 10 ] }, 
                "down":  { "texture": "#main", "uv": [ 4, 8, 6, 10 ] }
            }
        }, 
        {
            "name": "fang", 
            "from": [ 8, 0.9000000059604645, 9.100000001490116 ], 
            "to":   [ 8.799999997019768, 1.7000000029802322, 11.100000016391277 ], 
            "rotation": { "origin": [8, 8, 8], "axis": "y", "angle": -22.5 }, 
            "faces": {
                "north": { "texture": "#main", "uv": [ 4, 8, 6, 10 ] }, 
                "east":  { "texture": "#main", "uv": [ 4, 8, 6, 10 ] }, 
                "south": { "texture": "#main", "uv": [ 4, 8, 6, 10 ] }, 
                "west":  { "texture": "#main", "uv": [ 4, 8, 6, 10 ] }, 
                "up":    { "texture": "#main", "uv": [ 4, 8, 6, 10 ] }, 
                "down":  { "texture": "#main", "uv": [ 4, 8, 6, 10 ] }
            }
        }, 
        {
            "name": "fang", 
            "from": [ 8.299999989569187, 1.0000000074505806, 10 ], 
            "to":   [ 8.999999985098839, 1.5, 12.000000014901161 ], 
            "faces": {
                "north": { "texture": "#main", "uv": [ 4, 8, 6, 10 ] }, 
                "east":  { "texture": "#main", "uv": [ 4, 8, 6, 10 ] }, 
                "south": { "texture": "#main", "uv": [ 4, 8, 6, 10 ] }, 
                "west":  { "texture": "#main", "uv": [ 4, 8, 6, 10 ] }, 
                "up":    { "texture": "#main", "uv": [ 4, 8, 6, 10 ] }, 
                "down":  { "texture": "#main", "uv": [ 4, 8, 6, 10 ] }
            }
        }, 
        {
            "name": "fang", 
            "from": [ 7, 1.0000000074505806, 10 ], 
            "to":   [ 7.699999995529652, 1.5, 12.000000014901161 ], 
            "faces": {
                "north": { "texture": "#main", "uv": [ 4, 8, 6, 10 ] }, 
                "east":  { "texture": "#main", "uv": [ 4, 8, 6, 10 ] }, 
                "south": { "texture": "#main", "uv": [ 4, 8, 6, 10 ] }, 
                "west":  { "texture": "#main", "uv": [ 4, 8, 6, 10 ] }, 
                "up":    { "texture": "#main", "uv": [ 4, 8, 6, 10 ] }, 
                "down":  { "texture": "#main", "uv": [ 4, 8, 6, 10 ] }
            }
        }, 
        {
            "name": "leg", 
            "from": [ 2.5000000074505806, 2.4999999925494194, 5 ], 
            "to":   [ 4.500000007450581, 2.999999985098839, 5.499999992549419 ], 
            "rotation": { "origin": [8, 8, 8], "axis": "z", "angle": 22.5 }, 
            "faces": {
                "north": { "texture": "#main", "uv": [ 0, 8, 2, 10 ] }, 
                "east":  { "texture": "#main", "uv": [ 0, 8, 2, 10 ] }, 
                "south": { "texture": "#main", "uv": [ 0, 8, 2, 10 ] }, 
                "west":  { "texture": "#main", "uv": [ 0, 8, 2, 10 ] }, 
                "up":    { "texture": "#main", "uv": [ 0, 8, 2, 10 ] }, 
                "down":  { "texture": "#main", "uv": [ 0, 8, 2, 10 ] }
            }
        }, 
        {
            "name": "leg", 
            "from": [ -0.4999999925494194, 5, 5.100000001490116 ], 
            "to":   [ 1.5000000074505806, 5.399999991059303, 5.399999991059303 ], 
            "rotation": { "origin": [8, 8, 8], "axis": "z", "angle": 45 }, 
            "faces": {
                "north": { "texture": "#main", "uv": [ 4, 8, 6, 10 ] }, 
                "east":  { "texture": "#main", "uv": [ 4, 8, 6, 10 ] }, 
                "south": { "texture": "#main", "uv": [ 4, 8, 6, 10 ] }, 
                "west":  { "texture": "#main", "uv": [ 4, 8, 6, 10 ] }, 
                "up":    { "texture": "#main", "uv": [ 4, 8, 6, 10 ] }, 
                "down":  { "texture": "#main", "uv": [ 4, 8, 6, 10 ] }
            }
        }, 
        {
            "name": "leg", 
            "from": [ 2.5000000074505806, 3, 6 ], 
            "to":   [ 4.500000007450581, 3.4999999925494194, 6.499999992549419 ], 
            "rotation": { "origin": [8, 8, 8], "axis": "z", "angle": 22.5 }, 
            "faces": {
                "north": { "texture": "#main", "uv": [ 0, 8, 2, 10 ] }, 
                "east":  { "texture": "#main", "uv": [ 0, 8, 2, 10 ] }, 
                "south": { "texture": "#main", "uv": [ 0, 8, 2, 10 ] }, 
                "west":  { "texture": "#main", "uv": [ 0, 8, 2, 10 ] }, 
                "up":    { "texture": "#main", "uv": [ 0, 8, 2, 10 ] }, 
                "down":  { "texture": "#main", "uv": [ 0, 8, 2, 10 ] }
            }
        }, 
        {
            "name": "leg", 
            "from": [ -0.4999999925494194, 5.500000007450581, 6.100000001490116 ], 
            "to":   [ 1.5000000074505806, 5.899999998509884, 6.399999991059303 ], 
            "rotation": { "origin": [8, 8, 8], "axis": "z", "angle": 45 }, 
            "faces": {
                "north": { "texture": "#main", "uv": [ 4, 8, 6, 10 ] }, 
                "east":  { "texture": "#main", "uv": [ 4, 8, 6, 10 ] }, 
                "south": { "texture": "#main", "uv": [ 4, 8, 6, 10 ] }, 
                "west":  { "texture": "#main", "uv": [ 4, 8, 6, 10 ] }, 
                "up":    { "texture": "#main", "uv": [ 4, 8, 6, 10 ] }, 
                "down":  { "texture": "#main", "uv": [ 4, 8, 6, 10 ] }
            }
        }, 
        {
            "name": "leg", 
            "from": [ 2.5000000074505806, 2.4999999925494194, 7 ], 
            "to":   [ 4.500000007450581, 2.999999985098839, 7.499999992549419 ], 
            "rotation": { "origin": [8, 8, 8], "axis": "z", "angle": 22.5 }, 
            "faces": {
                "north": { "texture": "#main", "uv": [ 0, 8, 2, 10 ] }, 
                "east":  { "texture": "#main", "uv": [ 0, 8, 2, 10 ] }, 
                "south": { "texture": "#main", "uv": [ 0, 8, 2, 10 ] }, 
                "west":  { "texture": "#main", "uv": [ 0, 8, 2, 10 ] }, 
                "up":    { "texture": "#main", "uv": [ 0, 8, 2, 10 ] }, 
                "down":  { "texture": "#main", "uv": [ 0, 8, 2, 10 ] }
            }
        }, 
        {
            "name": "leg", 
            "from": [ -0.4999999925494194, 5, 7.100000001490116 ], 
            "to":   [ 1.5000000074505806, 5.399999991059303, 7.399999991059303 ], 
            "rotation": { "origin": [8, 8, 8], "axis": "z", "angle": 45 }, 
            "faces": {
                "north": { "texture": "#main", "uv": [ 4, 8, 6, 10 ] }, 
                "east":  { "texture": "#main", "uv": [ 4, 8, 6, 10 ] }, 
                "south": { "texture": "#main", "uv": [ 4, 8, 6, 10 ] }, 
                "west":  { "texture": "#main", "uv": [ 4, 8, 6, 10 ] }, 
                "up":    { "texture": "#main", "uv": [ 4, 8, 6, 10 ] }, 
                "down":  { "texture": "#main", "uv": [ 4, 8, 6, 10 ] }
            }
        }, 
        {
            "name": "leg2", 
            "from": [ 11.50000000745058, 3, 5 ], 
            "to":   [ 13.50000000745058, 3.4999999925494194, 5.499999992549419 ], 
            "rotation": { "origin": [8, 8, 8], "axis": "z", "angle": -22.5 }, 
            "faces": {
                "north": { "texture": "#main", "uv": [ 0, 8, 2, 10 ] }, 
                "east":  { "texture": "#main", "uv": [ 0, 8, 2, 10 ] }, 
                "south": { "texture": "#main", "uv": [ 0, 8, 2, 10 ] }, 
                "west":  { "texture": "#main", "uv": [ 0, 8, 2, 10 ] }, 
                "up":    { "texture": "#main", "uv": [ 0, 8, 2, 10 ] }, 
                "down":  { "texture": "#main", "uv": [ 0, 8, 2, 10 ] }
            }
        }, 
        {
            "name": "leg2", 
            "from": [ 14.50000000745058, 5.500000007450581, 5.100000001490116 ], 
            "to":   [ 16.50000000745058, 5.899999998509884, 5.399999991059303 ], 
            "rotation": { "origin": [8, 8, 8], "axis": "z", "angle": -45 }, 
            "faces": {
                "north": { "texture": "#main", "uv": [ 4, 8, 6, 10 ] }, 
                "east":  { "texture": "#main", "uv": [ 4, 8, 6, 10 ] }, 
                "south": { "texture": "#main", "uv": [ 4, 8, 6, 10 ] }, 
                "west":  { "texture": "#main", "uv": [ 4, 8, 6, 10 ] }, 
                "up":    { "texture": "#main", "uv": [ 4, 8, 6, 10 ] }, 
                "down":  { "texture": "#main", "uv": [ 4, 8, 6, 10 ] }
            }
        }, 
        {
            "name": "leg2", 
            "from": [ 11.50000000745058, 2.4999999925494194, 6 ], 
            "to":   [ 13.50000000745058, 2.999999985098839, 6.499999992549419 ], 
            "rotation": { "origin": [8, 8, 8], "axis": "z", "angle": -22.5 }, 
            "faces": {
                "north": { "texture": "#main", "uv": [ 0, 8, 2, 10 ] }, 
                "east":  { "texture": "#main", "uv": [ 0, 8, 2, 10 ] }, 
                "south": { "texture": "#main", "uv": [ 0, 8, 2, 10 ] }, 
                "west":  { "texture": "#main", "uv": [ 0, 8, 2, 10 ] }, 
                "up":    { "texture": "#main", "uv": [ 0, 8, 2, 10 ] }, 
                "down":  { "texture": "#main", "uv": [ 0, 8, 2, 10 ] }
            }
        }, 
        {
            "name": "leg2", 
            "from": [ 14.50000000745058, 5, 6.100000001490116 ], 
            "to":   [ 16.50000000745058, 5.399999991059303, 6.399999991059303 ], 
            "rotation": { "origin": [8, 8, 8], "axis": "z", "angle": -45 }, 
            "faces": {
                "north": { "texture": "#main", "uv": [ 4, 8, 6, 10 ] }, 
                "east":  { "texture": "#main", "uv": [ 4, 8, 6, 10 ] }, 
                "south": { "texture": "#main", "uv": [ 4, 8, 6, 10 ] }, 
                "west":  { "texture": "#main", "uv": [ 4, 8, 6, 10 ] }, 
                "up":    { "texture": "#main", "uv": [ 4, 8, 6, 10 ] }, 
                "down":  { "texture": "#main", "uv": [ 4, 8, 6, 10 ] }
            }
        }, 
        {
            "name": "leg2", 
            "from": [ 11.50000000745058, 3, 7 ], 
            "to":   [ 13.50000000745058, 3.4999999925494194, 7.499999992549419 ], 
            "rotation": { "origin": [8, 8, 8], "axis": "z", "angle": -22.5 }, 
            "faces": {
                "north": { "texture": "#main", "uv": [ 0, 8, 2, 10 ] }, 
                "east":  { "texture": "#main", "uv": [ 0, 8, 2, 10 ] }, 
                "south": { "texture": "#main", "uv": [ 0, 8, 2, 10 ] }, 
                "west":  { "texture": "#main", "uv": [ 0, 8, 2, 10 ] }, 
                "up":    { "texture": "#main", "uv": [ 0, 8, 2, 10 ] }, 
                "down":  { "texture": "#main", "uv": [ 0, 8, 2, 10 ] }
            }
        }, 
        {
            "name": "leg2", 
            "from": [ 14.50000000745058, 5.500000007450581, 7.100000001490116 ], 
            "to":   [ 16.50000000745058, 5.899999998509884, 7.399999991059303 ], 
            "rotation": { "origin": [8, 8, 8], "axis": "z", "angle": -45 }, 
            "faces": {
                "north": { "texture": "#main", "uv": [ 4, 8, 6, 10 ] }, 
                "east":  { "texture": "#main", "uv": [ 4, 8, 6, 10 ] }, 
                "south": { "texture": "#main", "uv": [ 4, 8, 6, 10 ] }, 
                "west":  { "texture": "#main", "uv": [ 4, 8, 6, 10 ] }, 
                "up":    { "texture": "#main", "uv": [ 4, 8, 6, 10 ] }, 
                "down":  { "texture": "#main", "uv": [ 4, 8, 6, 10 ] }
            }
        }
    ],
"display": {
    "head": {
        "rotation": [ 0, 180, 0 ],
        "translation": [ 0, -12, 0 ],
        "scale": [ 4, 4, 4 ]
    }
}
}