{
    "__comment": "Model animated using Fizzy's model animator - http://fizzy81.github.io/animated-models/", 
    "textures": {
        "main": "items/attribute/spirit"
    }, 
    "elements": [
        {
            "name": "Cube", 
            "from": [ 0, 0, 0 ], 
            "to":   [ 16, 1, 1 ], 
            "rotation": { "origin": [8, 8, 8], "axis": "y", "angle": -45 }, 
            "faces": {
                "north": { "texture": "#main", "uv": [ 0, 0, 2, 0.125 ] }, 
                "east":  { "texture": "#main", "uv": [ 0, 0, 0.125, 0.125 ] }, 
                "south": { "texture": "#main", "uv": [ 0, 0, 2, 0.125 ] }, 
                "west":  { "texture": "#main", "uv": [ 0, 0, 0.125, 0.125 ] }, 
                "up":    { "texture": "#main", "uv": [ 0, 0, 2, 0.125 ] }, 
                "down":  { "texture": "#main", "uv": [ 0, 0, 2, 0.125 ] }
            }
        }, 
        {
            "name": "Cube", 
            "from": [ 0, 1, 0 ], 
            "to":   [ 16, 2, 1 ], 
            "rotation": { "origin": [8, 8, 8], "axis": "y", "angle": 22.5 }, 
            "faces": {
                "north": { "texture": "#main", "uv": [ 0, 0, 2, 0.125 ] }, 
                "east":  { "texture": "#main", "uv": [ 0, 0, 0.125, 0.125 ] }, 
                "south": { "texture": "#main", "uv": [ 0, 0, 2, 0.125 ] }, 
                "west":  { "texture": "#main", "uv": [ 0, 0, 0.125, 0.125 ] }, 
                "up":    { "texture": "#main", "uv": [ 0, 0, 2, 0.125 ] }, 
                "down":  { "texture": "#main", "uv": [ 0, 0, 2, 0.125 ] }
            }
        }, 
        {
            "name": "Cube", 
            "from": [ 0, 2, 0 ], 
            "to":   [ 1, 3, 16 ], 
            "rotation": { "origin": [8, 8, 8], "axis": "y", "angle": -45 }, 
            "faces": {
                "north": { "texture": "#main", "uv": [ 0, 0, 0.125, 0.125 ] }, 
                "east":  { "texture": "#main", "uv": [ 0, 0, 2, 0.125 ] }, 
                "south": { "texture": "#main", "uv": [ 0, 0, 0.125, 0.125 ] }, 
                "west":  { "texture": "#main", "uv": [ 0, 0, 2, 0.125 ] }, 
                "up":    { "texture": "#main", "uv": [ 0, 0, 0.125, 2 ] }, 
                "down":  { "texture": "#main", "uv": [ 0, 0, 0.125, 2 ] }
            }
        }, 
        {
            "name": "Cube", 
            "from": [ 0, 3, 0 ], 
            "to":   [ 1, 4, 16 ], 
            "faces": {
                "north": { "texture": "#main", "uv": [ 0, 0, 0.125, 0.125 ] }, 
                "east":  { "texture": "#main", "uv": [ 0, 0, 2, 0.125 ] }, 
                "south": { "texture": "#main", "uv": [ 0, 0, 0.125, 0.125 ] }, 
                "west":  { "texture": "#main", "uv": [ 0, 0, 2, 0.125 ] }, 
                "up":    { "texture": "#main", "uv": [ 0, 0, 0.125, 2 ] }, 
                "down":  { "texture": "#main", "uv": [ 0, 0, 0.125, 2 ] }
            }
        }, 
        {
            "name": "Cube", 
            "from": [ 0, 4, 0 ], 
            "to":   [ 1, 5, 16 ], 
            "rotation": { "origin": [8, 8, 8], "axis": "y", "angle": 22.5 }, 
            "faces": {
                "north": { "texture": "#main", "uv": [ 0, 0, 0.125, 0.125 ] }, 
                "east":  { "texture": "#main", "uv": [ 0, 0, 2, 0.125 ] }, 
                "south": { "texture": "#main", "uv": [ 0, 0, 0.125, 0.125 ] }, 
                "west":  { "texture": "#main", "uv": [ 0, 0, 2, 0.125 ] }, 
                "up":    { "texture": "#main", "uv": [ 0, 0, 0.125, 2 ] }, 
                "down":  { "texture": "#main", "uv": [ 0, 0, 0.125, 2 ] }
            }
        }, 
        {
            "name": "Cube", 
            "from": [ 0, 5, 15 ], 
            "to":   [ 16, 6, 16 ], 
            "rotation": { "origin": [8, 8, 8], "axis": "y", "angle": -22.5 }, 
            "faces": {
                "north": { "texture": "#main", "uv": [ 0, 0, 2, 0.125 ] }, 
                "east":  { "texture": "#main", "uv": [ 0, 0, 0.125, 0.125 ] }, 
                "south": { "texture": "#main", "uv": [ 0, 0, 2, 0.125 ] }, 
                "west":  { "texture": "#main", "uv": [ 0, 0, 0.125, 0.125 ] }, 
                "up":    { "texture": "#main", "uv": [ 0, 0, 2, 0.125 ] }, 
                "down":  { "texture": "#main", "uv": [ 0, 0, 2, 0.125 ] }
            }
        }, 
        {
            "name": "Cube", 
            "from": [ 0, 6, 15 ], 
            "to":   [ 16, 7, 16 ], 
            "faces": {
                "north": { "texture": "#main", "uv": [ 0, 0, 2, 0.125 ] }, 
                "east":  { "texture": "#main", "uv": [ 0, 0, 0.125, 0.125 ] }, 
                "south": { "texture": "#main", "uv": [ 0, 0, 2, 0.125 ] }, 
                "west":  { "texture": "#main", "uv": [ 0, 0, 0.125, 0.125 ] }, 
                "up":    { "texture": "#main", "uv": [ 0, 0, 2, 0.125 ] }, 
                "down":  { "texture": "#main", "uv": [ 0, 0, 2, 0.125 ] }
            }
        }, 
        {
            "name": "Cube", 
            "from": [ 0, 7, 15 ], 
            "to":   [ 16, 8, 16 ], 
            "rotation": { "origin": [8, 8, 8], "axis": "y", "angle": 22.5 }, 
            "faces": {
                "north": { "texture": "#main", "uv": [ 0, 0, 2, 0.125 ] }, 
                "east":  { "texture": "#main", "uv": [ 0, 0, 0.125, 0.125 ] }, 
                "south": { "texture": "#main", "uv": [ 0, 0, 2, 0.125 ] }, 
                "west":  { "texture": "#main", "uv": [ 0, 0, 0.125, 0.125 ] }, 
                "up":    { "texture": "#main", "uv": [ 0, 0, 2, 0.125 ] }, 
                "down":  { "texture": "#main", "uv": [ 0, 0, 2, 0.125 ] }
            }
        }, 
        {
            "name": "Cube", 
            "from": [ 0, 8, 15 ], 
            "to":   [ 16, 9, 16 ], 
            "rotation": { "origin": [8, 8, 8], "axis": "y", "angle": 45 }, 
            "faces": {
                "north": { "texture": "#main", "uv": [ 0, 0, 2, 0.125 ] }, 
                "east":  { "texture": "#main", "uv": [ 0, 0, 0.125, 0.125 ] }, 
                "south": { "texture": "#main", "uv": [ 0, 0, 2, 0.125 ] }, 
                "west":  { "texture": "#main", "uv": [ 0, 0, 0.125, 0.125 ] }, 
                "up":    { "texture": "#main", "uv": [ 0, 0, 2, 0.125 ] }, 
                "down":  { "texture": "#main", "uv": [ 0, 0, 2, 0.125 ] }
            }
        }, 
        {
            "name": "Cube", 
            "from": [ 15, 9, 0 ], 
            "to":   [ 16, 10, 16 ], 
            "rotation": { "origin": [8, 8, 8], "axis": "y", "angle": -22.5 }, 
            "faces": {
                "north": { "texture": "#main", "uv": [ 0, 0, 0.125, 0.125 ] }, 
                "east":  { "texture": "#main", "uv": [ 0, 0, 2, 0.125 ] }, 
                "south": { "texture": "#main", "uv": [ 0, 0, 0.125, 0.125 ] }, 
                "west":  { "texture": "#main", "uv": [ 0, 0, 2, 0.125 ] }, 
                "up":    { "texture": "#main", "uv": [ 0, 0, 0.125, 2 ] }, 
                "down":  { "texture": "#main", "uv": [ 0, 0, 0.125, 2 ] }
            }
        }, 
        {
            "name": "Cube", 
            "from": [ 15, 10, 0 ], 
            "to":   [ 16, 11, 16 ], 
            "faces": {
                "north": { "texture": "#main", "uv": [ 0, 0, 0.125, 0.125 ] }, 
                "east":  { "texture": "#main", "uv": [ 0, 0, 2, 0.125 ] }, 
                "south": { "texture": "#main", "uv": [ 0, 0, 0.125, 0.125 ] }, 
                "west":  { "texture": "#main", "uv": [ 0, 0, 2, 0.125 ] }, 
                "up":    { "texture": "#main", "uv": [ 0, 0, 0.125, 2 ] }, 
                "down":  { "texture": "#main", "uv": [ 0, 0, 0.125, 2 ] }
            }
        }, 
        {
            "name": "Cube", 
            "from": [ 15, 11, 0 ], 
            "to":   [ 16, 12, 16 ], 
            "rotation": { "origin": [8, 8, 8], "axis": "y", "angle": 22.5 }, 
            "faces": {
                "north": { "texture": "#main", "uv": [ 0, 0, 0.125, 0.125 ] }, 
                "east":  { "texture": "#main", "uv": [ 0, 0, 2, 0.125 ] }, 
                "south": { "texture": "#main", "uv": [ 0, 0, 0.125, 0.125 ] }, 
                "west":  { "texture": "#main", "uv": [ 0, 0, 2, 0.125 ] }, 
                "up":    { "texture": "#main", "uv": [ 0, 0, 0.125, 2 ] }, 
                "down":  { "texture": "#main", "uv": [ 0, 0, 0.125, 2 ] }
            }
        }, 
        {
            "name": "Cube", 
            "from": [ 15, 12, 0 ], 
            "to":   [ 16, 13, 16 ], 
            "rotation": { "origin": [8, 8, 8], "axis": "y", "angle": 45 }, 
            "faces": {
                "north": { "texture": "#main", "uv": [ 0, 0, 0.125, 0.125 ] }, 
                "east":  { "texture": "#main", "uv": [ 0, 0, 2, 0.125 ] }, 
                "south": { "texture": "#main", "uv": [ 0, 0, 0.125, 0.125 ] }, 
                "west":  { "texture": "#main", "uv": [ 0, 0, 2, 0.125 ] }, 
                "up":    { "texture": "#main", "uv": [ 0, 0, 0.125, 2 ] }, 
                "down":  { "texture": "#main", "uv": [ 0, 0, 0.125, 2 ] }
            }
        }, 
        {
            "name": "middle", 
            "from": [ 6, 0, 6 ], 
            "to":   [ 10, 16, 10 ], 
            "faces": {
                "north": { "texture": "#main", "uv": [ 2, 0, 2.5, 2 ] }, 
                "east":  { "texture": "#main", "uv": [ 2, 0, 2.5, 2 ] }, 
                "south": { "texture": "#main", "uv": [ 2, 0, 2.5, 2 ] }, 
                "west":  { "texture": "#main", "uv": [ 2, 0, 2.5, 2 ] }, 
                "up":    { "texture": "#main", "uv": [ 2, 0, 2.5, 0.5 ] }, 
                "down":  { "texture": "#main", "uv": [ 2, 0, 2.5, 0.5 ] }
            }
        }, 
        {
            "name": "Cube", 
            "from": [ 0, 0, 0 ], 
            "to":   [ 16, 1, 1 ], 
            "rotation": { "origin": [8, 8, 8], "axis": "y", "angle": -45 }, 
            "faces": {
                "north": { "texture": "#main", "uv": [ 4, 0, 6, 0.125 ] }, 
                "east":  { "texture": "#main", "uv": [ 4, 0, 4.125, 0.125 ] }, 
                "south": { "texture": "#main", "uv": [ 4, 0, 6, 0.125 ] }, 
                "west":  { "texture": "#main", "uv": [ 4, 0, 4.125, 0.125 ] }, 
                "up":    { "texture": "#main", "uv": [ 4, 0, 6, 0.125 ] }, 
                "down":  { "texture": "#main", "uv": [ 4, 0, 6, 0.125 ] }
            }
        }, 
        {
            "name": "Cube", 
            "from": [ 0, 1, 0 ], 
            "to":   [ 16, 2, 1 ], 
            "rotation": { "origin": [8, 8, 8], "axis": "y", "angle": 22.5 }, 
            "faces": {
                "north": { "texture": "#main", "uv": [ 4, 0, 6, 0.125 ] }, 
                "east":  { "texture": "#main", "uv": [ 4, 0, 4.125, 0.125 ] }, 
                "south": { "texture": "#main", "uv": [ 4, 0, 6, 0.125 ] }, 
                "west":  { "texture": "#main", "uv": [ 4, 0, 4.125, 0.125 ] }, 
                "up":    { "texture": "#main", "uv": [ 4, 0, 6, 0.125 ] }, 
                "down":  { "texture": "#main", "uv": [ 4, 0, 6, 0.125 ] }
            }
        }, 
        {
            "name": "Cube", 
            "from": [ 0, 2, 0 ], 
            "to":   [ 1, 3, 16 ], 
            "rotation": { "origin": [8, 8, 8], "axis": "y", "angle": -45 }, 
            "faces": {
                "north": { "texture": "#main", "uv": [ 4, 0, 4.125, 0.125 ] }, 
                "east":  { "texture": "#main", "uv": [ 4, 0, 6, 0.125 ] }, 
                "south": { "texture": "#main", "uv": [ 4, 0, 4.125, 0.125 ] }, 
                "west":  { "texture": "#main", "uv": [ 4, 0, 6, 0.125 ] }, 
                "up":    { "texture": "#main", "uv": [ 4, 0, 4.125, 2 ] }, 
                "down":  { "texture": "#main", "uv": [ 4, 0, 4.125, 2 ] }
            }
        }, 
        {
            "name": "Cube", 
            "from": [ 0, 3, 0 ], 
            "to":   [ 1, 4, 16 ], 
            "faces": {
                "north": { "texture": "#main", "uv": [ 4, 0, 4.125, 0.125 ] }, 
                "east":  { "texture": "#main", "uv": [ 4, 0, 6, 0.125 ] }, 
                "south": { "texture": "#main", "uv": [ 4, 0, 4.125, 0.125 ] }, 
                "west":  { "texture": "#main", "uv": [ 4, 0, 6, 0.125 ] }, 
                "up":    { "texture": "#main", "uv": [ 4, 0, 4.125, 2 ] }, 
                "down":  { "texture": "#main", "uv": [ 4, 0, 4.125, 2 ] }
            }
        }, 
        {
            "name": "Cube", 
            "from": [ 0, 4, 0 ], 
            "to":   [ 1, 5, 16 ], 
            "rotation": { "origin": [8, 8, 8], "axis": "y", "angle": 22.5 }, 
            "faces": {
                "north": { "texture": "#main", "uv": [ 4, 0, 4.125, 0.125 ] }, 
                "east":  { "texture": "#main", "uv": [ 4, 0, 6, 0.125 ] }, 
                "south": { "texture": "#main", "uv": [ 4, 0, 4.125, 0.125 ] }, 
                "west":  { "texture": "#main", "uv": [ 4, 0, 6, 0.125 ] }, 
                "up":    { "texture": "#main", "uv": [ 4, 0, 4.125, 2 ] }, 
                "down":  { "texture": "#main", "uv": [ 4, 0, 4.125, 2 ] }
            }
        }, 
        {
            "name": "Cube", 
            "from": [ 0, 5, 15 ], 
            "to":   [ 16, 6, 16 ], 
            "rotation": { "origin": [8, 8, 8], "axis": "y", "angle": -22.5 }, 
            "faces": {
                "north": { "texture": "#main", "uv": [ 4, 0, 6, 0.125 ] }, 
                "east":  { "texture": "#main", "uv": [ 4, 0, 4.125, 0.125 ] }, 
                "south": { "texture": "#main", "uv": [ 4, 0, 6, 0.125 ] }, 
                "west":  { "texture": "#main", "uv": [ 4, 0, 4.125, 0.125 ] }, 
                "up":    { "texture": "#main", "uv": [ 4, 0, 6, 0.125 ] }, 
                "down":  { "texture": "#main", "uv": [ 4, 0, 6, 0.125 ] }
            }
        }, 
        {
            "name": "Cube", 
            "from": [ 0, 6, 15 ], 
            "to":   [ 16, 7, 16 ], 
            "faces": {
                "north": { "texture": "#main", "uv": [ 4, 0, 6, 0.125 ] }, 
                "east":  { "texture": "#main", "uv": [ 4, 0, 4.125, 0.125 ] }, 
                "south": { "texture": "#main", "uv": [ 4, 0, 6, 0.125 ] }, 
                "west":  { "texture": "#main", "uv": [ 4, 0, 4.125, 0.125 ] }, 
                "up":    { "texture": "#main", "uv": [ 4, 0, 6, 0.125 ] }, 
                "down":  { "texture": "#main", "uv": [ 4, 0, 6, 0.125 ] }
            }
        }, 
        {
            "name": "Cube", 
            "from": [ 0, 7, 15 ], 
            "to":   [ 16, 8, 16 ], 
            "rotation": { "origin": [8, 8, 8], "axis": "y", "angle": 22.5 }, 
            "faces": {
                "north": { "texture": "#main", "uv": [ 4, 0, 6, 0.125 ] }, 
                "east":  { "texture": "#main", "uv": [ 4, 0, 4.125, 0.125 ] }, 
                "south": { "texture": "#main", "uv": [ 4, 0, 6, 0.125 ] }, 
                "west":  { "texture": "#main", "uv": [ 4, 0, 4.125, 0.125 ] }, 
                "up":    { "texture": "#main", "uv": [ 4, 0, 6, 0.125 ] }, 
                "down":  { "texture": "#main", "uv": [ 4, 0, 6, 0.125 ] }
            }
        }, 
        {
            "name": "Cube", 
            "from": [ 0, 8, 15 ], 
            "to":   [ 16, 9, 16 ], 
            "rotation": { "origin": [8, 8, 8], "axis": "y", "angle": 45 }, 
            "faces": {
                "north": { "texture": "#main", "uv": [ 4, 0, 6, 0.125 ] }, 
                "east":  { "texture": "#main", "uv": [ 4, 0, 4.125, 0.125 ] }, 
                "south": { "texture": "#main", "uv": [ 4, 0, 6, 0.125 ] }, 
                "west":  { "texture": "#main", "uv": [ 4, 0, 4.125, 0.125 ] }, 
                "up":    { "texture": "#main", "uv": [ 4, 0, 6, 0.125 ] }, 
                "down":  { "texture": "#main", "uv": [ 4, 0, 6, 0.125 ] }
            }
        }, 
        {
            "name": "Cube", 
            "from": [ 15, 9, 0 ], 
            "to":   [ 16, 10, 16 ], 
            "rotation": { "origin": [8, 8, 8], "axis": "y", "angle": -22.5 }, 
            "faces": {
                "north": { "texture": "#main", "uv": [ 4, 0, 4.125, 0.125 ] }, 
                "east":  { "texture": "#main", "uv": [ 4, 0, 6, 0.125 ] }, 
                "south": { "texture": "#main", "uv": [ 4, 0, 4.125, 0.125 ] }, 
                "west":  { "texture": "#main", "uv": [ 4, 0, 6, 0.125 ] }, 
                "up":    { "texture": "#main", "uv": [ 4, 0, 4.125, 2 ] }, 
                "down":  { "texture": "#main", "uv": [ 4, 0, 4.125, 2 ] }
            }
        }, 
        {
            "name": "Cube", 
            "from": [ 15, 10, 0 ], 
            "to":   [ 16, 11, 16 ], 
            "faces": {
                "north": { "texture": "#main", "uv": [ 4, 0, 4.125, 0.125 ] }, 
                "east":  { "texture": "#main", "uv": [ 4, 0, 6, 0.125 ] }, 
                "south": { "texture": "#main", "uv": [ 4, 0, 4.125, 0.125 ] }, 
                "west":  { "texture": "#main", "uv": [ 4, 0, 6, 0.125 ] }, 
                "up":    { "texture": "#main", "uv": [ 4, 0, 4.125, 2 ] }, 
                "down":  { "texture": "#main", "uv": [ 4, 0, 4.125, 2 ] }
            }
        }, 
        {
            "name": "Cube", 
            "from": [ 15, 11, 0 ], 
            "to":   [ 16, 12, 16 ], 
            "rotation": { "origin": [8, 8, 8], "axis": "y", "angle": 22.5 }, 
            "faces": {
                "north": { "texture": "#main", "uv": [ 4, 0, 4.125, 0.125 ] }, 
                "east":  { "texture": "#main", "uv": [ 4, 0, 6, 0.125 ] }, 
                "south": { "texture": "#main", "uv": [ 4, 0, 4.125, 0.125 ] }, 
                "west":  { "texture": "#main", "uv": [ 4, 0, 6, 0.125 ] }, 
                "up":    { "texture": "#main", "uv": [ 4, 0, 4.125, 2 ] }, 
                "down":  { "texture": "#main", "uv": [ 4, 0, 4.125, 2 ] }
            }
        }, 
        {
            "name": "Cube", 
            "from": [ 15, 12, 0 ], 
            "to":   [ 16, 13, 16 ], 
            "rotation": { "origin": [8, 8, 8], "axis": "y", "angle": 45 }, 
            "faces": {
                "north": { "texture": "#main", "uv": [ 4, 0, 4.125, 0.125 ] }, 
                "east":  { "texture": "#main", "uv": [ 4, 0, 6, 0.125 ] }, 
                "south": { "texture": "#main", "uv": [ 4, 0, 4.125, 0.125 ] }, 
                "west":  { "texture": "#main", "uv": [ 4, 0, 6, 0.125 ] }, 
                "up":    { "texture": "#main", "uv": [ 4, 0, 4.125, 2 ] }, 
                "down":  { "texture": "#main", "uv": [ 4, 0, 4.125, 2 ] }
            }
        }, 
        {
            "name": "middle", 
            "from": [ 6, 0, 6 ], 
            "to":   [ 10, 16, 10 ], 
            "rotation": { "origin": [8, 8, 8], "axis": "y", "angle": -22.5 }, 
            "faces": {
                "north": { "texture": "#main", "uv": [ 6, 0, 6.5, 2 ] }, 
                "east":  { "texture": "#main", "uv": [ 6, 0, 6.5, 2 ] }, 
                "south": { "texture": "#main", "uv": [ 6, 0, 6.5, 2 ] }, 
                "west":  { "texture": "#main", "uv": [ 6, 0, 6.5, 2 ] }, 
                "up":    { "texture": "#main", "uv": [ 6, 0, 6.5, 0.5 ] }, 
                "down":  { "texture": "#main", "uv": [ 6, 0, 6.5, 0.5 ] }
            }
        }, 
        {
            "name": "Cube", 
            "from": [ 0, 0, 0 ], 
            "to":   [ 16, 1, 1 ], 
            "rotation": { "origin": [8, 8, 8], "axis": "y", "angle": -45 }, 
            "faces": {
                "north": { "texture": "#main", "uv": [ 8, 0, 10, 0.125 ] }, 
                "east":  { "texture": "#main", "uv": [ 8, 0, 8.125, 0.125 ] }, 
                "south": { "texture": "#main", "uv": [ 8, 0, 10, 0.125 ] }, 
                "west":  { "texture": "#main", "uv": [ 8, 0, 8.125, 0.125 ] }, 
                "up":    { "texture": "#main", "uv": [ 8, 0, 10, 0.125 ] }, 
                "down":  { "texture": "#main", "uv": [ 8, 0, 10, 0.125 ] }
            }
        }, 
        {
            "name": "Cube", 
            "from": [ 0, 1, 0 ], 
            "to":   [ 16, 2, 1 ], 
            "rotation": { "origin": [8, 8, 8], "axis": "y", "angle": 22.5 }, 
            "faces": {
                "north": { "texture": "#main", "uv": [ 8, 0, 10, 0.125 ] }, 
                "east":  { "texture": "#main", "uv": [ 8, 0, 8.125, 0.125 ] }, 
                "south": { "texture": "#main", "uv": [ 8, 0, 10, 0.125 ] }, 
                "west":  { "texture": "#main", "uv": [ 8, 0, 8.125, 0.125 ] }, 
                "up":    { "texture": "#main", "uv": [ 8, 0, 10, 0.125 ] }, 
                "down":  { "texture": "#main", "uv": [ 8, 0, 10, 0.125 ] }
            }
        }, 
        {
            "name": "Cube", 
            "from": [ 0, 2, 0 ], 
            "to":   [ 1, 3, 16 ], 
            "rotation": { "origin": [8, 8, 8], "axis": "y", "angle": -45 }, 
            "faces": {
                "north": { "texture": "#main", "uv": [ 8, 0, 8.125, 0.125 ] }, 
                "east":  { "texture": "#main", "uv": [ 8, 0, 10, 0.125 ] }, 
                "south": { "texture": "#main", "uv": [ 8, 0, 8.125, 0.125 ] }, 
                "west":  { "texture": "#main", "uv": [ 8, 0, 10, 0.125 ] }, 
                "up":    { "texture": "#main", "uv": [ 8, 0, 8.125, 2 ] }, 
                "down":  { "texture": "#main", "uv": [ 8, 0, 8.125, 2 ] }
            }
        }, 
        {
            "name": "Cube", 
            "from": [ 0, 3, 0 ], 
            "to":   [ 1, 4, 16 ], 
            "faces": {
                "north": { "texture": "#main", "uv": [ 8, 0, 8.125, 0.125 ] }, 
                "east":  { "texture": "#main", "uv": [ 8, 0, 10, 0.125 ] }, 
                "south": { "texture": "#main", "uv": [ 8, 0, 8.125, 0.125 ] }, 
                "west":  { "texture": "#main", "uv": [ 8, 0, 10, 0.125 ] }, 
                "up":    { "texture": "#main", "uv": [ 8, 0, 8.125, 2 ] }, 
                "down":  { "texture": "#main", "uv": [ 8, 0, 8.125, 2 ] }
            }
        }, 
        {
            "name": "Cube", 
            "from": [ 0, 4, 0 ], 
            "to":   [ 1, 5, 16 ], 
            "rotation": { "origin": [8, 8, 8], "axis": "y", "angle": 22.5 }, 
            "faces": {
                "north": { "texture": "#main", "uv": [ 8, 0, 8.125, 0.125 ] }, 
                "east":  { "texture": "#main", "uv": [ 8, 0, 10, 0.125 ] }, 
                "south": { "texture": "#main", "uv": [ 8, 0, 8.125, 0.125 ] }, 
                "west":  { "texture": "#main", "uv": [ 8, 0, 10, 0.125 ] }, 
                "up":    { "texture": "#main", "uv": [ 8, 0, 8.125, 2 ] }, 
                "down":  { "texture": "#main", "uv": [ 8, 0, 8.125, 2 ] }
            }
        }, 
        {
            "name": "Cube", 
            "from": [ 0, 5, 15 ], 
            "to":   [ 16, 6, 16 ], 
            "rotation": { "origin": [8, 8, 8], "axis": "y", "angle": -22.5 }, 
            "faces": {
                "north": { "texture": "#main", "uv": [ 8, 0, 10, 0.125 ] }, 
                "east":  { "texture": "#main", "uv": [ 8, 0, 8.125, 0.125 ] }, 
                "south": { "texture": "#main", "uv": [ 8, 0, 10, 0.125 ] }, 
                "west":  { "texture": "#main", "uv": [ 8, 0, 8.125, 0.125 ] }, 
                "up":    { "texture": "#main", "uv": [ 8, 0, 10, 0.125 ] }, 
                "down":  { "texture": "#main", "uv": [ 8, 0, 10, 0.125 ] }
            }
        }, 
        {
            "name": "Cube", 
            "from": [ 0, 6, 15 ], 
            "to":   [ 16, 7, 16 ], 
            "faces": {
                "north": { "texture": "#main", "uv": [ 8, 0, 10, 0.125 ] }, 
                "east":  { "texture": "#main", "uv": [ 8, 0, 8.125, 0.125 ] }, 
                "south": { "texture": "#main", "uv": [ 8, 0, 10, 0.125 ] }, 
                "west":  { "texture": "#main", "uv": [ 8, 0, 8.125, 0.125 ] }, 
                "up":    { "texture": "#main", "uv": [ 8, 0, 10, 0.125 ] }, 
                "down":  { "texture": "#main", "uv": [ 8, 0, 10, 0.125 ] }
            }
        }, 
        {
            "name": "Cube", 
            "from": [ 0, 7, 15 ], 
            "to":   [ 16, 8, 16 ], 
            "rotation": { "origin": [8, 8, 8], "axis": "y", "angle": 22.5 }, 
            "faces": {
                "north": { "texture": "#main", "uv": [ 8, 0, 10, 0.125 ] }, 
                "east":  { "texture": "#main", "uv": [ 8, 0, 8.125, 0.125 ] }, 
                "south": { "texture": "#main", "uv": [ 8, 0, 10, 0.125 ] }, 
                "west":  { "texture": "#main", "uv": [ 8, 0, 8.125, 0.125 ] }, 
                "up":    { "texture": "#main", "uv": [ 8, 0, 10, 0.125 ] }, 
                "down":  { "texture": "#main", "uv": [ 8, 0, 10, 0.125 ] }
            }
        }, 
        {
            "name": "Cube", 
            "from": [ 0, 8, 15 ], 
            "to":   [ 16, 9, 16 ], 
            "rotation": { "origin": [8, 8, 8], "axis": "y", "angle": 45 }, 
            "faces": {
                "north": { "texture": "#main", "uv": [ 8, 0, 10, 0.125 ] }, 
                "east":  { "texture": "#main", "uv": [ 8, 0, 8.125, 0.125 ] }, 
                "south": { "texture": "#main", "uv": [ 8, 0, 10, 0.125 ] }, 
                "west":  { "texture": "#main", "uv": [ 8, 0, 8.125, 0.125 ] }, 
                "up":    { "texture": "#main", "uv": [ 8, 0, 10, 0.125 ] }, 
                "down":  { "texture": "#main", "uv": [ 8, 0, 10, 0.125 ] }
            }
        }, 
        {
            "name": "Cube", 
            "from": [ 15, 9, 0 ], 
            "to":   [ 16, 10, 16 ], 
            "rotation": { "origin": [8, 8, 8], "axis": "y", "angle": -22.5 }, 
            "faces": {
                "north": { "texture": "#main", "uv": [ 8, 0, 8.125, 0.125 ] }, 
                "east":  { "texture": "#main", "uv": [ 8, 0, 10, 0.125 ] }, 
                "south": { "texture": "#main", "uv": [ 8, 0, 8.125, 0.125 ] }, 
                "west":  { "texture": "#main", "uv": [ 8, 0, 10, 0.125 ] }, 
                "up":    { "texture": "#main", "uv": [ 8, 0, 8.125, 2 ] }, 
                "down":  { "texture": "#main", "uv": [ 8, 0, 8.125, 2 ] }
            }
        }, 
        {
            "name": "Cube", 
            "from": [ 15, 10, 0 ], 
            "to":   [ 16, 11, 16 ], 
            "faces": {
                "north": { "texture": "#main", "uv": [ 8, 0, 8.125, 0.125 ] }, 
                "east":  { "texture": "#main", "uv": [ 8, 0, 10, 0.125 ] }, 
                "south": { "texture": "#main", "uv": [ 8, 0, 8.125, 0.125 ] }, 
                "west":  { "texture": "#main", "uv": [ 8, 0, 10, 0.125 ] }, 
                "up":    { "texture": "#main", "uv": [ 8, 0, 8.125, 2 ] }, 
                "down":  { "texture": "#main", "uv": [ 8, 0, 8.125, 2 ] }
            }
        }, 
        {
            "name": "Cube", 
            "from": [ 15, 11, 0 ], 
            "to":   [ 16, 12, 16 ], 
            "rotation": { "origin": [8, 8, 8], "axis": "y", "angle": 22.5 }, 
            "faces": {
                "north": { "texture": "#main", "uv": [ 8, 0, 8.125, 0.125 ] }, 
                "east":  { "texture": "#main", "uv": [ 8, 0, 10, 0.125 ] }, 
                "south": { "texture": "#main", "uv": [ 8, 0, 8.125, 0.125 ] }, 
                "west":  { "texture": "#main", "uv": [ 8, 0, 10, 0.125 ] }, 
                "up":    { "texture": "#main", "uv": [ 8, 0, 8.125, 2 ] }, 
                "down":  { "texture": "#main", "uv": [ 8, 0, 8.125, 2 ] }
            }
        }, 
        {
            "name": "Cube", 
            "from": [ 15, 12, 0 ], 
            "to":   [ 16, 13, 16 ], 
            "rotation": { "origin": [8, 8, 8], "axis": "y", "angle": 45 }, 
            "faces": {
                "north": { "texture": "#main", "uv": [ 8, 0, 8.125, 0.125 ] }, 
                "east":  { "texture": "#main", "uv": [ 8, 0, 10, 0.125 ] }, 
                "south": { "texture": "#main", "uv": [ 8, 0, 8.125, 0.125 ] }, 
                "west":  { "texture": "#main", "uv": [ 8, 0, 10, 0.125 ] }, 
                "up":    { "texture": "#main", "uv": [ 8, 0, 8.125, 2 ] }, 
                "down":  { "texture": "#main", "uv": [ 8, 0, 8.125, 2 ] }
            }
        }, 
        {
            "name": "middle", 
            "from": [ 6, 0, 6 ], 
            "to":   [ 10, 16, 10 ], 
            "rotation": { "origin": [8, 8, 8], "axis": "y", "angle": -45 }, 
            "faces": {
                "north": { "texture": "#main", "uv": [ 10, 0, 10.5, 2 ] }, 
                "east":  { "texture": "#main", "uv": [ 10, 0, 10.5, 2 ] }, 
                "south": { "texture": "#main", "uv": [ 10, 0, 10.5, 2 ] }, 
                "west":  { "texture": "#main", "uv": [ 10, 0, 10.5, 2 ] }, 
                "up":    { "texture": "#main", "uv": [ 10, 0, 10.5, 0.5 ] }, 
                "down":  { "texture": "#main", "uv": [ 10, 0, 10.5, 0.5 ] }
            }
        }, 
        {
            "name": "Cube", 
            "from": [ 0, 0, 0 ], 
            "to":   [ 16, 1, 1 ], 
            "rotation": { "origin": [8, 8, 8], "axis": "y", "angle": -45 }, 
            "faces": {
                "north": { "texture": "#main", "uv": [ 12, 0, 14, 0.125 ] }, 
                "east":  { "texture": "#main", "uv": [ 12, 0, 12.125, 0.125 ] }, 
                "south": { "texture": "#main", "uv": [ 12, 0, 14, 0.125 ] }, 
                "west":  { "texture": "#main", "uv": [ 12, 0, 12.125, 0.125 ] }, 
                "up":    { "texture": "#main", "uv": [ 12, 0, 14, 0.125 ] }, 
                "down":  { "texture": "#main", "uv": [ 12, 0, 14, 0.125 ] }
            }
        }, 
        {
            "name": "Cube", 
            "from": [ 0, 1, 0 ], 
            "to":   [ 16, 2, 1 ], 
            "rotation": { "origin": [8, 8, 8], "axis": "y", "angle": 22.5 }, 
            "faces": {
                "north": { "texture": "#main", "uv": [ 12, 0, 14, 0.125 ] }, 
                "east":  { "texture": "#main", "uv": [ 12, 0, 12.125, 0.125 ] }, 
                "south": { "texture": "#main", "uv": [ 12, 0, 14, 0.125 ] }, 
                "west":  { "texture": "#main", "uv": [ 12, 0, 12.125, 0.125 ] }, 
                "up":    { "texture": "#main", "uv": [ 12, 0, 14, 0.125 ] }, 
                "down":  { "texture": "#main", "uv": [ 12, 0, 14, 0.125 ] }
            }
        }, 
        {
            "name": "Cube", 
            "from": [ 0, 2, 0 ], 
            "to":   [ 1, 3, 16 ], 
            "rotation": { "origin": [8, 8, 8], "axis": "y", "angle": -45 }, 
            "faces": {
                "north": { "texture": "#main", "uv": [ 12, 0, 12.125, 0.125 ] }, 
                "east":  { "texture": "#main", "uv": [ 12, 0, 14, 0.125 ] }, 
                "south": { "texture": "#main", "uv": [ 12, 0, 12.125, 0.125 ] }, 
                "west":  { "texture": "#main", "uv": [ 12, 0, 14, 0.125 ] }, 
                "up":    { "texture": "#main", "uv": [ 12, 0, 12.125, 2 ] }, 
                "down":  { "texture": "#main", "uv": [ 12, 0, 12.125, 2 ] }
            }
        }, 
        {
            "name": "Cube", 
            "from": [ 0, 3, 0 ], 
            "to":   [ 1, 4, 16 ], 
            "faces": {
                "north": { "texture": "#main", "uv": [ 12, 0, 12.125, 0.125 ] }, 
                "east":  { "texture": "#main", "uv": [ 12, 0, 14, 0.125 ] }, 
                "south": { "texture": "#main", "uv": [ 12, 0, 12.125, 0.125 ] }, 
                "west":  { "texture": "#main", "uv": [ 12, 0, 14, 0.125 ] }, 
                "up":    { "texture": "#main", "uv": [ 12, 0, 12.125, 2 ] }, 
                "down":  { "texture": "#main", "uv": [ 12, 0, 12.125, 2 ] }
            }
        }, 
        {
            "name": "Cube", 
            "from": [ 0, 4, 0 ], 
            "to":   [ 1, 5, 16 ], 
            "rotation": { "origin": [8, 8, 8], "axis": "y", "angle": 22.5 }, 
            "faces": {
                "north": { "texture": "#main", "uv": [ 12, 0, 12.125, 0.125 ] }, 
                "east":  { "texture": "#main", "uv": [ 12, 0, 14, 0.125 ] }, 
                "south": { "texture": "#main", "uv": [ 12, 0, 12.125, 0.125 ] }, 
                "west":  { "texture": "#main", "uv": [ 12, 0, 14, 0.125 ] }, 
                "up":    { "texture": "#main", "uv": [ 12, 0, 12.125, 2 ] }, 
                "down":  { "texture": "#main", "uv": [ 12, 0, 12.125, 2 ] }
            }
        }, 
        {
            "name": "Cube", 
            "from": [ 0, 5, 15 ], 
            "to":   [ 16, 6, 16 ], 
            "rotation": { "origin": [8, 8, 8], "axis": "y", "angle": -22.5 }, 
            "faces": {
                "north": { "texture": "#main", "uv": [ 12, 0, 14, 0.125 ] }, 
                "east":  { "texture": "#main", "uv": [ 12, 0, 12.125, 0.125 ] }, 
                "south": { "texture": "#main", "uv": [ 12, 0, 14, 0.125 ] }, 
                "west":  { "texture": "#main", "uv": [ 12, 0, 12.125, 0.125 ] }, 
                "up":    { "texture": "#main", "uv": [ 12, 0, 14, 0.125 ] }, 
                "down":  { "texture": "#main", "uv": [ 12, 0, 14, 0.125 ] }
            }
        }, 
        {
            "name": "Cube", 
            "from": [ 0, 6, 15 ], 
            "to":   [ 16, 7, 16 ], 
            "faces": {
                "north": { "texture": "#main", "uv": [ 12, 0, 14, 0.125 ] }, 
                "east":  { "texture": "#main", "uv": [ 12, 0, 12.125, 0.125 ] }, 
                "south": { "texture": "#main", "uv": [ 12, 0, 14, 0.125 ] }, 
                "west":  { "texture": "#main", "uv": [ 12, 0, 12.125, 0.125 ] }, 
                "up":    { "texture": "#main", "uv": [ 12, 0, 14, 0.125 ] }, 
                "down":  { "texture": "#main", "uv": [ 12, 0, 14, 0.125 ] }
            }
        }, 
        {
            "name": "Cube", 
            "from": [ 0, 7, 15 ], 
            "to":   [ 16, 8, 16 ], 
            "rotation": { "origin": [8, 8, 8], "axis": "y", "angle": 22.5 }, 
            "faces": {
                "north": { "texture": "#main", "uv": [ 12, 0, 14, 0.125 ] }, 
                "east":  { "texture": "#main", "uv": [ 12, 0, 12.125, 0.125 ] }, 
                "south": { "texture": "#main", "uv": [ 12, 0, 14, 0.125 ] }, 
                "west":  { "texture": "#main", "uv": [ 12, 0, 12.125, 0.125 ] }, 
                "up":    { "texture": "#main", "uv": [ 12, 0, 14, 0.125 ] }, 
                "down":  { "texture": "#main", "uv": [ 12, 0, 14, 0.125 ] }
            }
        }, 
        {
            "name": "Cube", 
            "from": [ 0, 8, 15 ], 
            "to":   [ 16, 9, 16 ], 
            "rotation": { "origin": [8, 8, 8], "axis": "y", "angle": 45 }, 
            "faces": {
                "north": { "texture": "#main", "uv": [ 12, 0, 14, 0.125 ] }, 
                "east":  { "texture": "#main", "uv": [ 12, 0, 12.125, 0.125 ] }, 
                "south": { "texture": "#main", "uv": [ 12, 0, 14, 0.125 ] }, 
                "west":  { "texture": "#main", "uv": [ 12, 0, 12.125, 0.125 ] }, 
                "up":    { "texture": "#main", "uv": [ 12, 0, 14, 0.125 ] }, 
                "down":  { "texture": "#main", "uv": [ 12, 0, 14, 0.125 ] }
            }
        }, 
        {
            "name": "Cube", 
            "from": [ 15, 9, 0 ], 
            "to":   [ 16, 10, 16 ], 
            "rotation": { "origin": [8, 8, 8], "axis": "y", "angle": -22.5 }, 
            "faces": {
                "north": { "texture": "#main", "uv": [ 12, 0, 12.125, 0.125 ] }, 
                "east":  { "texture": "#main", "uv": [ 12, 0, 14, 0.125 ] }, 
                "south": { "texture": "#main", "uv": [ 12, 0, 12.125, 0.125 ] }, 
                "west":  { "texture": "#main", "uv": [ 12, 0, 14, 0.125 ] }, 
                "up":    { "texture": "#main", "uv": [ 12, 0, 12.125, 2 ] }, 
                "down":  { "texture": "#main", "uv": [ 12, 0, 12.125, 2 ] }
            }
        }, 
        {
            "name": "Cube", 
            "from": [ 15, 10, 0 ], 
            "to":   [ 16, 11, 16 ], 
            "faces": {
                "north": { "texture": "#main", "uv": [ 12, 0, 12.125, 0.125 ] }, 
                "east":  { "texture": "#main", "uv": [ 12, 0, 14, 0.125 ] }, 
                "south": { "texture": "#main", "uv": [ 12, 0, 12.125, 0.125 ] }, 
                "west":  { "texture": "#main", "uv": [ 12, 0, 14, 0.125 ] }, 
                "up":    { "texture": "#main", "uv": [ 12, 0, 12.125, 2 ] }, 
                "down":  { "texture": "#main", "uv": [ 12, 0, 12.125, 2 ] }
            }
        }, 
        {
            "name": "Cube", 
            "from": [ 15, 11, 0 ], 
            "to":   [ 16, 12, 16 ], 
            "rotation": { "origin": [8, 8, 8], "axis": "y", "angle": 22.5 }, 
            "faces": {
                "north": { "texture": "#main", "uv": [ 12, 0, 12.125, 0.125 ] }, 
                "east":  { "texture": "#main", "uv": [ 12, 0, 14, 0.125 ] }, 
                "south": { "texture": "#main", "uv": [ 12, 0, 12.125, 0.125 ] }, 
                "west":  { "texture": "#main", "uv": [ 12, 0, 14, 0.125 ] }, 
                "up":    { "texture": "#main", "uv": [ 12, 0, 12.125, 2 ] }, 
                "down":  { "texture": "#main", "uv": [ 12, 0, 12.125, 2 ] }
            }
        }, 
        {
            "name": "Cube", 
            "from": [ 15, 12, 0 ], 
            "to":   [ 16, 13, 16 ], 
            "rotation": { "origin": [8, 8, 8], "axis": "y", "angle": 45 }, 
            "faces": {
                "north": { "texture": "#main", "uv": [ 12, 0, 12.125, 0.125 ] }, 
                "east":  { "texture": "#main", "uv": [ 12, 0, 14, 0.125 ] }, 
                "south": { "texture": "#main", "uv": [ 12, 0, 12.125, 0.125 ] }, 
                "west":  { "texture": "#main", "uv": [ 12, 0, 14, 0.125 ] }, 
                "up":    { "texture": "#main", "uv": [ 12, 0, 12.125, 2 ] }, 
                "down":  { "texture": "#main", "uv": [ 12, 0, 12.125, 2 ] }
            }
        }, 
        {
            "name": "middle", 
            "from": [ 6, 0, 6 ], 
            "to":   [ 10, 16, 10 ], 
            "rotation": { "origin": [8, 8, 8], "axis": "y", "angle": 45 }, 
            "faces": {
                "north": { "texture": "#main", "uv": [ 14, 0, 14.5, 2 ] }, 
                "east":  { "texture": "#main", "uv": [ 14, 0, 14.5, 2 ] }, 
                "south": { "texture": "#main", "uv": [ 14, 0, 14.5, 2 ] }, 
                "west":  { "texture": "#main", "uv": [ 14, 0, 14.5, 2 ] }, 
                "up":    { "texture": "#main", "uv": [ 14, 0, 14.5, 0.5 ] }, 
                "down":  { "texture": "#main", "uv": [ 14, 0, 14.5, 0.5 ] }
            }
        }, 
        {
            "name": "Cube", 
            "from": [ 0, 0, 0 ], 
            "to":   [ 16, 1, 1 ], 
            "rotation": { "origin": [8, 8, 8], "axis": "y", "angle": -45 }, 
            "faces": {
                "north": { "texture": "#main", "uv": [ 0, 4, 2, 4.125 ] }, 
                "east":  { "texture": "#main", "uv": [ 0, 4, 0.125, 4.125 ] }, 
                "south": { "texture": "#main", "uv": [ 0, 4, 2, 4.125 ] }, 
                "west":  { "texture": "#main", "uv": [ 0, 4, 0.125, 4.125 ] }, 
                "up":    { "texture": "#main", "uv": [ 0, 4, 2, 4.125 ] }, 
                "down":  { "texture": "#main", "uv": [ 0, 4, 2, 4.125 ] }
            }
        }, 
        {
            "name": "Cube", 
            "from": [ 0, 1, 0 ], 
            "to":   [ 16, 2, 1 ], 
            "rotation": { "origin": [8, 8, 8], "axis": "y", "angle": 22.5 }, 
            "faces": {
                "north": { "texture": "#main", "uv": [ 0, 4, 2, 4.125 ] }, 
                "east":  { "texture": "#main", "uv": [ 0, 4, 0.125, 4.125 ] }, 
                "south": { "texture": "#main", "uv": [ 0, 4, 2, 4.125 ] }, 
                "west":  { "texture": "#main", "uv": [ 0, 4, 0.125, 4.125 ] }, 
                "up":    { "texture": "#main", "uv": [ 0, 4, 2, 4.125 ] }, 
                "down":  { "texture": "#main", "uv": [ 0, 4, 2, 4.125 ] }
            }
        }, 
        {
            "name": "Cube", 
            "from": [ 0, 2, 0 ], 
            "to":   [ 1, 3, 16 ], 
            "rotation": { "origin": [8, 8, 8], "axis": "y", "angle": -45 }, 
            "faces": {
                "north": { "texture": "#main", "uv": [ 0, 4, 0.125, 4.125 ] }, 
                "east":  { "texture": "#main", "uv": [ 0, 4, 2, 4.125 ] }, 
                "south": { "texture": "#main", "uv": [ 0, 4, 0.125, 4.125 ] }, 
                "west":  { "texture": "#main", "uv": [ 0, 4, 2, 4.125 ] }, 
                "up":    { "texture": "#main", "uv": [ 0, 4, 0.125, 6 ] }, 
                "down":  { "texture": "#main", "uv": [ 0, 4, 0.125, 6 ] }
            }
        }, 
        {
            "name": "Cube", 
            "from": [ 0, 3, 0 ], 
            "to":   [ 1, 4, 16 ], 
            "faces": {
                "north": { "texture": "#main", "uv": [ 0, 4, 0.125, 4.125 ] }, 
                "east":  { "texture": "#main", "uv": [ 0, 4, 2, 4.125 ] }, 
                "south": { "texture": "#main", "uv": [ 0, 4, 0.125, 4.125 ] }, 
                "west":  { "texture": "#main", "uv": [ 0, 4, 2, 4.125 ] }, 
                "up":    { "texture": "#main", "uv": [ 0, 4, 0.125, 6 ] }, 
                "down":  { "texture": "#main", "uv": [ 0, 4, 0.125, 6 ] }
            }
        }, 
        {
            "name": "Cube", 
            "from": [ 0, 4, 0 ], 
            "to":   [ 1, 5, 16 ], 
            "rotation": { "origin": [8, 8, 8], "axis": "y", "angle": 22.5 }, 
            "faces": {
                "north": { "texture": "#main", "uv": [ 0, 4, 0.125, 4.125 ] }, 
                "east":  { "texture": "#main", "uv": [ 0, 4, 2, 4.125 ] }, 
                "south": { "texture": "#main", "uv": [ 0, 4, 0.125, 4.125 ] }, 
                "west":  { "texture": "#main", "uv": [ 0, 4, 2, 4.125 ] }, 
                "up":    { "texture": "#main", "uv": [ 0, 4, 0.125, 6 ] }, 
                "down":  { "texture": "#main", "uv": [ 0, 4, 0.125, 6 ] }
            }
        }, 
        {
            "name": "Cube", 
            "from": [ 0, 5, 15 ], 
            "to":   [ 16, 6, 16 ], 
            "rotation": { "origin": [8, 8, 8], "axis": "y", "angle": -22.5 }, 
            "faces": {
                "north": { "texture": "#main", "uv": [ 0, 4, 2, 4.125 ] }, 
                "east":  { "texture": "#main", "uv": [ 0, 4, 0.125, 4.125 ] }, 
                "south": { "texture": "#main", "uv": [ 0, 4, 2, 4.125 ] }, 
                "west":  { "texture": "#main", "uv": [ 0, 4, 0.125, 4.125 ] }, 
                "up":    { "texture": "#main", "uv": [ 0, 4, 2, 4.125 ] }, 
                "down":  { "texture": "#main", "uv": [ 0, 4, 2, 4.125 ] }
            }
        }, 
        {
            "name": "Cube", 
            "from": [ 0, 6, 15 ], 
            "to":   [ 16, 7, 16 ], 
            "faces": {
                "north": { "texture": "#main", "uv": [ 0, 4, 2, 4.125 ] }, 
                "east":  { "texture": "#main", "uv": [ 0, 4, 0.125, 4.125 ] }, 
                "south": { "texture": "#main", "uv": [ 0, 4, 2, 4.125 ] }, 
                "west":  { "texture": "#main", "uv": [ 0, 4, 0.125, 4.125 ] }, 
                "up":    { "texture": "#main", "uv": [ 0, 4, 2, 4.125 ] }, 
                "down":  { "texture": "#main", "uv": [ 0, 4, 2, 4.125 ] }
            }
        }, 
        {
            "name": "Cube", 
            "from": [ 0, 7, 15 ], 
            "to":   [ 16, 8, 16 ], 
            "rotation": { "origin": [8, 8, 8], "axis": "y", "angle": 22.5 }, 
            "faces": {
                "north": { "texture": "#main", "uv": [ 0, 4, 2, 4.125 ] }, 
                "east":  { "texture": "#main", "uv": [ 0, 4, 0.125, 4.125 ] }, 
                "south": { "texture": "#main", "uv": [ 0, 4, 2, 4.125 ] }, 
                "west":  { "texture": "#main", "uv": [ 0, 4, 0.125, 4.125 ] }, 
                "up":    { "texture": "#main", "uv": [ 0, 4, 2, 4.125 ] }, 
                "down":  { "texture": "#main", "uv": [ 0, 4, 2, 4.125 ] }
            }
        }, 
        {
            "name": "Cube", 
            "from": [ 0, 8, 15 ], 
            "to":   [ 16, 9, 16 ], 
            "rotation": { "origin": [8, 8, 8], "axis": "y", "angle": 45 }, 
            "faces": {
                "north": { "texture": "#main", "uv": [ 0, 4, 2, 4.125 ] }, 
                "east":  { "texture": "#main", "uv": [ 0, 4, 0.125, 4.125 ] }, 
                "south": { "texture": "#main", "uv": [ 0, 4, 2, 4.125 ] }, 
                "west":  { "texture": "#main", "uv": [ 0, 4, 0.125, 4.125 ] }, 
                "up":    { "texture": "#main", "uv": [ 0, 4, 2, 4.125 ] }, 
                "down":  { "texture": "#main", "uv": [ 0, 4, 2, 4.125 ] }
            }
        }, 
        {
            "name": "Cube", 
            "from": [ 15, 9, 0 ], 
            "to":   [ 16, 10, 16 ], 
            "rotation": { "origin": [8, 8, 8], "axis": "y", "angle": -22.5 }, 
            "faces": {
                "north": { "texture": "#main", "uv": [ 0, 4, 0.125, 4.125 ] }, 
                "east":  { "texture": "#main", "uv": [ 0, 4, 2, 4.125 ] }, 
                "south": { "texture": "#main", "uv": [ 0, 4, 0.125, 4.125 ] }, 
                "west":  { "texture": "#main", "uv": [ 0, 4, 2, 4.125 ] }, 
                "up":    { "texture": "#main", "uv": [ 0, 4, 0.125, 6 ] }, 
                "down":  { "texture": "#main", "uv": [ 0, 4, 0.125, 6 ] }
            }
        }, 
        {
            "name": "Cube", 
            "from": [ 15, 10, 0 ], 
            "to":   [ 16, 11, 16 ], 
            "faces": {
                "north": { "texture": "#main", "uv": [ 0, 4, 0.125, 4.125 ] }, 
                "east":  { "texture": "#main", "uv": [ 0, 4, 2, 4.125 ] }, 
                "south": { "texture": "#main", "uv": [ 0, 4, 0.125, 4.125 ] }, 
                "west":  { "texture": "#main", "uv": [ 0, 4, 2, 4.125 ] }, 
                "up":    { "texture": "#main", "uv": [ 0, 4, 0.125, 6 ] }, 
                "down":  { "texture": "#main", "uv": [ 0, 4, 0.125, 6 ] }
            }
        }, 
        {
            "name": "Cube", 
            "from": [ 15, 11, 0 ], 
            "to":   [ 16, 12, 16 ], 
            "rotation": { "origin": [8, 8, 8], "axis": "y", "angle": 22.5 }, 
            "faces": {
                "north": { "texture": "#main", "uv": [ 0, 4, 0.125, 4.125 ] }, 
                "east":  { "texture": "#main", "uv": [ 0, 4, 2, 4.125 ] }, 
                "south": { "texture": "#main", "uv": [ 0, 4, 0.125, 4.125 ] }, 
                "west":  { "texture": "#main", "uv": [ 0, 4, 2, 4.125 ] }, 
                "up":    { "texture": "#main", "uv": [ 0, 4, 0.125, 6 ] }, 
                "down":  { "texture": "#main", "uv": [ 0, 4, 0.125, 6 ] }
            }
        }, 
        {
            "name": "Cube", 
            "from": [ 15, 12, 0 ], 
            "to":   [ 16, 13, 16 ], 
            "rotation": { "origin": [8, 8, 8], "axis": "y", "angle": 45 }, 
            "faces": {
                "north": { "texture": "#main", "uv": [ 0, 4, 0.125, 4.125 ] }, 
                "east":  { "texture": "#main", "uv": [ 0, 4, 2, 4.125 ] }, 
                "south": { "texture": "#main", "uv": [ 0, 4, 0.125, 4.125 ] }, 
                "west":  { "texture": "#main", "uv": [ 0, 4, 2, 4.125 ] }, 
                "up":    { "texture": "#main", "uv": [ 0, 4, 0.125, 6 ] }, 
                "down":  { "texture": "#main", "uv": [ 0, 4, 0.125, 6 ] }
            }
        }, 
        {
            "name": "middle", 
            "from": [ 6, 0, 6 ], 
            "to":   [ 10, 16, 10 ], 
            "rotation": { "origin": [8, 8, 8], "axis": "y", "angle": 22.5 }, 
            "faces": {
                "north": { "texture": "#main", "uv": [ 2, 4, 2.5, 6 ] }, 
                "east":  { "texture": "#main", "uv": [ 2, 4, 2.5, 6 ] }, 
                "south": { "texture": "#main", "uv": [ 2, 4, 2.5, 6 ] }, 
                "west":  { "texture": "#main", "uv": [ 2, 4, 2.5, 6 ] }, 
                "up":    { "texture": "#main", "uv": [ 2, 4, 2.5, 4.5 ] }, 
                "down":  { "texture": "#main", "uv": [ 2, 4, 2.5, 4.5 ] }
            }
        }
    ],
	"display": {
		"ground": {
			"rotation": [ 0, 180, 0 ],
			"translation": [ 0, -6, 0 ],
			"scale": [ 0.5, 0.5, 0.5 ]
		}
}
}