{
    "__comment": "Model generated using MrCrayfish's Model Creator (http://mrcrayfish.com/modelcreator/)",
    "textures": {
        "0": "blocks/ice_packed",
        "1": "blocks/ice",
        "2": "blocks/diamond_block"
    },
    "elements": [
        {
            "name": "Cube",
            "from": [ 7.0, 0.0, 7.0 ], 
            "to": [ 9.0, 1.0, 9.0 ], 
            "faces": {
                "north": { "texture": "#0", "uv": [ 0.0, 0.0, 2.0, 1.0 ] },
                "east": { "texture": "#0", "uv": [ 0.0, 0.0, 2.0, 1.0 ] },
                "south": { "texture": "#0", "uv": [ 0.0, 0.0, 2.0, 1.0 ] },
                "west": { "texture": "#0", "uv": [ 0.0, 0.0, 2.0, 1.0 ] },
                "up": { "texture": "#0", "uv": [ 0.0, 0.0, 2.0, 2.0 ] },
                "down": { "texture": "#0", "uv": [ 0.0, 0.0, 2.0, 2.0 ] }
            }
        },
        {
            "name": "Cube",
            "from": [ 7.500000007450581, 1.5000000074505806, 7.500000007450581 ], 
            "to": [ 8.50000000745058, 2.5000000074505806, 8.50000000745058 ], 
            "faces": {
                "north": { "texture": "#0", "uv": [ 0.0, 0.0, 1.0, 1.0 ] },
                "east": { "texture": "#0", "uv": [ 0.0, 0.0, 1.0, 1.0 ] },
                "south": { "texture": "#0", "uv": [ 0.0, 0.0, 1.0, 1.0 ] },
                "west": { "texture": "#0", "uv": [ 0.0, 0.0, 1.0, 1.0 ] },
                "up": { "texture": "#0", "uv": [ 0.0, 0.0, 1.0, 1.0 ] },
                "down": { "texture": "#0", "uv": [ 0.0, 0.0, 1.0, 1.0 ] }
            }
        },
        {
            "name": "Cube",
            "from": [ 7.500000007450581, 3.000000014901161, 7.500000007450581 ], 
            "to": [ 8.50000000745058, 4.000000014901161, 8.50000000745058 ], 
            "faces": {
                "north": { "texture": "#1", "uv": [ 0.0, 0.0, 1.0, 1.0 ] },
                "east": { "texture": "#1", "uv": [ 0.0, 0.0, 1.0, 1.0 ] },
                "south": { "texture": "#1", "uv": [ 0.0, 0.0, 1.0, 1.0 ] },
                "west": { "texture": "#1", "uv": [ 0.0, 0.0, 1.0, 1.0 ] },
                "up": { "texture": "#1", "uv": [ 0.0, 0.0, 1.0, 1.0 ] },
                "down": { "texture": "#1", "uv": [ 0.0, 0.0, 1.0, 1.0 ] }
            }
        },
        {
            "name": "Cube",
            "from": [ 7.500000007450581, 4.500000022351742, 7.500000007450581 ], 
            "to": [ 8.50000000745058, 5.500000022351742, 8.50000000745058 ], 
            "faces": {
                "north": { "texture": "#1", "uv": [ 0.0, 0.0, 1.0, 1.0 ] },
                "east": { "texture": "#1", "uv": [ 0.0, 0.0, 1.0, 1.0 ] },
                "south": { "texture": "#1", "uv": [ 0.0, 0.0, 1.0, 1.0 ] },
                "west": { "texture": "#1", "uv": [ 0.0, 0.0, 1.0, 1.0 ] },
                "up": { "texture": "#1", "uv": [ 0.0, 0.0, 1.0, 1.0 ] },
                "down": { "texture": "#1", "uv": [ 0.0, 0.0, 1.0, 1.0 ] }
            }
        },
        {
            "name": "Cube",
            "from": [ 7.500000007450581, 6.000000029802322, 7.500000007450581 ], 
            "to": [ 8.50000000745058, 7.000000029802322, 8.50000000745058 ], 
            "faces": {
                "north": { "texture": "#1", "uv": [ 0.0, 0.0, 1.0, 1.0 ] },
                "east": { "texture": "#1", "uv": [ 0.0, 0.0, 1.0, 1.0 ] },
                "south": { "texture": "#1", "uv": [ 0.0, 0.0, 1.0, 1.0 ] },
                "west": { "texture": "#1", "uv": [ 0.0, 0.0, 1.0, 1.0 ] },
                "up": { "texture": "#1", "uv": [ 0.0, 0.0, 1.0, 1.0 ] },
                "down": { "texture": "#1", "uv": [ 0.0, 0.0, 1.0, 1.0 ] }
            }
        },
        {
            "name": "Cube",
            "from": [ 7.500000007450581, 7.500000037252903, 7.500000007450581 ], 
            "to": [ 8.50000000745058, 8.500000037252903, 8.50000000745058 ], 
            "faces": {
                "north": { "texture": "#1", "uv": [ 0.0, 0.0, 1.0, 1.0 ] },
                "east": { "texture": "#1", "uv": [ 0.0, 0.0, 1.0, 1.0 ] },
                "south": { "texture": "#1", "uv": [ 0.0, 0.0, 1.0, 1.0 ] },
                "west": { "texture": "#1", "uv": [ 0.0, 0.0, 1.0, 1.0 ] },
                "up": { "texture": "#1", "uv": [ 0.0, 0.0, 1.0, 1.0 ] },
                "down": { "texture": "#1", "uv": [ 0.0, 0.0, 1.0, 1.0 ] }
            }
        },
        {
            "name": "Cube",
            "from": [ 7.500000007450581, 9.000000059604645, 7.500000007450581 ], 
            "to": [ 8.50000000745058, 10.500000052154064, 8.50000000745058 ], 
            "faces": {
                "north": { "texture": "#0", "uv": [ 0.0, 0.0, 1.0, 1.4999999925494194 ] },
                "east": { "texture": "#0", "uv": [ 0.0, 0.0, 1.0, 1.4999999925494194 ] },
                "south": { "texture": "#0", "uv": [ 0.0, 0.0, 1.0, 1.4999999925494194 ] },
                "west": { "texture": "#0", "uv": [ 0.0, 0.0, 1.0, 1.4999999925494194 ] },
                "up": { "texture": "#0", "uv": [ 0.0, 0.0, 1.0, 1.0 ] },
                "down": { "texture": "#0", "uv": [ 0.0, 0.0, 1.0, 1.0 ] }
            }
        },
        {
            "name": "Cube",
            "from": [ 7.0, 11.000000059604645, 7.0 ], 
            "to": [ 9.0, 13.000000059604645, 9.0 ], 
            "faces": {
                "north": { "texture": "#2", "uv": [ 0.0, 0.0, 2.0, 2.0 ] },
                "east": { "texture": "#2", "uv": [ 0.0, 0.0, 2.0, 2.0 ] },
                "south": { "texture": "#2", "uv": [ 0.0, 0.0, 2.0, 2.0 ] },
                "west": { "texture": "#2", "uv": [ 0.0, 0.0, 2.0, 2.0 ] },
                "up": { "texture": "#2", "uv": [ 0.0, 0.0, 2.0, 2.0 ] },
                "down": { "texture": "#2", "uv": [ 0.0, 0.0, 2.0, 2.0 ] }
            }
        },
        {
            "name": "Cube",
            "from": [ 6.699999995529652, 12.000000059604645, 6.699999995529652 ], 
            "to": [ 9.299999989569187, 15.000000059604645, 9.299999989569187 ], 
            "rotation": { "origin": [ 8.0, 8.0, 8.0 ], "axis": "y", "angle": -45.0 },
            "faces": {
                "north": { "texture": "#2", "uv": [ 0.0, 0.0, 2.5999999940395355, 3.0 ] },
                "east": { "texture": "#2", "uv": [ 0.0, 0.0, 2.5999999940395355, 3.0 ] },
                "south": { "texture": "#2", "uv": [ 0.0, 0.0, 2.5999999940395355, 3.0 ] },
                "west": { "texture": "#2", "uv": [ 0.0, 0.0, 2.5999999940395355, 3.0 ] },
                "up": { "texture": "#2", "uv": [ 0.0, 0.0, 2.5999999940395355, 2.5999999940395355 ] },
                "down": { "texture": "#2", "uv": [ 0.0, 0.0, 2.5999999940395355, 2.5999999940395355 ] }
            }
        }
    ],
	"display": {
		"thirdperson_righthand": {
			"rotation":  [ 0, 90, 0 ],
			"translation":  [ 0, 5, 0 ],
			"scale":  [ 1.3, 1.3, 1.3 ]
		},
		"firstperson_righthand": {
			"rotation":  [ -30, 90, 0 ],
			"translation":  [ 0, 5, 0 ],
			"scale":  [ 1.3, 1.3, 1.3 ]
		},
		"gui": {
			"rotation":  [ 0, 0, -45 ],
			"translation":  [ 0, 0, 0 ],
			"scale":  [ 1.0, 1.0, 1.0 ]
		},
		"ground": {
			"translation":  [ 0, 0, 0 ],
			"scale":  [ 1.0, 1.0, 1.0 ]
		}
	}
}