{
    "parent": "item/handheld_rod",
    "textures": {
        "layer0": "item/carrot_on_a_stick"
    },
        "overrides": [
                { "predicate": {"damaged": 0, "damage": 0.00}, "model": "item/carrot2"},
                { "predicate": {"damaged": 0, "damage": 0.04}, "model": "item/repulsion wand"},
                { "predicate": {"damaged": 0, "damage": 0.08}, "model": "item/relativity wand"},
                { "predicate": {"damaged": 0, "damage": 0.12}, "model": "item/extraction wand"},
                { "predicate": {"damaged": 0, "damage": 0.16}, "model": "item/refridgerant wand"},
                { "predicate": {"damaged": 0, "damage": 0.20}, "model": "item/infallable wand"},
                { "predicate": {"damaged": 0, "damage": 0.24}, "model": "item/shatter wand"},
                { "predicate": {"damaged": 0, "damage": 0.28}, "model": "item/time wand"},
                { "predicate": {"damaged": 0, "damage": 0.32}, "model": "item/captive wand"},
                { "predicate": {"damaged": 0, "damage": 0.36}, "model": "item/ether wand"},
                { "predicate": {"damaged": 0, "damage": 0.40}, "model": "item/harvest wand"},
                { "predicate": {"damaged": 0, "damage": 0.44}, "model": "item/mage wand"},	
                { "predicate": {"damaged": 0, "damage": 0.48}, "model": "item/skitter wand"},
                { "predicate": {"damaged": 0, "damage": 0.52}, "model": "item/blight wand"},
                { "predicate": {"damaged": 0, "damage": 0.56}, "model": "item/saturation wand"},
                { "predicate": {"damaged": 0, "damage": 0.60}, "model": "item/spirit wand"},
                { "predicate": {"damaged": 0, "damage": 0.64}, "model": "item/nether wand"},
                { "predicate": {"damaged": 0, "damage": 0.68}, "model": "item/chunk wand"},
                { "predicate": {"damaged": 0, "damage": 0.72}, "model": "item/eckspei_rod"},								
                { "predicate": {"damaged": 0, "damage": 0.96}, "model": "item/bright_relic"},	
                { "predicate": {"damaged": 0, "damage": 1.00}, "model": "item/dark_relic"},				
                { "predicate": {"damaged": 1, "damage": 0}, "model": "item/carrot2"}				
        ]
}