{
    "__comment": "Model generated using MrCrayfish's Model Creator (http://mrcrayfish.com/modelcreator/)",
    "textures": {
        "0": "blocks/wool_colored_black",
        "1": "blocks/wool_colored_white",
        "2": "blocks/wool_colored_red",
        "3": "blocks/ice"
    },
    "elements": [
        {
            "name": "Cube",
            "from": [ 4.199999988079071, -3.0, 1.0 ], 
            "to": [ 11.600000008940697, -2.0, 12.0 ], 
            "faces": {
                "north": { "texture": "#0", "uv": [ 0.0, 0.0, 7.400000020861626, 1.0 ] },
                "east": { "texture": "#0", "uv": [ 0.0, 0.0, 11.0, 1.0 ] },
                "south": { "texture": "#0", "uv": [ 0.0, 0.0, 7.400000020861626, 1.0 ] },
                "west": { "texture": "#0", "uv": [ 0.0, 0.0, 11.0, 1.0 ] },
                "up": { "texture": "#0", "uv": [ 0.0, 0.0, 7.400000020861626, 11.0 ] },
                "down": { "texture": "#0", "uv": [ 0.0, 0.0, 7.400000020861626, 11.0 ] }
            }
        },
        {
            "name": "Cube",
            "from": [ 4.499999992549419, -2.0, 3.0 ], 
            "to": [ 11.50000000745058, -1.0, 12.0 ], 
            "faces": {
                "north": { "texture": "#0", "uv": [ 0.0, 0.0, 7.000000014901161, 1.0 ] },
                "east": { "texture": "#0", "uv": [ 0.0, 0.0, 9.0, 1.0 ] },
                "south": { "texture": "#0", "uv": [ 0.0, 0.0, 7.000000014901161, 1.0 ] },
                "west": { "texture": "#0", "uv": [ 0.0, 0.0, 9.0, 1.0 ] },
                "up": { "texture": "#0", "uv": [ 0.0, 0.0, 7.000000014901161, 9.0 ] },
                "down": { "texture": "#0", "uv": [ 0.0, 0.0, 7.000000014901161, 9.0 ] }
            }
        },
        {
            "name": "Cube",
            "from": [ 4.5999999940395355, -1.0, 5.0 ], 
            "to": [ 11.400000005960464, 2.0, 12.0 ], 
            "faces": {
                "north": { "texture": "#0", "uv": [ 0.0, 0.0, 6.800000011920929, 3.0 ] },
                "east": { "texture": "#0", "uv": [ 0.0, 0.0, 7.0, 3.0 ] },
                "south": { "texture": "#0", "uv": [ 0.0, 0.0, 6.800000011920929, 3.0 ] },
                "west": { "texture": "#0", "uv": [ 0.0, 0.0, 7.0, 3.0 ] },
                "up": { "texture": "#0", "uv": [ 0.0, 0.0, 6.800000011920929, 7.0 ] },
                "down": { "texture": "#0", "uv": [ 0.0, 0.0, 6.800000011920929, 7.0 ] }
            }
        },
        {
            "name": "Cube",
            "from": [ 4.5999999940395355, 2.0, 6.0 ], 
            "to": [ 11.400000005960464, 9.0, 12.0 ], 
            "faces": {
                "north": { "texture": "#0", "uv": [ 0.0, 0.0, 6.800000011920929, 7.0 ] },
                "east": { "texture": "#0", "uv": [ 0.0, 0.0, 6.0, 7.0 ] },
                "south": { "texture": "#0", "uv": [ 0.0, 0.0, 6.800000011920929, 7.0 ] },
                "west": { "texture": "#0", "uv": [ 0.0, 0.0, 6.0, 7.0 ] },
                "up": { "texture": "#0", "uv": [ 0.0, 0.0, 6.800000011920929, 6.0 ] },
                "down": { "texture": "#0", "uv": [ 0.0, 0.0, 6.800000011920929, 6.0 ] }
            }
        },
        {
            "name": "Cube",
            "from": [ 5.300000004470348, 11.0, 7.000000014901161 ], 
            "to": [ 10.699999995529652, 14.0, 12.0 ], 
            "faces": {
                "north": { "texture": "#0", "uv": [ 0.0, 0.0, 5.399999991059303, 3.0 ] },
                "east": { "texture": "#0", "uv": [ 0.0, 0.0, 4.999999985098839, 3.0 ] },
                "south": { "texture": "#0", "uv": [ 0.0, 0.0, 5.399999991059303, 3.0 ] },
                "west": { "texture": "#0", "uv": [ 0.0, 0.0, 4.999999985098839, 3.0 ] },
                "up": { "texture": "#0", "uv": [ 0.0, 0.0, 5.399999991059303, 4.999999985098839 ] },
                "down": { "texture": "#0", "uv": [ 0.0, 0.0, 5.399999991059303, 4.999999985098839 ] }
            }
        },
        {
            "name": "Cube",
            "from": [ 5.700000010430813, 14.0, 6.000000014901161 ], 
            "to": [ 10.50000000745058, 18.0, 12.400000005960464 ], 
            "faces": {
                "north": { "texture": "#0", "uv": [ 0.0, 0.0, 4.799999997019768, 4.0 ] },
                "east": { "texture": "#0", "uv": [ 0.0, 0.0, 6.399999991059303, 4.0 ] },
                "south": { "texture": "#0", "uv": [ 0.0, 0.0, 4.799999997019768, 4.0 ] },
                "west": { "texture": "#0", "uv": [ 0.0, 0.0, 6.399999991059303, 4.0 ] },
                "up": { "texture": "#0", "uv": [ 0.0, 0.0, 4.799999997019768, 6.399999991059303 ] },
                "down": { "texture": "#0", "uv": [ 0.0, 0.0, 4.799999997019768, 6.399999991059303 ] }
            }
        },
        {
            "name": "Cube",
            "from": [ 5.100000016391277, 18.0, 6.000000014901161 ], 
            "to": [ 11.100000001490116, 21.0, 12.0 ], 
            "faces": {
                "north": { "texture": "#0", "uv": [ 0.0, 0.0, 5.999999985098839, 3.0 ] },
                "east": { "texture": "#0", "uv": [ 0.0, 0.0, 5.999999985098839, 3.0 ] },
                "south": { "texture": "#0", "uv": [ 0.0, 0.0, 5.999999985098839, 3.0 ] },
                "west": { "texture": "#0", "uv": [ 0.0, 0.0, 5.999999985098839, 3.0 ] },
                "up": { "texture": "#0", "uv": [ 0.0, 0.0, 5.999999985098839, 5.999999985098839 ] },
                "down": { "texture": "#0", "uv": [ 0.0, 0.0, 5.999999985098839, 5.999999985098839 ] }
            }
        },
        {
            "name": "Cube",
            "from": [ 4.000000014901161, 21.0, 6.000000014901161 ], 
            "to": [ 12.0, 22.0, 11.0 ], 
            "faces": {
                "north": { "texture": "#0", "uv": [ 0.0, 0.0, 7.999999985098839, 1.0 ] },
                "east": { "texture": "#0", "uv": [ 0.0, 0.0, 4.999999985098839, 1.0 ] },
                "south": { "texture": "#0", "uv": [ 0.0, 0.0, 7.999999985098839, 1.0 ] },
                "west": { "texture": "#0", "uv": [ 0.0, 0.0, 4.999999985098839, 1.0 ] },
                "up": { "texture": "#0", "uv": [ 0.0, 0.0, 7.999999985098839, 4.999999985098839 ] },
                "down": { "texture": "#0", "uv": [ 0.0, 0.0, 7.999999985098839, 4.999999985098839 ] }
            }
        },
        {
            "name": "Cube",
            "from": [ 3.000000014901161, 22.0, 7.000000014901161 ], 
            "to": [ 13.0, 26.0, 13.000000014901161 ], 
            "faces": {
                "north": { "texture": "#0", "uv": [ 0.0, 0.0, 9.999999985098839, 4.0 ] },
                "east": { "texture": "#0", "uv": [ 0.0, 0.0, 6.0, 4.0 ] },
                "south": { "texture": "#0", "uv": [ 0.0, 0.0, 9.999999985098839, 4.0 ] },
                "west": { "texture": "#0", "uv": [ 0.0, 0.0, 6.0, 4.0 ] },
                "up": { "texture": "#0", "uv": [ 0.0, 0.0, 9.999999985098839, 6.0 ] },
                "down": { "texture": "#0", "uv": [ 0.0, 0.0, 9.999999985098839, 6.0 ] }
            }
        },
        {
            "name": "Cube",
            "from": [ 4.000000014901161, 23.00000001490116, 13.000000014901161 ], 
            "to": [ 12.0, 25.00000001490116, 13.600000008940697 ], 
            "faces": {
                "north": { "texture": "#0", "uv": [ 0.0, 0.0, 7.999999985098839, 2.0 ] },
                "east": { "texture": "#0", "uv": [ 0.0, 0.0, 0.5999999940395355, 2.0 ] },
                "south": { "texture": "#0", "uv": [ 0.0, 0.0, 7.999999985098839, 2.0 ] },
                "west": { "texture": "#0", "uv": [ 0.0, 0.0, 0.5999999940395355, 2.0 ] },
                "up": { "texture": "#0", "uv": [ 0.0, 0.0, 7.999999985098839, 0.5999999940395355 ] },
                "down": { "texture": "#0", "uv": [ 0.0, 0.0, 7.999999985098839, 0.5999999940395355 ] }
            }
        },
        {
            "name": "Cube",
            "from": [ 9.000000014901161, 20.50000000745058, 8.800000011920929 ], 
            "to": [ 17.0, 24.50000000745058, 11.200000017881393 ], 
            "rotation": { "origin": [ 8.0, 8.0, 8.0 ], "axis": "z", "angle": 45.0 },
            "faces": {
                "north": { "texture": "#0", "uv": [ 0.0, 0.0, 7.999999985098839, 4.0 ] },
                "east": { "texture": "#0", "uv": [ 0.0, 0.0, 2.4000000059604645, 4.0 ] },
                "south": { "texture": "#0", "uv": [ 0.0, 0.0, 7.999999985098839, 4.0 ] },
                "west": { "texture": "#0", "uv": [ 0.0, 0.0, 2.4000000059604645, 4.0 ] },
                "up": { "texture": "#0", "uv": [ 0.0, 0.0, 7.999999985098839, 2.4000000059604645 ] },
                "down": { "texture": "#0", "uv": [ 0.0, 0.0, 7.999999985098839, 2.4000000059604645 ] }
            }
        },
        {
            "name": "Cube",
            "from": [ 5.000000014901161, 20.200000002980232, 8.800000011920929 ], 
            "to": [ 10.0, 24.80000001192093, 12.100000016391277 ], 
            "rotation": { "origin": [ 8.0, 8.0, 8.0 ], "axis": "z", "angle": 45.0 },
            "faces": {
                "north": { "texture": "#0", "uv": [ 0.0, 0.0, 4.999999985098839, 4.600000008940697 ] },
                "east": { "texture": "#0", "uv": [ 0.0, 0.0, 3.3000000044703484, 4.600000008940697 ] },
                "south": { "texture": "#0", "uv": [ 0.0, 0.0, 4.999999985098839, 4.600000008940697 ] },
                "west": { "texture": "#0", "uv": [ 0.0, 0.0, 3.3000000044703484, 4.600000008940697 ] },
                "up": { "texture": "#0", "uv": [ 0.0, 0.0, 4.999999985098839, 3.3000000044703484 ] },
                "down": { "texture": "#0", "uv": [ 0.0, 0.0, 4.999999985098839, 3.3000000044703484 ] }
            }
        },
        {
            "name": "Cube",
            "from": [ -0.9999999850988388, 20.50000000745058, 8.800000011920929 ], 
            "to": [ 7.0, 24.50000000745058, 11.200000017881393 ], 
            "rotation": { "origin": [ 8.0, 8.0, 8.0 ], "axis": "z", "angle": -45.0 },
            "faces": {
                "north": { "texture": "#0", "uv": [ 0.0, 0.0, 7.999999985098839, 4.0 ] },
                "east": { "texture": "#0", "uv": [ 0.0, 0.0, 2.4000000059604645, 4.0 ] },
                "south": { "texture": "#0", "uv": [ 0.0, 0.0, 7.999999985098839, 4.0 ] },
                "west": { "texture": "#0", "uv": [ 0.0, 0.0, 2.4000000059604645, 4.0 ] },
                "up": { "texture": "#0", "uv": [ 0.0, 0.0, 7.999999985098839, 2.4000000059604645 ] },
                "down": { "texture": "#0", "uv": [ 0.0, 0.0, 7.999999985098839, 2.4000000059604645 ] }
            }
        },
        {
            "name": "Cube",
            "from": [ 5.000000014901161, 20.200000002980232, 8.800000011920929 ], 
            "to": [ 10.0, 24.80000001192093, 12.100000016391277 ], 
            "rotation": { "origin": [ 8.0, 8.0, 8.0 ], "axis": "z", "angle": -45.0 },
            "faces": {
                "north": { "texture": "#0", "uv": [ 0.0, 0.0, 4.999999985098839, 4.600000008940697 ] },
                "east": { "texture": "#0", "uv": [ 0.0, 0.0, 3.3000000044703484, 4.600000008940697 ] },
                "south": { "texture": "#0", "uv": [ 0.0, 0.0, 4.999999985098839, 4.600000008940697 ] },
                "west": { "texture": "#0", "uv": [ 0.0, 0.0, 3.3000000044703484, 4.600000008940697 ] },
                "up": { "texture": "#0", "uv": [ 0.0, 0.0, 4.999999985098839, 3.3000000044703484 ] },
                "down": { "texture": "#0", "uv": [ 0.0, 0.0, 4.999999985098839, 3.3000000044703484 ] }
            }
        },
        {
            "name": "Cube",
            "from": [ 2.899999998509884, 25.0, 6.5999999940395355 ], 
            "to": [ 13.100000001490116, 26.100000001490116, 13.799999997019768 ], 
            "faces": {
                "north": { "texture": "#1", "uv": [ 0.0, 0.0, 10.200000002980232, 1.1000000014901161 ] },
                "east": { "texture": "#1", "uv": [ 0.0, 0.0, 7.200000002980232, 1.1000000014901161 ] },
                "south": { "texture": "#1", "uv": [ 0.0, 0.0, 10.200000002980232, 1.1000000014901161 ] },
                "west": { "texture": "#1", "uv": [ 0.0, 0.0, 7.200000002980232, 1.1000000014901161 ] },
                "up": { "texture": "#1", "uv": [ 0.0, 0.0, 10.200000002980232, 7.200000002980232 ] },
                "down": { "texture": "#1", "uv": [ 0.0, 0.0, 10.200000002980232, 7.200000002980232 ] }
            }
        },
        {
            "name": "Cube",
            "from": [ 4.5999999940395355, 9.0, 6.0 ], 
            "to": [ 11.400000005960464, 11.0, 12.0 ], 
            "faces": {
                "north": { "texture": "#0", "uv": [ 0.0, 0.0, 6.800000011920929, 2.0 ] },
                "east": { "texture": "#0", "uv": [ 0.0, 0.0, 6.0, 2.0 ] },
                "south": { "texture": "#0", "uv": [ 0.0, 0.0, 6.800000011920929, 2.0 ] },
                "west": { "texture": "#0", "uv": [ 0.0, 0.0, 6.0, 2.0 ] },
                "up": { "texture": "#0", "uv": [ 0.0, 0.0, 6.800000011920929, 6.0 ] },
                "down": { "texture": "#0", "uv": [ 0.0, 0.0, 6.800000011920929, 6.0 ] }
            }
        },
        {
            "name": "Cube",
            "from": [ 5.0, 24.0, 6.5999999940395355 ], 
            "to": [ 11.0, 25.0, 13.799999997019768 ], 
            "faces": {
                "north": { "texture": "#1", "uv": [ 0.0, 0.0, 6.0, 1.0 ] },
                "east": { "texture": "#1", "uv": [ 0.0, 0.0, 7.200000002980232, 1.0 ] },
                "south": { "texture": "#1", "uv": [ 0.0, 0.0, 6.0, 1.0 ] },
                "west": { "texture": "#1", "uv": [ 0.0, 0.0, 7.200000002980232, 1.0 ] },
                "up": { "texture": "#1", "uv": [ 0.0, 0.0, 6.0, 7.200000002980232 ] },
                "down": { "texture": "#1", "uv": [ 0.0, 0.0, 6.0, 7.200000002980232 ] }
            }
        },
        {
            "name": "Cube",
            "from": [ 6.0, 22.899999998509884, 6.5999999940395355 ], 
            "to": [ 10.0, 24.0, 13.799999997019768 ], 
            "faces": {
                "north": { "texture": "#1", "uv": [ 0.0, 0.0, 4.0, 1.1000000014901161 ] },
                "east": { "texture": "#1", "uv": [ 0.0, 0.0, 7.200000002980232, 1.1000000014901161 ] },
                "south": { "texture": "#1", "uv": [ 0.0, 0.0, 4.0, 1.1000000014901161 ] },
                "west": { "texture": "#1", "uv": [ 0.0, 0.0, 7.200000002980232, 1.1000000014901161 ] },
                "up": { "texture": "#1", "uv": [ 0.0, 0.0, 4.0, 7.200000002980232 ] },
                "down": { "texture": "#1", "uv": [ 0.0, 0.0, 4.0, 7.200000002980232 ] }
            }
        },
        {
            "name": "Cube",
            "from": [ 5.499999992549419, 26.0, 7.5999999940395355 ], 
            "to": [ 10.699999995529652, 29.100000001490116, 12.799999997019768 ], 
            "faces": {
                "north": { "texture": "#1", "uv": [ 0.0, 0.0, 5.200000002980232, 3.100000001490116 ] },
                "east": { "texture": "#1", "uv": [ 0.0, 0.0, 5.200000002980232, 3.100000001490116 ] },
                "south": { "texture": "#1", "uv": [ 0.0, 0.0, 5.200000002980232, 3.100000001490116 ] },
                "west": { "texture": "#1", "uv": [ 0.0, 0.0, 5.200000002980232, 3.100000001490116 ] },
                "up": { "texture": "#1", "uv": [ 0.0, 0.0, 5.200000002980232, 5.200000002980232 ] },
                "down": { "texture": "#1", "uv": [ 0.0, 0.0, 5.200000002980232, 5.200000002980232 ] }
            }
        },
        {
            "name": "Cube",
            "from": [ 5.499999992549419, 29.100000001490116, 7.5999999940395355 ], 
            "to": [ 10.699999995529652, 31.200000002980232, 12.799999997019768 ], 
            "faces": {
                "north": { "texture": "#0", "uv": [ 0.0, 0.0, 5.200000002980232, 2.100000001490116 ] },
                "east": { "texture": "#0", "uv": [ 0.0, 0.0, 5.200000002980232, 2.100000001490116 ] },
                "south": { "texture": "#0", "uv": [ 0.0, 0.0, 5.200000002980232, 2.100000001490116 ] },
                "west": { "texture": "#0", "uv": [ 0.0, 0.0, 5.200000002980232, 2.100000001490116 ] },
                "up": { "texture": "#0", "uv": [ 0.0, 0.0, 5.200000002980232, 5.200000002980232 ] },
                "down": { "texture": "#0", "uv": [ 0.0, 0.0, 5.200000002980232, 5.200000002980232 ] }
            }
        },
        {
            "name": "Cube",
            "from": [ 3.4999999925494194, 20.1, -2.4000000059604645 ], 
            "to": [ 12.699999995529652, 28.000000013411046, -0.20000000298023224 ], 
            "rotation": { "origin": [ 8.0, 8.0, 8.0 ], "axis": "x", "angle": 22.5 },
            "faces": {
                "north": { "texture": "#0", "uv": [ 0.0, 0.0, 9.200000002980232, 7.900000013411045 ] },
                "east": { "texture": "#0", "uv": [ 0.0, 0.0, 2.2000000029802322, 7.900000013411045 ] },
                "south": { "texture": "#0", "uv": [ 0.0, 0.0, 9.200000002980232, 7.900000013411045 ] },
                "west": { "texture": "#0", "uv": [ 0.0, 0.0, 2.2000000029802322, 7.900000013411045 ] },
                "up": { "texture": "#0", "uv": [ 0.0, 0.0, 9.200000002980232, 2.2000000029802322 ] },
                "down": { "texture": "#0", "uv": [ 0.0, 0.0, 9.200000002980232, 2.2000000029802322 ] }
            }
        },
        {
            "name": "Cube",
            "from": [ -3.899999998509884, 20.90000001192093, 5.5999999940395355 ], 
            "to": [ -2.6999999985098837, 28.800000025331975, 13.999999994039536 ], 
            "rotation": { "origin": [ 8.0, 8.0, 8.0 ], "axis": "z", "angle": -22.5 },
            "faces": {
                "north": { "texture": "#0", "uv": [ 0.0, 0.0, 1.2, 7.900000013411045 ] },
                "east": { "texture": "#0", "uv": [ 0.0, 0.0, 8.4, 7.900000013411045 ] },
                "south": { "texture": "#0", "uv": [ 0.0, 0.0, 1.2, 7.900000013411045 ] },
                "west": { "texture": "#0", "uv": [ 0.0, 0.0, 8.4, 7.900000013411045 ] },
                "up": { "texture": "#0", "uv": [ 0.0, 0.0, 1.2, 8.4 ] },
                "down": { "texture": "#0", "uv": [ 0.0, 0.0, 1.2, 8.4 ] }
            }
        },
        {
            "name": "Cube",
            "from": [ 19.100000001490116, 20.90000001192093, 5.5999999940395355 ], 
            "to": [ 20.300000001490115, 28.800000025331975, 13.999999994039536 ], 
            "rotation": { "origin": [ 8.0, 8.0, 8.0 ], "axis": "z", "angle": 22.5 },
            "faces": {
                "north": { "texture": "#0", "uv": [ 0.0, 0.0, 1.2, 7.900000013411045 ] },
                "east": { "texture": "#0", "uv": [ 0.0, 0.0, 8.4, 7.900000013411045 ] },
                "south": { "texture": "#0", "uv": [ 0.0, 0.0, 1.2, 7.900000013411045 ] },
                "west": { "texture": "#0", "uv": [ 0.0, 0.0, 8.4, 7.900000013411045 ] },
                "up": { "texture": "#0", "uv": [ 0.0, 0.0, 1.2, 8.4 ] },
                "down": { "texture": "#0", "uv": [ 0.0, 0.0, 1.2, 8.4 ] }
            }
        },
        {
            "name": "Cube",
            "from": [ 6.0, 28.0, 12.0 ], 
            "to": [ 7.0, 29.0, 13.0 ], 
            "faces": {
                "north": { "texture": "#0", "uv": [ 0.0, 0.0, 1.0, 1.0 ] },
                "east": { "texture": "#0", "uv": [ 0.0, 0.0, 1.0, 1.0 ] },
                "south": { "texture": "#0", "uv": [ 0.0, 0.0, 1.0, 1.0 ] },
                "west": { "texture": "#0", "uv": [ 0.0, 0.0, 1.0, 1.0 ] },
                "up": { "texture": "#0", "uv": [ 0.0, 0.0, 1.0, 1.0 ] },
                "down": { "texture": "#0", "uv": [ 0.0, 0.0, 1.0, 1.0 ] }
            }
        },
        {
            "name": "Cube",
            "from": [ 9.0, 28.0, 12.0 ], 
            "to": [ 10.0, 29.00000001490116, 13.0 ], 
            "faces": {
                "north": { "texture": "#0", "uv": [ 0.0, 0.0, 1.0, 1.0000000149011612 ] },
                "east": { "texture": "#0", "uv": [ 0.0, 0.0, 1.0, 1.0000000149011612 ] },
                "south": { "texture": "#0", "uv": [ 0.0, 0.0, 1.0, 1.0000000149011612 ] },
                "west": { "texture": "#0", "uv": [ 0.0, 0.0, 1.0, 1.0000000149011612 ] },
                "up": { "texture": "#0", "uv": [ 0.0, 0.0, 1.0, 1.0 ] },
                "down": { "texture": "#0", "uv": [ 0.0, 0.0, 1.0, 1.0 ] }
            }
        },
        {
            "name": "Cube",
            "from": [ 7.0, 26.0, 12.0 ], 
            "to": [ 9.0, 27.50000000745058, 13.0 ], 
            "faces": {
                "north": { "texture": "#0", "uv": [ 0.0, 0.0, 2.0, 1.5000000074505806 ] },
                "east": { "texture": "#0", "uv": [ 0.0, 0.0, 1.0, 1.5000000074505806 ] },
                "south": { "texture": "#0", "uv": [ 0.0, 0.0, 2.0, 1.5000000074505806 ] },
                "west": { "texture": "#0", "uv": [ 0.0, 0.0, 1.0, 1.5000000074505806 ] },
                "up": { "texture": "#0", "uv": [ 0.0, 0.0, 2.0, 1.0 ] },
                "down": { "texture": "#0", "uv": [ 0.0, 0.0, 2.0, 1.0 ] }
            }
        },
        {
            "name": "Cube",
            "from": [ 6.0, 27.0, 12.0 ], 
            "to": [ 6.4000000059604645, 28.0, 13.0 ], 
            "faces": {
                "north": { "texture": "#2", "uv": [ 0.0, 0.0, 0.4000000059604645, 1.0 ] },
                "east": { "texture": "#2", "uv": [ 0.0, 0.0, 1.0, 1.0 ] },
                "south": { "texture": "#2", "uv": [ 0.0, 0.0, 0.4000000059604645, 1.0 ] },
                "west": { "texture": "#2", "uv": [ 0.0, 0.0, 1.0, 1.0 ] },
                "up": { "texture": "#2", "uv": [ 0.0, 0.0, 0.4000000059604645, 1.0 ] },
                "down": { "texture": "#2", "uv": [ 0.0, 0.0, 0.4000000059604645, 1.0 ] }
            }
        },
        {
            "name": "Cube",
            "from": [ 10.0, 27.0, 12.0 ], 
            "to": [ 10.400000005960464, 28.0, 13.0 ], 
            "faces": {
                "north": { "texture": "#2", "uv": [ 0.0, 0.0, 0.4000000059604645, 1.0 ] },
                "east": { "texture": "#2", "uv": [ 0.0, 0.0, 1.0, 1.0 ] },
                "south": { "texture": "#2", "uv": [ 0.0, 0.0, 0.4000000059604645, 1.0 ] },
                "west": { "texture": "#2", "uv": [ 0.0, 0.0, 1.0, 1.0 ] },
                "up": { "texture": "#2", "uv": [ 0.0, 0.0, 0.4000000059604645, 1.0 ] },
                "down": { "texture": "#2", "uv": [ 0.0, 0.0, 0.4000000059604645, 1.0 ] }
            }
        },
        {
            "name": "Cube",
            "from": [ 0.0, -2.899999998509884, 0.0 ], 
            "to": [ 16.0, 29.100000001490116, 16.0 ], 
            "faces": {
                "north": { "texture": "#3", "uv": [ 0.0, 0.0, 16.0, 32.0 ] },
                "east": { "texture": "#3", "uv": [ 0.0, 0.0, 16.0, 32.0 ] },
                "south": { "texture": "#3", "uv": [ 0.0, 0.0, 16.0, 32.0 ] },
                "west": { "texture": "#3", "uv": [ 0.0, 0.0, 16.0, 32.0 ] },
                "up": { "texture": "#3", "uv": [ 0.0, 0.0, 16.0, 16.0 ] },
                "down": { "texture": "#3", "uv": [ 0.0, 0.0, 16.0, 16.0 ] }
            }
        }
    ],
"display": {
    "head": {
        "rotation": [ 0, 180, 0 ],
        "translation": [ 0, -20, 0 ],
        "scale": [ 2.29, 2.29, 2.29 ]
    }
}
}