{
    "__comment": "Model generated using MrCrayfish's Model Creator (http://mrcrayfish.com/modelcreator/)",
    "textures": {
        "0": "blocks/gold_block",
        "1": "blocks/iron_block"
    },
    "elements": [
        {
            "name": "Cube",
            "from": [ 6.699999995529652, 0.0, 6.699999995529652 ], 
            "to": [ 9.300000004470348, 1.0, 9.300000004470348 ], 
            "faces": {
                "north": { "texture": "#0", "uv": [ 0.0, 0.0, 2.6000000089406967, 1.0 ] },
                "east": { "texture": "#0", "uv": [ 0.0, 0.0, 2.6000000089406967, 1.0 ] },
                "south": { "texture": "#0", "uv": [ 0.0, 0.0, 2.6000000089406967, 1.0 ] },
                "west": { "texture": "#0", "uv": [ 0.0, 0.0, 2.6000000089406967, 1.0 ] },
                "up": { "texture": "#0", "uv": [ 0.0, 0.0, 2.6000000089406967, 2.6000000089406967 ] },
                "down": { "texture": "#0", "uv": [ 0.0, 0.0, 2.6000000089406967, 2.6000000089406967 ] }
            }
        },
        {
            "name": "Cube",
            "from": [ 7.0, 1.0, 7.0 ], 
            "to": [ 9.0, 3.0, 9.0 ], 
            "faces": {
                "north": { "texture": "#0", "uv": [ 0.0, 0.0, 2.0, 2.0 ] },
                "east": { "texture": "#0", "uv": [ 0.0, 0.0, 2.0, 2.0 ] },
                "south": { "texture": "#0", "uv": [ 0.0, 0.0, 2.0, 2.0 ] },
                "west": { "texture": "#0", "uv": [ 0.0, 0.0, 2.0, 2.0 ] },
                "up": { "texture": "#0", "uv": [ 0.0, 0.0, 2.0, 2.0 ] },
                "down": { "texture": "#0", "uv": [ 0.0, 0.0, 2.0, 2.0 ] }
            }
        },
        {
            "name": "Cube",
            "from": [ 7.300000004470348, 3.0, 7.300000004470348 ], 
            "to": [ 8.699999995529652, 16.200000002980232, 8.699999995529652 ], 
            "faces": {
                "north": { "texture": "#1", "uv": [ 0.0, 0.0, 1.3999999910593033, 13.200000002980232 ] },
                "east": { "texture": "#1", "uv": [ 0.0, 0.0, 1.3999999910593033, 13.200000002980232 ] },
                "south": { "texture": "#1", "uv": [ 0.0, 0.0, 1.3999999910593033, 13.200000002980232 ] },
                "west": { "texture": "#1", "uv": [ 0.0, 0.0, 1.3999999910593033, 13.200000002980232 ] },
                "up": { "texture": "#1", "uv": [ 0.0, 0.0, 1.3999999910593033, 1.3999999910593033 ] },
                "down": { "texture": "#1", "uv": [ 0.0, 0.0, 1.3999999910593033, 1.3999999910593033 ] }
            }
        },
        {
            "name": "Cube",
            "from": [ 4.699999995529652, 15.0, 7.0 ], 
            "to": [ 11.300000004470348, 16.0, 9.0 ], 
            "faces": {
                "north": { "texture": "#0", "uv": [ 0.0, 0.0, 6.600000008940697, 1.0 ] },
                "east": { "texture": "#0", "uv": [ 0.0, 0.0, 2.0, 1.0 ] },
                "south": { "texture": "#0", "uv": [ 0.0, 0.0, 6.600000008940697, 1.0 ] },
                "west": { "texture": "#0", "uv": [ 0.0, 0.0, 2.0, 1.0 ] },
                "up": { "texture": "#0", "uv": [ 0.0, 0.0, 6.600000008940697, 2.0 ] },
                "down": { "texture": "#0", "uv": [ 0.0, 0.0, 6.600000008940697, 2.0 ] }
            }
        },
        {
            "name": "Cube",
            "from": [ 8.699999995529652, 15.0, 7.300000004470348 ], 
            "to": [ 12.300000004470348, 15.699999995529652, 9.300000004470348 ], 
            "rotation": { "origin": [ 8.0, 8.0, 8.0 ], "axis": "x", "angle": -22.5 },
            "faces": {
                "north": { "texture": "#0", "uv": [ 0.0, 0.0, 3.6000000089406967, 0.6999999955296516 ] },
                "east": { "texture": "#0", "uv": [ 0.0, 0.0, 2.0, 0.6999999955296516 ] },
                "south": { "texture": "#0", "uv": [ 0.0, 0.0, 3.6000000089406967, 0.6999999955296516 ] },
                "west": { "texture": "#0", "uv": [ 0.0, 0.0, 2.0, 0.6999999955296516 ] },
                "up": { "texture": "#0", "uv": [ 0.0, 0.0, 3.6000000089406967, 2.0 ] },
                "down": { "texture": "#0", "uv": [ 0.0, 0.0, 3.6000000089406967, 2.0 ] }
            }
        },
        {
            "name": "Cube",
            "from": [ 8.699999995529652, 15.0, 6.699999995529652 ], 
            "to": [ 12.300000004470348, 15.699999995529652, 8.699999995529652 ], 
            "rotation": { "origin": [ 8.0, 8.0, 8.0 ], "axis": "x", "angle": 22.5 },
            "faces": {
                "north": { "texture": "#0", "uv": [ 0.0, 0.0, 3.6000000089406967, 0.6999999955296516 ] },
                "east": { "texture": "#0", "uv": [ 0.0, 0.0, 2.0, 0.6999999955296516 ] },
                "south": { "texture": "#0", "uv": [ 0.0, 0.0, 3.6000000089406967, 0.6999999955296516 ] },
                "west": { "texture": "#0", "uv": [ 0.0, 0.0, 2.0, 0.6999999955296516 ] },
                "up": { "texture": "#0", "uv": [ 0.0, 0.0, 3.6000000089406967, 2.0 ] },
                "down": { "texture": "#0", "uv": [ 0.0, 0.0, 3.6000000089406967, 2.0 ] }
            }
        },
        {
            "name": "Cube",
            "from": [ 3.0, 16.49999999254942, 7.100000001490116 ], 
            "to": [ 6.600000008940697, 17.49999999254942, 8.899999983608723 ], 
            "rotation": { "origin": [ 9.0, 12.0, 8.0 ], "axis": "z", "angle": 22.5 },
            "faces": {
                "north": { "texture": "#0", "uv": [ 0.0, 0.0, 3.6000000089406967, 1.0 ] },
                "east": { "texture": "#0", "uv": [ 0.0, 0.0, 1.7999999821186066, 1.0 ] },
                "south": { "texture": "#0", "uv": [ 0.0, 0.0, 3.6000000089406967, 1.0 ] },
                "west": { "texture": "#0", "uv": [ 0.0, 0.0, 1.7999999821186066, 1.0 ] },
                "up": { "texture": "#0", "uv": [ 0.0, 0.0, 3.6000000089406967, 1.7999999821186066 ] },
                "down": { "texture": "#0", "uv": [ 0.0, 0.0, 3.6000000089406967, 1.7999999821186066 ] }
            }
        }
    ],
	"display": {
		"thirdperson_righthand": {
			"rotation":  [ 0, 90, 0 ],
			"translation":  [ 0, 0, 0 ],
			"scale":  [ 1.3, 1.3, 1.3 ]
		},
		"firstperson_righthand": {
			"rotation":  [ -30, 90, 0 ],
			"translation":  [ 0, 0, 0 ],
			"scale":  [ 1.3, 1.3, 1.3 ]
		},
		"gui": {
			"rotation":  [ 0, 0, -45 ],
			"translation":  [ 0, 0, 0 ],
			"scale":  [ 1.0, 1.0, 1.0 ]
		},
		"ground": {
			"translation":  [ 0, 0, 0 ],
			"scale":  [ 1.0, 1.0, 1.0 ]
		}
	}
}