{
    "parent": "item/handheld",
    "textures": {
        "layer0": "items/gold_axe"
    },
        "overrides": [
                { "predicate": {"damaged": 0, "damage": 0}, "model": "item/golden_axe"},
                { "predicate": { "damaged": 0, "damage": 0.03125}, "model": "item/mage_bone"},
                { "predicate": { "damaged": 0, "damage": 0.06250}, "model": "item/fang"},
                { "predicate": { "damaged": 0, "damage": 0.09375}, "model": "item/skitter_bone"},
                { "predicate": { "damaged": 0, "damage": 0.125}, "model": "item/blight_bone"},
                { "predicate": { "damaged": 0, "damage": 0.15625}, "model": "item/attribute/bronzefist"},
                { "predicate": { "damaged": 0, "damage": 0.1875}, "model": "item/attribute/sacraflint"},
                { "predicate": { "damaged": 0, "damage": 0.21875}, "model": "item/attribute/accafist"},
                { "predicate": { "damaged": 0, "damage": 0.25}, "model": "item/attribute/sternbrick"},
                { "predicate": { "damaged": 0, "damage": 0.28125}, "model": "item/attribute/warpmize"},
                { "predicate": { "damaged": 0, "damage": 0.3125}, "model": "item/attribute/photogrind"},
                { "predicate": { "damaged": 0, "damage": 0.34375}, "model": "item/attribute/windtine"},
                { "predicate": { "damaged": 0, "damage": 0.375}, "model": "item/attribute/swiftmize"},
                { "predicate": { "damaged": 0, "damage": 0.40625}, "model": "item/attribute/crickitine"},
                { "predicate": { "damaged": 0, "damage": 0.4375}, "model": "item/attribute/lightgrind"},
                { "predicate": { "damaged": 0, "damage": 1.00}, "model": "item/attribute/mysterious_dust"},
                { "predicate": {"damaged": 1, "damage": 0}, "model": "item/golden_axe"}
        ]
}