{
    "__comment": "Model generated using MrCrayfish's Model Creator (http://mrcrayfish.com/modelcreator/)",
    "textures": {
        "0": "blocks/log_oak",
        "1": "blocks/pumpkin_face_off",
        "2": "blocks/log_oak",
        "3": "blocks/log_spruce",
		"4": "blocks/pumpkin_side"
    },
    "elements": [
        {
            "name": "Cube",
            "from": [ 7.500000007450581, 0.0, 7.500000007450581 ], 
            "to": [ 8.50000000745058, 22.0, 8.50000000745058 ], 
            "faces": {
                "north": { "texture": "#0", "uv": [ 0.0, 0.0, 1.0, 22.0 ] },
                "east": { "texture": "#0", "uv": [ 0.0, 0.0, 1.0, 22.0 ] },
                "south": { "texture": "#0", "uv": [ 0.0, 0.0, 1.0, 22.0 ] },
                "west": { "texture": "#0", "uv": [ 0.0, 0.0, 1.0, 22.0 ] },
                "up": { "texture": "#0", "uv": [ 0.0, 0.0, 1.0, 1.0 ] },
                "down": { "texture": "#0", "uv": [ 0.0, 0.0, 1.0, 1.0 ] }
            }
        },
        {
            "name": "Cube",
            "from": [ 6.000000014901161, 15.0, 6.000000014901161 ], 
            "to": [ 10.000000014901161, 19.0, 10.000000014901161 ], 
            "faces": {
                "north": { "texture": "#1", "uv": [ 0.0, 0.0, 16.0, 16.0 ] },
                "east": { "texture": "#1", "uv": [ 0.0, 0.0, 16.0, 16.0 ] },
                "south": { "texture": "#1", "uv": [ 0.0, 0.0, 16.0, 16.0 ] },
                "west": { "texture": "#1", "uv": [ 0.0, 0.0, 16.0, 16.0 ] },
                "up": { "texture": "#4", "uv": [ 0.0, 0.0, 16.0, 16.0 ] },
                "down": { "texture": "#4", "uv": [ 0.0, 0.0, 16.0, 16.0 ] }
            }
        },
        {
            "name": "Cube",
            "from": [ 7.000000014901161, 19.49999999254942, 7.000000014901161 ], 
            "to": [ 9.000000014901161, 21.49999999254942, 9.000000014901161 ], 
            "faces": {
                "north": { "texture": "#1", "uv": [ 0.0, 0.0, 16.0, 16.0 ] },
                "east": { "texture": "#1", "uv": [ 0.0, 0.0, 16.0, 16.0 ] },
                "south": { "texture": "#1", "uv": [ 0.0, 0.0, 16.0, 16.0 ] },
                "west": { "texture": "#1", "uv": [ 0.0, 0.0, 16.0, 16.0 ] },
                "up": { "texture": "#4", "uv": [ 0.0, 0.0, 16.0, 16.0 ] },
                "down": { "texture": "#4", "uv": [ 0.0, 0.0, 16.0, 16.0 ] }
            }
        },
        {
            "name": "Cube",
            "from": [ 4.500000007450581, 17.0, 7.4000000059604645 ], 
            "to": [ 11.50000000745058, 18.0, 8.600000008940697 ], 
            "faces": {
                "north": { "texture": "#2", "uv": [ 0.0, 0.0, 7.0, 1.0 ] },
                "east": { "texture": "#2", "uv": [ 0.0, 0.0, 1.2000000029802322, 1.0 ] },
                "south": { "texture": "#2", "uv": [ 0.0, 0.0, 7.0, 1.0 ] },
                "west": { "texture": "#2", "uv": [ 0.0, 0.0, 1.2000000029802322, 1.0 ] },
                "up": { "texture": "#2", "uv": [ 0.0, 0.0, 7.0, 1.2000000029802322 ] },
                "down": { "texture": "#2", "uv": [ 0.0, 0.0, 7.0, 1.2000000029802322 ] }
            }
        },
        {
            "name": "Cube",
            "from": [ 4.500000007450581, 17.100000001490116, 7.4000000059604645 ], 
            "to": [ 11.50000000745058, 17.899999998509884, 8.600000008940697 ], 
            "rotation": { "origin": [ 8.0, 8.0, 8.0 ], "axis": "y", "angle": -22.5 },
            "faces": {
                "north": { "texture": "#2", "uv": [ 0.0, 0.0, 7.0, 0.7999999970197678 ] },
                "east": { "texture": "#2", "uv": [ 0.0, 0.0, 1.2000000029802322, 0.7999999970197678 ] },
                "south": { "texture": "#2", "uv": [ 0.0, 0.0, 7.0, 0.7999999970197678 ] },
                "west": { "texture": "#2", "uv": [ 0.0, 0.0, 1.2000000029802322, 0.7999999970197678 ] },
                "up": { "texture": "#2", "uv": [ 0.0, 0.0, 7.0, 1.2000000029802322 ] },
                "down": { "texture": "#2", "uv": [ 0.0, 0.0, 7.0, 1.2000000029802322 ] }
            }
        },
        {
            "name": "Cube",
            "from": [ 4.500000007450581, 17.100000001490116, 7.4000000059604645 ], 
            "to": [ 11.50000000745058, 17.899999998509884, 8.600000008940697 ], 
            "rotation": { "origin": [ 8.0, 8.0, 8.0 ], "axis": "y", "angle": 22.5 },
            "faces": {
                "north": { "texture": "#2", "uv": [ 0.0, 0.0, 7.0, 0.7999999970197678 ] },
                "east": { "texture": "#2", "uv": [ 0.0, 0.0, 1.2000000029802322, 0.7999999970197678 ] },
                "south": { "texture": "#2", "uv": [ 0.0, 0.0, 7.0, 0.7999999970197678 ] },
                "west": { "texture": "#2", "uv": [ 0.0, 0.0, 1.2000000029802322, 0.7999999970197678 ] },
                "up": { "texture": "#2", "uv": [ 0.0, 0.0, 7.0, 1.2000000029802322 ] },
                "down": { "texture": "#2", "uv": [ 0.0, 0.0, 7.0, 1.2000000029802322 ] }
            }
        },
        {
            "name": "Cube",
            "from": [ 4.500000007450581, 17.200000002980232, 7.4000000059604645 ], 
            "to": [ 11.50000000745058, 17.799999997019768, 8.600000008940697 ], 
            "rotation": { "origin": [ 8.0, 8.0, 8.0 ], "axis": "y", "angle": 45.0 },
            "faces": {
                "north": { "texture": "#2", "uv": [ 0.0, 0.0, 7.0, 0.5999999940395355 ] },
                "east": { "texture": "#2", "uv": [ 0.0, 0.0, 1.2000000029802322, 0.5999999940395355 ] },
                "south": { "texture": "#2", "uv": [ 0.0, 0.0, 7.0, 0.5999999940395355 ] },
                "west": { "texture": "#2", "uv": [ 0.0, 0.0, 1.2000000029802322, 0.5999999940395355 ] },
                "up": { "texture": "#2", "uv": [ 0.0, 0.0, 7.0, 1.2000000029802322 ] },
                "down": { "texture": "#2", "uv": [ 0.0, 0.0, 7.0, 1.2000000029802322 ] }
            }
        },
        {
            "name": "Cube",
            "from": [ 4.500000007450581, 17.200000002980232, 7.4000000059604645 ], 
            "to": [ 11.50000000745058, 17.799999997019768, 8.600000008940697 ], 
            "rotation": { "origin": [ 8.0, 8.0, 8.0 ], "axis": "y", "angle": -45.0 },
            "faces": {
                "north": { "texture": "#2", "uv": [ 0.0, 0.0, 7.0, 0.5999999940395355 ] },
                "east": { "texture": "#2", "uv": [ 0.0, 0.0, 1.2000000029802322, 0.5999999940395355 ] },
                "south": { "texture": "#2", "uv": [ 0.0, 0.0, 7.0, 0.5999999940395355 ] },
                "west": { "texture": "#2", "uv": [ 0.0, 0.0, 1.2000000029802322, 0.5999999940395355 ] },
                "up": { "texture": "#2", "uv": [ 0.0, 0.0, 7.0, 1.2000000029802322 ] },
                "down": { "texture": "#2", "uv": [ 0.0, 0.0, 7.0, 1.2000000029802322 ] }
            }
        },
        {
            "name": "Cube",
            "from": [ 7.3000000193715096, 12.100000001490116, 7.3000000193715096 ], 
            "to": [ 8.700000010430813, 13.49999999254942, 8.700000010430813 ], 
            "faces": {
                "north": { "texture": "#3", "uv": [ 0.0, 0.0, 16.0, 16.0 ] },
                "east": { "texture": "#3", "uv": [ 0.0, 0.0, 16.0, 16.0 ] },
                "south": { "texture": "#3", "uv": [ 0.0, 0.0, 16.0, 16.0 ] },
                "west": { "texture": "#3", "uv": [ 0.0, 0.0, 16.0, 16.0 ] },
                "up": { "texture": "#3", "uv": [ 0.0, 0.0, 16.0, 16.0 ] },
                "down": { "texture": "#3", "uv": [ 0.0, 0.0, 16.0, 16.0 ] }
            }
        },
        {
            "name": "Cube",
            "from": [ 7.3000000193715096, 10.100000001490116, 7.3000000193715096 ], 
            "to": [ 8.700000010430813, 11.49999999254942, 8.700000010430813 ], 
            "faces": {
                "north": { "texture": "#3", "uv": [ 0.0, 0.0, 16.0, 16.0 ] },
                "east": { "texture": "#3", "uv": [ 0.0, 0.0, 16.0, 16.0 ] },
                "south": { "texture": "#3", "uv": [ 0.0, 0.0, 16.0, 16.0 ] },
                "west": { "texture": "#3", "uv": [ 0.0, 0.0, 16.0, 16.0 ] },
                "up": { "texture": "#3", "uv": [ 0.0, 0.0, 16.0, 16.0 ] },
                "down": { "texture": "#3", "uv": [ 0.0, 0.0, 16.0, 16.0 ] }
            }
        },
        {
            "name": "Cube",
            "from": [ 7.3000000193715096, 1.1000000014901161, 7.3000000193715096 ], 
            "to": [ 8.700000010430813, 2.4999999925494194, 8.700000010430813 ], 
            "faces": {
                "north": { "texture": "#3", "uv": [ 0.0, 0.0, 16.0, 16.0 ] },
                "east": { "texture": "#3", "uv": [ 0.0, 0.0, 16.0, 16.0 ] },
                "south": { "texture": "#3", "uv": [ 0.0, 0.0, 16.0, 16.0 ] },
                "west": { "texture": "#3", "uv": [ 0.0, 0.0, 16.0, 16.0 ] },
                "up": { "texture": "#3", "uv": [ 0.0, 0.0, 16.0, 16.0 ] },
                "down": { "texture": "#3", "uv": [ 0.0, 0.0, 16.0, 16.0 ] }
            }
        }
    ],
	"display": {
		"thirdperson_righthand": {
			"rotation":  [ 0, -90, 0 ],
			"translation":  [ 0, 5, 0 ],
			"scale":  [ 1.3, 1.3, 1.3 ]
		},
		"firstperson_righthand": {
			"rotation":  [ -30, -90, 0 ],
			"translation":  [ 0, 0, 0 ],
			"scale":  [ 1.3, 1.3, 1.3 ]
		},
		"gui": {
			"rotation":  [ 0, 0, -45 ],
			"translation":  [ 0, 0, 0 ],
			"scale":  [ 1.0, 1.0, 1.0 ]
		},
		"ground": {
			"translation":  [ 0, 0, 0 ],
			"scale":  [ 1.0, 1.0, 1.0 ]
		}
	}
}