{
    "__comment": "Model generated using MrCrayfish's Model Creator (http://mrcrayfish.com/modelcreator/)",
    "textures": {
        "0": "blocks/obsidian",
        "1": "blocks/anvil_base",
        "2": "blocks/diamond_ore",
        "3": "blocks/glass_cyan"
    },
    "elements": [
        {
            "name": "Cube",
            "from": [ 6.799999997019768, -6.499999992549419, 6.799999997019768 ], 
            "to": [ 9.200000002980232, -4.499999992549419, 9.200000002980232 ], 
            "faces": {
                "north": { "texture": "#0", "uv": [ 0.0, 0.0, 2.4000000059604645, 2.0 ] },
                "east": { "texture": "#0", "uv": [ 0.0, 0.0, 2.4000000059604645, 2.0 ] },
                "south": { "texture": "#0", "uv": [ 0.0, 0.0, 2.4000000059604645, 2.0 ] },
                "west": { "texture": "#0", "uv": [ 0.0, 0.0, 2.4000000059604645, 2.0 ] },
                "up": { "texture": "#0", "uv": [ 0.0, 0.0, 2.4000000059604645, 2.4000000059604645 ] },
                "down": { "texture": "#0", "uv": [ 0.0, 0.0, 2.4000000059604645, 2.4000000059604645 ] }
            }
        },
        {
            "name": "Cube",
            "from": [ 7.200000002980232, -7.0, 7.200000002980232 ], 
            "to": [ 8.799999997019768, 16.0, 8.799999997019768 ], 
            "faces": {
                "north": { "texture": "#1", "uv": [ 0.0, 0.0, 1.5999999940395355, 23.0 ] },
                "east": { "texture": "#1", "uv": [ 0.0, 0.0, 1.5999999940395355, 23.0 ] },
                "south": { "texture": "#1", "uv": [ 0.0, 0.0, 1.5999999940395355, 23.0 ] },
                "west": { "texture": "#1", "uv": [ 0.0, 0.0, 1.5999999940395355, 23.0 ] },
                "up": { "texture": "#1", "uv": [ 0.0, 0.0, 1.5999999940395355, 1.5999999940395355 ] },
                "down": { "texture": "#1", "uv": [ 0.0, 0.0, 1.5999999940395355, 1.5999999940395355 ] }
            }
        },
        {
            "name": "Cube",
            "from": [ 7.300000004470348, 15.0, 9.200000002980232 ], 
            "to": [ 8.699999995529652, 21.0, 10.799999997019768 ], 
            "rotation": { "origin": [ 8.0, 8.0, 8.0 ], "axis": "x", "angle": -22.5 },
            "faces": {
                "north": { "texture": "#1", "uv": [ 0.0, 0.0, 1.3999999910593033, 6.0 ] },
                "east": { "texture": "#1", "uv": [ 0.0, 0.0, 1.5999999940395355, 6.0 ] },
                "south": { "texture": "#1", "uv": [ 0.0, 0.0, 1.3999999910593033, 6.0 ] },
                "west": { "texture": "#1", "uv": [ 0.0, 0.0, 1.5999999940395355, 6.0 ] },
                "up": { "texture": "#1", "uv": [ 0.0, 0.0, 1.3999999910593033, 1.5999999940395355 ] },
                "down": { "texture": "#1", "uv": [ 0.0, 0.0, 1.3999999910593033, 1.5999999940395355 ] }
            }
        },
        {
            "name": "Cube",
            "from": [ 7.4000000059604645, 15.0, 5.200000002980232 ], 
            "to": [ 8.599999994039536, 21.0, 6.799999997019768 ], 
            "rotation": { "origin": [ 8.0, 8.0, 8.0 ], "axis": "x", "angle": 22.5 },
            "faces": {
                "north": { "texture": "#1", "uv": [ 0.0, 0.0, 1.199999988079071, 6.0 ] },
                "east": { "texture": "#1", "uv": [ 0.0, 0.0, 1.5999999940395355, 6.0 ] },
                "south": { "texture": "#1", "uv": [ 0.0, 0.0, 1.199999988079071, 6.0 ] },
                "west": { "texture": "#1", "uv": [ 0.0, 0.0, 1.5999999940395355, 6.0 ] },
                "up": { "texture": "#1", "uv": [ 0.0, 0.0, 1.199999988079071, 1.5999999940395355 ] },
                "down": { "texture": "#1", "uv": [ 0.0, 0.0, 1.199999988079071, 1.5999999940395355 ] }
            }
        },
        {
            "name": "Cube",
            "from": [ 6.499999992549419, 16.0, 6.499999992549419 ], 
            "to": [ 9.50000000745058, 19.0, 9.50000000745058 ], 
            "faces": {
                "north": { "texture": "#0", "uv": [ 0.0, 0.0, 3.000000014901161, 3.0 ] },
                "east": { "texture": "#0", "uv": [ 0.0, 0.0, 3.000000014901161, 3.0 ] },
                "south": { "texture": "#0", "uv": [ 0.0, 0.0, 3.000000014901161, 3.0 ] },
                "west": { "texture": "#0", "uv": [ 0.0, 0.0, 3.000000014901161, 3.0 ] },
                "up": { "texture": "#0", "uv": [ 0.0, 0.0, 3.000000014901161, 3.000000014901161 ] },
                "down": { "texture": "#0", "uv": [ 0.0, 0.0, 3.000000014901161, 3.000000014901161 ] }
            }
        },
        {
            "name": "Cube",
            "from": [ 7.4000000059604645, 19.0, -0.7999999970197678 ], 
            "to": [ 8.599999994039536, 25.0, 0.7999999970197678 ], 
            "rotation": { "origin": [ 8.0, 8.0, 8.0 ], "axis": "x", "angle": 22.5 },
            "faces": {
                "north": { "texture": "#1", "uv": [ 0.0, 0.0, 1.199999988079071, 6.0 ] },
                "east": { "texture": "#1", "uv": [ 0.0, 0.0, 1.5999999940395355, 6.0 ] },
                "south": { "texture": "#1", "uv": [ 0.0, 0.0, 1.199999988079071, 6.0 ] },
                "west": { "texture": "#1", "uv": [ 0.0, 0.0, 1.5999999940395355, 6.0 ] },
                "up": { "texture": "#1", "uv": [ 0.0, 0.0, 1.199999988079071, 1.5999999940395355 ] },
                "down": { "texture": "#1", "uv": [ 0.0, 0.0, 1.199999988079071, 1.5999999940395355 ] }
            }
        },
        {
            "name": "Cube",
            "from": [ 7.300000004470348, 19.0, 15.200000002980232 ], 
            "to": [ 8.699999995529652, 25.0, 16.799999997019768 ], 
            "rotation": { "origin": [ 8.0, 8.0, 8.0 ], "axis": "x", "angle": -22.5 },
            "faces": {
                "north": { "texture": "#1", "uv": [ 0.0, 0.0, 1.3999999910593033, 6.0 ] },
                "east": { "texture": "#1", "uv": [ 0.0, 0.0, 1.5999999940395355, 6.0 ] },
                "south": { "texture": "#1", "uv": [ 0.0, 0.0, 1.3999999910593033, 6.0 ] },
                "west": { "texture": "#1", "uv": [ 0.0, 0.0, 1.5999999940395355, 6.0 ] },
                "up": { "texture": "#1", "uv": [ 0.0, 0.0, 1.3999999910593033, 1.5999999940395355 ] },
                "down": { "texture": "#1", "uv": [ 0.0, 0.0, 1.3999999910593033, 1.5999999940395355 ] }
            }
        },
        {
            "name": "Cube",
            "from": [ 6.499999992549419, 20.0, 6.499999992549419 ], 
            "to": [ 9.50000000745058, 23.0, 9.50000000745058 ], 
            "faces": {
                "north": { "texture": "#2", "uv": [ 16.0, 16.0, 1.4901161193847656E-8, 0.0 ] },
                "east": { "texture": "#2", "uv": [ 16.0, 16.0, 0.0, 0.0 ] },
                "south": { "texture": "#2", "uv": [ 16.0, 16.0, 0.0, 0.0 ] },
                "west": { "texture": "#2", "uv": [ 16.0, 16.0, 0.0, 0.0 ] },
                "up": { "texture": "#2", "uv": [ 16.0, 16.0, 0.0, 0.0 ] },
                "down": { "texture": "#2", "uv": [ 16.0, 16.0, 0.0, 1.4901161193847656E-8 ] }
            }
        },
        {
            "name": "Cube",
            "from": [ 7.700000010430813, 18.0, 6.000000007450581 ], 
            "to": [ 8.299999989569187, 26.0, 10.000000022351742 ], 
            "faces": {
                "north": { "texture": "#3", "uv": [ 16.0, 16.0, 1.4901161193847656E-8, 0.0 ] },
                "east": { "texture": "#3", "uv": [ 16.0, 16.0, 0.0, 0.0 ] },
                "south": { "texture": "#3", "uv": [ 16.0, 16.0, 0.0, 0.0 ] },
                "west": { "texture": "#3", "uv": [ 16.0, 16.0, 0.0, 0.0 ] },
                "up": { "texture": "#3", "uv": [ 16.0, 16.0, 0.0, 0.0 ] },
                "down": { "texture": "#3", "uv": [ 16.0, 16.0, 0.0, 1.4901161193847656E-8 ] }
            }
        }
    ],
	"display": {
		"thirdperson_righthand": {
			"rotation":  [ 0, 90, 0 ],
			"translation":  [ 0, 0, 0 ],
			"scale":  [ 1.3, 1.3, 1.3 ]
		},
		"firstperson_righthand": {
			"rotation":  [ -30, 90, 0 ],
			"translation":  [ 0, 0, 0 ],
			"scale":  [ 1.3, 1.3, 1.3 ]
		},
		"gui": {
			"rotation":  [ 0, 90, 0 ],
			"translation":  [ 0, 0, 0 ],
			"scale":  [ 0.6, 0.6, 0.6 ]
		},
		"ground": {
			"translation":  [ 0, 0, 0 ],
			"scale":  [ 1.0, 1.0, 1.0 ]
		}
	}
}