{
    "parent": "item/handheld",
    "textures": {
        "layer0": "item/iron_hoe"
    },
        "overrides": [
                { "predicate": {"damaged": 0, "damage": 0}, "model": "item/iron2"},
                { "predicate": {"damaged": 0, "damage": 0.004}, "model": "item/mob/bullant_still"},
                { "predicate": {"damaged": 0, "damage": 0.008}, "model": "item/mob/bullant_moving"},
                { "predicate": {"damaged": 0, "damage": 0.012}, "model": "item/mob/ratch"},
                { "predicate": {"damaged": 0, "damage": 0.016}, "model": "item/mob/ratch"},
                { "predicate": {"damaged": 0, "damage": 0.020}, "model": "item/mob/brazen_still"},
                { "predicate": {"damaged": 0, "damage": 0.024}, "model": "item/mob/brazen_moving"},
                { "predicate": {"damaged": 0, "damage": 0.028}, "model": "item/mob/sandskull"},
                { "predicate": {"damaged": 0, "damage": 0.032}, "model": "item/mob/sandskull"},
                { "predicate": {"damaged": 0, "damage": 0.036}, "model": "item/mob/scorpion_still"},
                { "predicate": {"damaged": 0, "damage": 0.040}, "model": "item/mob/scorpion_moving"},
                { "predicate": {"damaged": 0, "damage": 0.044}, "model": "item/mob/skitter_still"},
                { "predicate": {"damaged": 0, "damage": 0.048}, "model": "item/mob/skitter_moving"},
                { "predicate": {"damaged": 0, "damage": 0.052}, "model": "item/mob/dweller_still"},
                { "predicate": {"damaged": 0, "damage": 0.056}, "model": "item/mob/dweller_moving"},
                { "predicate": {"damaged": 0, "damage": 0.060}, "model": "item/mob/havenwitcher"},
                { "predicate": {"damaged": 0, "damage": 0.064}, "model": "item/mob/havenwitcher"},
                { "predicate": {"damaged": 0, "damage": 0.068}, "model": "item/mob/dwindler_still"},
                { "predicate": {"damaged": 0, "damage": 0.072}, "model": "item/mob/dwindler_moving"},
                { "predicate": {"damaged": 0, "damage": 0.076}, "model": "item/mob/duskblood_still"},
                { "predicate": {"damaged": 0, "damage": 0.080}, "model": "item/mob/duskblood_moving"},
                { "predicate": {"damaged": 0, "damage": 0.084}, "model": "item/decreefrozen"},
                { "predicate": {"damaged": 0, "damage": 0.088}, "model": "item/decreefinal"},
                { "predicate": {"damaged": 0, "damage": 0.092}, "model": "item/mob/wanderer"},
                { "predicate": {"damaged": 0, "damage": 0.096}, "model": "item/mob/wanderer"},
                { "predicate": {"damaged": 0, "damage": 0.100}, "model": "item/mob/yeti_still"},
                { "predicate": {"damaged": 0, "damage": 0.104}, "model": "item/mob/yeti_moving"},
                { "predicate": {"damaged": 0, "damage": 0.108}, "model": "item/mob/blight_still"},
                { "predicate": {"damaged": 0, "damage": 0.112}, "model": "item/mob/blight_moving"},
                { "predicate": {"damaged": 0, "damage": 0.116}, "model": "item/mob/glacer_still"},
                { "predicate": {"damaged": 0, "damage": 0.120}, "model": "item/mob/glacer_moving"},
                { "predicate": {"damaged": 0, "damage": 0.124}, "model": "item/mob/moesron_still"},
                { "predicate": {"damaged": 0, "damage": 0.128}, "model": "item/mob/moesron_moving"},
                { "predicate": {"damaged": 0, "damage": 0.132}, "model": "item/mob/ogre_still"},
                { "predicate": {"damaged": 0, "damage": 0.136}, "model": "item/mob/ogre_moving"},
                { "predicate": {"damaged": 0, "damage": 0.140}, "model": "item/mob/netherknight_still"},
                { "predicate": {"damaged": 0, "damage": 0.144}, "model": "item/mob/netherknight_moving"},
                { "predicate": {"damaged": 0, "damage": 0.148}, "model": "item/mob/lost"},
                { "predicate": {"damaged": 0, "damage": 0.152}, "model": "item/mob/lost"},
                { "predicate": {"damaged": 0, "damage": 0.156}, "model": "item/mob/siccitas_still"},
                { "predicate": {"damaged": 0, "damage": 0.160}, "model": "item/mob/siccitas_moving"},
                { "predicate": {"damaged": 0, "damage": 0.164}, "model": "item/mob/mage"},
                { "predicate": {"damaged": 0, "damage": 0.168}, "model": "item/mob/mage"},
                { "predicate": {"damaged": 0, "damage": 1}, "model": "item/bright_relic"},				
                { "predicate": {"damaged": 1, "damage": 0}, "model": "item/iron2"}
        ]
}