{
"__comment": "Designed by Itszender with BDcraft Cubik PRO 0.96 Beta - http://bdcraft.net",
"textures": {
    "texture": "ogreskin",
    "white": "white",
    "red": "red",
    "black": "black",
    "ogreclothes": "ogreclothes",
    "bone": "bone"
},
"elements": [ 
{
    "from": [ 5.5, 0, 3.5 ],
    "to": [ 10, 2, 6.5 ],
    "faces": {
        "down":  { "uv": [ 5.5, 3, 10, 6 ], "texture": "#texture" },
        "up":    { "uv": [ 5.5, 3, 10, 6 ], "texture": "#texture" },
        "north": { "uv": [ 5.5, 14, 10, 16 ], "texture": "#texture" },
        "south": { "uv": [ 5.5, 14, 10, 16 ], "texture": "#texture" },
        "west":  { "uv": [ 3, 14, 6, 16 ], "texture": "#texture" },
        "east":  { "uv": [ 3, 14, 6, 16 ], "texture": "#texture" }
    }
},
{
    "from": [ 5.5, 0, 9.5 ],
    "to": [ 10, 2, 12.5 ],
    "faces": {
        "down":  { "uv": [ 5.5, 3, 10, 6 ], "texture": "#texture" },
        "up":    { "uv": [ 5.5, 3, 10, 6 ], "texture": "#texture" },
        "north": { "uv": [ 5.5, 14, 10, 16 ], "texture": "#texture" },
        "south": { "uv": [ 5.5, 14, 10, 16 ], "texture": "#texture" },
        "west":  { "uv": [ 3, 14, 6, 16 ], "texture": "#texture" },
        "east":  { "uv": [ 3, 14, 6, 16 ], "texture": "#texture" }
    }
},
{
    "from": [ 5.375, 0.625, 9.5625 ],
    "to": [ 7.875, 6.625, 12.4375 ],
    "rotation": { "origin": [ 5.375, 6.625, 9.5625 ], "axis": "z", "angle": 22.5 },
    "faces": {
        "down":  { "uv": [ 8.5, 6, 6, 3 ], "texture": "#texture" },
        "up":    { "uv": [ 7.5, 3, 10, 6 ], "texture": "#texture" },
        "north": { "uv": [ 6, 8, 8.5, 14 ], "texture": "#texture" },
        "south": { "uv": [ 7.5, 8, 10, 14 ], "texture": "#texture" },
        "west":  { "uv": [ 3, 8, 6, 14 ], "texture": "#texture" },
        "east":  { "uv": [ 10, 8, 13, 14 ], "texture": "#texture" }
    }
},
{
    "from": [ 5.375, 0.605812, 3.5625 ],
    "to": [ 7.875, 6.60581, 6.4375 ],
    "rotation": { "origin": [ 5.375, 6.60581, 3.5625 ], "axis": "z", "angle": 22.5 },
    "faces": {
        "down":  { "uv": [ 8.5, 6, 6, 3 ], "texture": "#texture" },
        "up":    { "uv": [ 7.5, 3, 10, 6 ], "texture": "#texture" },
        "north": { "uv": [ 6, 8, 8.5, 14 ], "texture": "#texture" },
        "south": { "uv": [ 7.5, 8, 10, 14 ], "texture": "#texture" },
        "west":  { "uv": [ 3, 8, 6, 14 ], "texture": "#texture" },
        "east":  { "uv": [ 10, 8, 13, 14 ], "texture": "#texture" }
    }
},
{
    "from": [ 4.8125, 3.6875, 9.3125 ],
    "to": [ 10.3125, 6.6875, 12.8125 ],
    "rotation": { "origin": [ 4.8125, 6.6875, 9.3125 ], "axis": "z", "angle": 45 },
    "faces": {
        "down":  { "uv": [ 11, 6, 5.5, 2.5 ], "texture": "#texture" },
        "up":    { "uv": [ 5, 2.5, 10.5, 6 ], "texture": "#texture" },
        "north": { "uv": [ 5.5, 0.5, 11, 3.5 ], "texture": "#texture" },
        "south": { "uv": [ 5, 0.5, 10.5, 3.5 ], "texture": "#texture" },
        "west":  { "uv": [ 2.5, 0.5, 6, 3.5 ], "texture": "#texture" },
        "east":  { "uv": [ 10, 0.5, 13.5, 3.5 ], "texture": "#texture" }
    }
},
{
    "from": [ 4.8125, 3.86094, 3.25 ],
    "to": [ 10.3125, 6.86094, 6.75 ],
    "rotation": { "origin": [ 4.8125, 6.86094, 3.25 ], "axis": "z", "angle": 45 },
    "faces": {
        "down":  { "uv": [ 11, 6, 5.5, 2.5 ], "texture": "#texture" },
        "up":    { "uv": [ 5, 2.5, 10.5, 6 ], "texture": "#texture" },
        "north": { "uv": [ 5.5, 0.5, 11, 3.5 ], "texture": "#texture" },
        "south": { "uv": [ 5, 0.5, 10.5, 3.5 ], "texture": "#texture" },
        "west":  { "uv": [ 2.5, 0.5, 6, 3.5 ], "texture": "#texture" },
        "east":  { "uv": [ 10, 0.5, 13.5, 3.5 ], "texture": "#texture" }
    }
},
{
    "from": [ 7, 7.5, 6.5 ],
    "to": [ 10.5, 10.5, 9.5 ],
    "faces": {
        "down":  { "uv": [ 9, 9.5, 5.5, 6.5 ], "texture": "#texture" },
        "up":    { "uv": [ 7, 6.5, 10.5, 9.5 ], "texture": "#texture" },
        "north": { "uv": [ 5.5, 5.5, 9, 8.5 ], "texture": "#texture" },
        "south": { "uv": [ 7, 5.5, 10.5, 8.5 ], "texture": "#texture" },
        "west":  { "uv": [ 6.5, 5.5, 9.5, 8.5 ], "texture": "#texture" },
        "east":  { "uv": [ 6.5, 5.5, 9.5, 8.5 ], "texture": "#texture" }
    }
},
{
    "from": [ 7, 10, 3 ],
    "to": [ 10.5, 16.5, 13 ],
    "faces": {
        "down":  { "uv": [ 9, 13, 5.5, 3 ], "texture": "#texture" },
        "up":    { "uv": [ 7, 3, 10.5, 13 ], "texture": "#texture" },
        "north": { "uv": [ 5.5, 0, 9, 6 ], "texture": "#texture" },
        "south": { "uv": [ 7, 0, 10.5, 6 ], "texture": "#texture" },
        "west":  { "uv": [ 3, 0, 13, 6 ], "texture": "#texture" },
        "east":  { "uv": [ 3, 0, 13, 6 ], "texture": "#texture" }
    }
},
{
    "from": [ 6, 10.5, 4 ],
    "to": [ 7, 15.5, 12 ],
    "faces": {
        "down":  { "uv": [ 10, 12, 9, 4 ], "texture": "#texture" },
        "up":    { "uv": [ 6, 4, 7, 12 ], "texture": "#texture" },
        "north": { "uv": [ 9, 0.5, 10, 5.5 ], "texture": "#texture" },
        "south": { "uv": [ 6, 0.5, 7, 5.5 ], "texture": "#texture" },
        "west":  { "uv": [ 4, 0.5, 12, 5.5 ], "texture": "#texture" },
        "east":  { "uv": [ 4, 0.5, 12, 5.5 ], "texture": "#texture" }
    }
},
{
    "from": [ 5.5, 11, 5.5 ],
    "to": [ 6, 13.5, 10.5 ],
    "faces": {
        "down":  { "uv": [ 10.5, 10.5, 10, 5.5 ], "texture": "#texture" },
        "up":    { "uv": [ 5.5, 5.5, 6, 10.5 ], "texture": "#texture" },
        "north": { "uv": [ 10, 2.5, 10.5, 5 ], "texture": "#texture" },
        "south": { "uv": [ 5.5, 2.5, 6, 5 ], "texture": "#texture" },
        "west":  { "uv": [ 5.5, 2.5, 10.5, 5 ], "texture": "#texture" },
        "east":  { "uv": [ 5.5, 2.5, 10.5, 5 ], "texture": "#texture" }
    }
},
{
    "from": [ 7, 16.5, 2.75 ],
    "to": [ 10.5, 19.5, 13.25 ],
    "faces": {
        "down":  { "uv": [ 7, 3, 10.5, 13 ], "texture": "#texture" },
        "up":    { "uv": [ 7, 3, 10.5, 13 ], "texture": "#texture" },
        "north": { "uv": [ 7, 0, 10.5, 4 ], "texture": "#texture" },
        "south": { "uv": [ 7, 0, 10.5, 4 ], "texture": "#texture" },
        "west":  { "uv": [ 3, 0, 13, 4 ], "texture": "#texture" },
        "east":  { "uv": [ 3, 0, 13, 4 ], "texture": "#texture" }
    }
},
{
    "from": [ 7, 14.5, -0.75 ],
    "to": [ 10.5, 19, 2.75 ],
    "faces": {
        "down":  { "uv": [ 7, 0, 10.5, 3.5 ], "texture": "#texture" },
        "up":    { "uv": [ 7, 0, 10.5, 3.5 ], "texture": "#texture" },
        "north": { "uv": [ 7, 0, 10.5, 4.5 ], "texture": "#texture" },
        "south": { "uv": [ 7, 0, 10.5, 4.5 ], "texture": "#texture" },
        "west":  { "uv": [ 0, 0, 3.5, 4.5 ], "texture": "#texture" },
        "east":  { "uv": [ 0, 0, 3.5, 4.5 ], "texture": "#texture" }
    }
},
{
    "from": [ 7.6875, 8.75, -0.5 ],
    "to": [ 10.6875, 15.75, 2.5 ],
    "rotation": { "origin": [ 7.6875, 15.75, -0.5 ], "axis": "z", "angle": -22.5 },
    "faces": {
        "down":  { "uv": [ 8.625, 16, 5.625, 13.5 ], "texture": "#texture" },
        "up":    { "uv": [ 7.375, 13.5, 10.375, 16 ], "texture": "#texture" },
        "north": { "uv": [ 5.625, 1, 8.625, 8 ], "texture": "#texture" },
        "south": { "uv": [ 7.375, 1, 10.375, 8 ], "texture": "#texture" },
        "west":  { "uv": [ 13.5, 1, 16, 8 ], "texture": "#texture" },
        "east":  { "uv": [ 0, 1, 2.5, 8 ], "texture": "#texture" }
    }
},
{
    "from": [ 7, 14.5, 13.25 ],
    "to": [ 10.5, 19, 16.75 ],
    "faces": {
        "down":  { "uv": [ 7, 12.5, 10.5, 16 ], "texture": "#texture" },
        "up":    { "uv": [ 7, 12.5, 10.5, 16 ], "texture": "#texture" },
        "north": { "uv": [ 7, 0, 10.5, 4.5 ], "texture": "#texture" },
        "south": { "uv": [ 7, 0, 10.5, 4.5 ], "texture": "#texture" },
        "west":  { "uv": [ 12.5, 0, 16, 4.5 ], "texture": "#texture" },
        "east":  { "uv": [ 12.5, 0, 16, 4.5 ], "texture": "#texture" }
    }
},
{
    "from": [ 7.6875, 8.6875, 13.5 ],
    "to": [ 10.6875, 15.6875, 16.5 ],
    "rotation": { "origin": [ 7.6875, 15.6875, 13.5 ], "axis": "z", "angle": -22.5 },
    "faces": {
        "down":  { "uv": [ 8.625, 16, 5.625, 13.5 ], "texture": "#texture" },
        "up":    { "uv": [ 7.375, 13.5, 10.375, 16 ], "texture": "#texture" },
        "north": { "uv": [ 5.625, 1, 8.625, 8 ], "texture": "#texture" },
        "south": { "uv": [ 7.375, 1, 10.375, 8 ], "texture": "#texture" },
        "west":  { "uv": [ 13.5, 1, 16, 8 ], "texture": "#texture" },
        "east":  { "uv": [ 0, 1, 2.5, 8 ], "texture": "#texture" }
    }
},
{
    "from": [ 6.5, 19, 5.5 ],
    "to": [ 11.5, 23.5, 10.5 ],
    "faces": {
        "down":  { "uv": [ 6, 5.5, 11.5, 10.5 ], "texture": "#texture" },
        "up":    { "uv": [ 6, 5.5, 11.5, 10.5 ], "texture": "#texture" },
        "north": { "uv": [ 6, 0, 11.5, 4.5 ], "texture": "#texture" },
        "south": { "uv": [ 6, 0, 11.5, 4.5 ], "texture": "#texture" },
        "west":  { "uv": [ 5.5, 0, 10.5, 4.5 ], "texture": "#texture" },
        "east":  { "uv": [ 5.5, 0, 10.5, 4.5 ], "texture": "#texture" }
    }
},
{
    "from": [ 6, 22, 5.5 ],
    "to": [ 6.5, 23.5, 10.5 ],
    "faces": {
        "down":  { "uv": [ 6, 5.5, 6.5, 10.5 ], "texture": "#texture" },
        "up":    { "uv": [ 6, 5.5, 6.5, 10.5 ], "texture": "#texture" },
        "north": { "uv": [ 6, 0, 6.5, 1.5 ], "texture": "#texture" },
        "south": { "uv": [ 6, 0, 6.5, 1.5 ], "texture": "#texture" },
        "west":  { "uv": [ 5.5, 0, 10.5, 1.5 ], "texture": "#texture" },
        "east":  { "uv": [ 5.5, 0, 10.5, 1.5 ], "texture": "#texture" }
    }
},
{
    "from": [ 6, 21, 5.5 ],
    "to": [ 6.5, 22, 6 ],
    "faces": {
        "down":  { "uv": [ 6, 5.5, 6.5, 6 ], "texture": "#texture" },
        "up":    { "uv": [ 6, 5.5, 6.5, 6 ], "texture": "#texture" },
        "north": { "uv": [ 6, 0, 6.5, 1 ], "texture": "#texture" },
        "south": { "uv": [ 6, 0, 6.5, 1 ], "texture": "#texture" },
        "west":  { "uv": [ 5.5, 0, 6, 1 ], "texture": "#texture" },
        "east":  { "uv": [ 5.5, 0, 6, 1 ], "texture": "#texture" }
    }
},
{
    "from": [ 6, 21, 7.5 ],
    "to": [ 6.5, 22, 8.5 ],
    "faces": {
        "down":  { "uv": [ 6, 7.5, 6.5, 8.5 ], "texture": "#texture" },
        "up":    { "uv": [ 6, 7.5, 6.5, 8.5 ], "texture": "#texture" },
        "north": { "uv": [ 6, 0, 6.5, 1 ], "texture": "#texture" },
        "south": { "uv": [ 6, 0, 6.5, 1 ], "texture": "#texture" },
        "west":  { "uv": [ 7.5, 0, 8.5, 1 ], "texture": "#texture" },
        "east":  { "uv": [ 7.5, 0, 8.5, 1 ], "texture": "#texture" }
    }
},
{
    "from": [ 6, 21, 10 ],
    "to": [ 6.5, 22, 10.5 ],
    "faces": {
        "down":  { "uv": [ 6, 10, 6.5, 10.5 ], "texture": "#texture" },
        "up":    { "uv": [ 6, 10, 6.5, 10.5 ], "texture": "#texture" },
        "north": { "uv": [ 6, 0, 6.5, 1 ], "texture": "#texture" },
        "south": { "uv": [ 6, 0, 6.5, 1 ], "texture": "#texture" },
        "west":  { "uv": [ 10, 0, 10.5, 1 ], "texture": "#texture" },
        "east":  { "uv": [ 10, 0, 10.5, 1 ], "texture": "#texture" }
    }
},
{
    "from": [ 6, 20, 5.5 ],
    "to": [ 6.5, 21, 10.5 ],
    "faces": {
        "down":  { "uv": [ 6, 5.5, 6.5, 10.5 ], "texture": "#texture" },
        "up":    { "uv": [ 6, 5.5, 6.5, 10.5 ], "texture": "#texture" },
        "north": { "uv": [ 6, 0, 6.5, 0.5 ], "texture": "#texture" },
        "south": { "uv": [ 6, 0, 6.5, 0.5 ], "texture": "#texture" },
        "west":  { "uv": [ 5.5, 0, 10.5, 0.5 ], "texture": "#texture" },
        "east":  { "uv": [ 5.5, 0, 10.5, 0.5 ], "texture": "#texture" }
    }
},
{
    "from": [ 6, 19.5, 5.5 ],
    "to": [ 6.5, 20, 6.5 ],
    "faces": {
        "down":  { "uv": [ 6, 5.5, 6.5, 6.5 ], "texture": "#texture" },
        "up":    { "uv": [ 6, 5.5, 6.5, 6.5 ], "texture": "#texture" },
        "north": { "uv": [ 6, 0, 6.5, 1 ], "texture": "#texture" },
        "south": { "uv": [ 6, 0, 6.5, 1 ], "texture": "#texture" },
        "west":  { "uv": [ 5.5, 0, 6.5, 1 ], "texture": "#texture" },
        "east":  { "uv": [ 5.5, 0, 6.5, 1 ], "texture": "#texture" }
    }
},
{
    "from": [ 6, 19.5, 9.5 ],
    "to": [ 6.5, 20, 10.5 ],
    "faces": {
        "down":  { "uv": [ 6, 9.5, 6.5, 10.5 ], "texture": "#texture" },
        "up":    { "uv": [ 6, 9.5, 6.5, 10.5 ], "texture": "#texture" },
        "north": { "uv": [ 6, 0, 6.5, 1 ], "texture": "#texture" },
        "south": { "uv": [ 6, 0, 6.5, 1 ], "texture": "#texture" },
        "west":  { "uv": [ 9.5, 0, 10.5, 1 ], "texture": "#texture" },
        "east":  { "uv": [ 9.5, 0, 10.5, 1 ], "texture": "#texture" }
    }
},
{
    "from": [ 6, 19, 5.5 ],
    "to": [ 6.5, 19.5, 10.5 ],
    "faces": {
        "down":  { "uv": [ 6, 5.5, 6.5, 10.5 ], "texture": "#texture" },
        "up":    { "uv": [ 6, 5.5, 6.5, 10.5 ], "texture": "#texture" },
        "north": { "uv": [ 6, 0, 6.5, 0.5 ], "texture": "#texture" },
        "south": { "uv": [ 6, 0, 6.5, 0.5 ], "texture": "#texture" },
        "west":  { "uv": [ 5.5, 0, 10.5, 0.5 ], "texture": "#texture" },
        "east":  { "uv": [ 5.5, 0, 10.5, 0.5 ], "texture": "#texture" }
    }
},
{
    "from": [ 6, 20.75, 7.5 ],
    "to": [ 7, 21.75, 8.5 ],
    "rotation": { "origin": [ 6, 21.75, 7.5 ], "axis": "z", "angle": -22.5 },
    "faces": {
        "down":  { "uv": [ 6, 7.5, 7, 8.5 ], "texture": "#texture" },
        "up":    { "uv": [ 6, 7.5, 7, 8.5 ], "texture": "#texture" },
        "north": { "uv": [ 6, 0, 7, 1 ], "texture": "#texture" },
        "south": { "uv": [ 6, 0, 7, 1 ], "texture": "#texture" },
        "west":  { "uv": [ 7.5, 0, 8.5, 1 ], "texture": "#texture" },
        "east":  { "uv": [ 7.5, 0, 8.5, 1 ], "texture": "#texture" }
    }
},
{
    "from": [ 6.4375, 21, 6 ],
    "to": [ 6.9375, 22, 10 ],
    "faces": {
        "down":  { "uv": [ 9.5625, 10, 9.0625, 6 ], "texture": "#white" },
        "up":    { "uv": [ 6.4375, 6, 6.9375, 10 ], "texture": "#white" },
        "north": { "uv": [ 9.0625, 0, 9.5625, 0 ], "texture": "#white" },
        "south": { "uv": [ 6.4375, 0, 6.9375, 0 ], "texture": "#white" },
        "west":  { "uv": [ 6, 0, 10, 0 ], "texture": "#white" },
        "east":  { "uv": [ 6, 0, 10, 0 ], "texture": "#white" }
    }
},
{
    "from": [ 6.4375, 19.5, 6.5 ],
    "to": [ 6.9375, 20.5, 9.5 ],
    "faces": {
        "down":  { "uv": [ 9.5625, 9.5, 9.0625, 6.5 ], "texture": "#red" },
        "up":    { "uv": [ 6.4375, 6.5, 6.9375, 9.5 ], "texture": "#red" },
        "north": { "uv": [ 9.0625, 0, 9.5625, 0 ], "texture": "#red" },
        "south": { "uv": [ 6.4375, 0, 6.9375, 0 ], "texture": "#red" },
        "west":  { "uv": [ 6.5, 0, 9.5, 0 ], "texture": "#red" },
        "east":  { "uv": [ 6.5, 0, 9.5, 0 ], "texture": "#red" }
    }
},
{
    "from": [ 6.1875, 21.0625, 8.8125 ],
    "to": [ 7.1875, 21.875, 9.5625 ],
    "faces": {
        "down":  { "uv": [ 9.8125, 9.5625, 8.8125, 8.8125 ], "texture": "#black" },
        "up":    { "uv": [ 6.1875, 8.8125, 7.1875, 9.5625 ], "texture": "#black" },
        "north": { "uv": [ 8.8125, 0, 9.8125, 0 ], "texture": "#black" },
        "south": { "uv": [ 6.1875, 0, 7.1875, 0 ], "texture": "#black" },
        "west":  { "uv": [ 8.8125, 0, 9.5625, 0 ], "texture": "#black" },
        "east":  { "uv": [ 6.4375, 0, 7.1875, 0 ], "texture": "#black" }
    }
},
{
    "from": [ 6.1875, 21.0625, 6.375 ],
    "to": [ 7.1875, 21.875, 7.125 ],
    "faces": {
        "down":  { "uv": [ 9.8125, 7.125, 8.8125, 6.375 ], "texture": "#black" },
        "up":    { "uv": [ 6.1875, 6.375, 7.1875, 7.125 ], "texture": "#black" },
        "north": { "uv": [ 8.8125, 0, 9.8125, 0 ], "texture": "#black" },
        "south": { "uv": [ 6.1875, 0, 7.1875, 0 ], "texture": "#black" },
        "west":  { "uv": [ 6.375, 0, 7.125, 0 ], "texture": "#black" },
        "east":  { "uv": [ 8.875, 0, 9.625, 0 ], "texture": "#black" }
    }
},
{
    "from": [ 5.375, 8.625, 13.75 ],
    "to": [ 7.875, 9.625, 16.25 ],
    "rotation": { "origin": [ 5.375, 9.625, 13.75 ], "axis": "z", "angle": -22.5 },
    "faces": {
        "down":  { "uv": [ 11.5, 5, 8.5, 4 ], "texture": "#texture" },
        "up":    { "uv": [ 4.5, 4, 7.5, 5 ], "texture": "#texture" },
        "north": { "uv": [ 8.5, 6.5, 11.5, 7.5 ], "texture": "#texture" },
        "south": { "uv": [ 4.5, 6.5, 7.5, 7.5 ], "texture": "#texture" },
        "west":  { "uv": [ 4, 6.5, 5, 7.5 ], "texture": "#texture" },
        "east":  { "uv": [ 11, 6.5, 12, 7.5 ], "texture": "#texture" }
    }
},
{
    "from": [ 5.375, 8.625, -0.25 ],
    "to": [ 7.875, 9.625, 2.25 ],
    "rotation": { "origin": [ 5.375, 9.625, -0.25 ], "axis": "z", "angle": -22.5 },
    "faces": {
        "down":  { "uv": [ 11.5, 5, 8.5, 4 ], "texture": "#texture" },
        "up":    { "uv": [ 4.5, 4, 7.5, 5 ], "texture": "#texture" },
        "north": { "uv": [ 8.5, 6.5, 11.5, 7.5 ], "texture": "#texture" },
        "south": { "uv": [ 4.5, 6.5, 7.5, 7.5 ], "texture": "#texture" },
        "west":  { "uv": [ 4, 6.5, 5, 7.5 ], "texture": "#texture" },
        "east":  { "uv": [ 11, 6.5, 12, 7.5 ], "texture": "#texture" }
    }
},
{
    "from": [ 8, 21, 10 ],
    "to": [ 9, 22, 12 ],
    "rotation": { "origin": [ 8, 22, 10 ], "axis": "x", "angle": -22.5 },
    "faces": {
        "down":  { "uv": [ 16, 12.5, 16, 10.5 ], "texture": "#texture" },
        "up":    { "uv": [ 0, 10.5, 0, 12.5 ], "texture": "#texture" },
        "north": { "uv": [ 16, 0, 16, 0 ], "texture": "#texture" },
        "south": { "uv": [ 0, 0, 0, 0 ], "texture": "#texture" },
        "west":  { "uv": [ 10.5, 0, 12.5, 0 ], "texture": "#texture" },
        "east":  { "uv": [ 3.5, 0, 5.5, 0 ], "texture": "#texture" }
    }
},
{
    "from": [ 8, 21.75, 4.125 ],
    "to": [ 9, 22.75, 6.125 ],
    "rotation": { "origin": [ 8, 22.75, 4.125 ], "axis": "x", "angle": 22.5 },
    "faces": {
        "down":  { "uv": [ 16, 12.5, 16, 10.5 ], "texture": "#texture" },
        "up":    { "uv": [ 0, 10.5, 0, 12.5 ], "texture": "#texture" },
        "north": { "uv": [ 16, 0, 16, 0 ], "texture": "#texture" },
        "south": { "uv": [ 0, 0, 0, 0 ], "texture": "#texture" },
        "west":  { "uv": [ 10.5, 0, 12.5, 0 ], "texture": "#texture" },
        "east":  { "uv": [ 3.5, 0, 5.5, 0 ], "texture": "#texture" }
    }
},
{
    "from": [ 5.875, 22, 8.1875 ],
    "to": [ 6.375, 22.5, 10.1875 ],
    "rotation": { "origin": [ 5.875, 22.5, 8.1875 ], "axis": "x", "angle": -22.5 },
    "faces": {
        "down":  { "uv": [ 10.5, 7.5, 10, 5.5 ], "texture": "#black" },
        "up":    { "uv": [ 5.5, 5.5, 6, 7.5 ], "texture": "#black" },
        "north": { "uv": [ 10, 0, 10.5, 0 ], "texture": "#black" },
        "south": { "uv": [ 5.5, 0, 6, 0 ], "texture": "#black" },
        "west":  { "uv": [ 5.5, 0, 7.5, 0 ], "texture": "#black" },
        "east":  { "uv": [ 8.5, 0, 10.5, 0 ], "texture": "#black" }
    }
},
{
    "from": [ 5.875, 22.75, 5.9375 ],
    "to": [ 6.375, 23.25, 7.9375 ],
    "rotation": { "origin": [ 5.875, 23.25, 5.9375 ], "axis": "x", "angle": 22.5 },
    "faces": {
        "down":  { "uv": [ 10.5, 7.5, 10, 5.5 ], "texture": "#black" },
        "up":    { "uv": [ 5.5, 5.5, 6, 7.5 ], "texture": "#black" },
        "north": { "uv": [ 10, 0, 10.5, 0 ], "texture": "#black" },
        "south": { "uv": [ 5.5, 0, 6, 0 ], "texture": "#black" },
        "west":  { "uv": [ 5.5, 0, 7.5, 0 ], "texture": "#black" },
        "east":  { "uv": [ 8.5, 0, 10.5, 0 ], "texture": "#black" }
    }
},
{
    "from": [ 6, 1.10195, 9.375 ],
    "to": [ 9, 4.60195, 12.75 ],
    "rotation": { "origin": [ 6, 4.60195, 9.375 ], "axis": "z", "angle": 22.5 },
    "faces": {
        "down":  { "uv": [ 6, 9.3125, 9, 12.6875 ], "texture": "#ogreclothes" },
        "up":    { "uv": [ 6, 9.3125, 9, 12.6875 ], "texture": "#ogreclothes" },
        "north": { "uv": [ 6, 11.4375, 9, 14.9375 ], "texture": "#ogreclothes" },
        "south": { "uv": [ 6, 11.4375, 9, 14.9375 ], "texture": "#ogreclothes" },
        "west":  { "uv": [ 9.3125, 11.4375, 12.6875, 14.9375 ], "texture": "#ogreclothes" },
        "east":  { "uv": [ 9.3125, 11.4375, 12.6875, 14.9375 ], "texture": "#ogreclothes" }
    }
},
{
    "from": [ 6, 1, 3.3125 ],
    "to": [ 9, 4.5, 6.6875 ],
    "rotation": { "origin": [ 6, 4.5, 3.3125 ], "axis": "z", "angle": 22.5 },
    "faces": {
        "down":  { "uv": [ 6, 3.3125, 9, 6.6875 ], "texture": "#ogreclothes" },
        "up":    { "uv": [ 6, 3.3125, 9, 6.6875 ], "texture": "#ogreclothes" },
        "north": { "uv": [ 6, 11.5, 9, 15 ], "texture": "#ogreclothes" },
        "south": { "uv": [ 6, 11.5, 9, 15 ], "texture": "#ogreclothes" },
        "west":  { "uv": [ 3.3125, 11.5, 6.6875, 15 ], "texture": "#ogreclothes" },
        "east":  { "uv": [ 3.3125, 11.5, 6.6875, 15 ], "texture": "#ogreclothes" }
    }
},
{
    "from": [ 6.5, 8.5, 2.75 ],
    "to": [ 11, 10.5, 13.25 ],
    "faces": {
        "down":  { "uv": [ 6.5, 3, 7, 13 ], "texture": "#ogreclothes" },
        "up":    { "uv": [ 6.5, 3, 7, 13 ], "texture": "#ogreclothes" },
        "north": { "uv": [ 6.5, 5.5, 7, 7.5 ], "texture": "#ogreclothes" },
        "south": { "uv": [ 6.5, 5.5, 7, 7.5 ], "texture": "#ogreclothes" },
        "west":  { "uv": [ 3, 5.5, 13, 7.5 ], "texture": "#ogreclothes" },
        "east":  { "uv": [ 3, 5.5, 13, 7.5 ], "texture": "#ogreclothes" }
    }
},
{
    "from": [ 6.5, 6.5, 6.8125 ],
    "to": [ 7, 8.5, 9.25 ],
    "faces": {
        "down":  { "uv": [ 9.5, 9.25, 9, 6.8125 ], "texture": "#ogreclothes" },
        "up":    { "uv": [ 6.5, 6.8125, 7, 9.25 ], "texture": "#ogreclothes" },
        "north": { "uv": [ 9, 7.5, 9.5, 9.5 ], "texture": "#ogreclothes" },
        "south": { "uv": [ 6.5, 7.5, 7, 9.5 ], "texture": "#ogreclothes" },
        "west":  { "uv": [ 6.8125, 7.5, 9.25, 9.5 ], "texture": "#ogreclothes" },
        "east":  { "uv": [ 6.75, 7.5, 9.1875, 9.5 ], "texture": "#ogreclothes" }
    }
},
{
    "from": [ 6.5, 5, 7.75 ],
    "to": [ 7, 6.5, 8.75 ],
    "faces": {
        "down":  { "uv": [ 9.5, 8.75, 9, 7.75 ], "texture": "#ogreclothes" },
        "up":    { "uv": [ 6.5, 7.75, 7, 8.75 ], "texture": "#ogreclothes" },
        "north": { "uv": [ 9, 9.5, 9.5, 11 ], "texture": "#ogreclothes" },
        "south": { "uv": [ 6.5, 9.5, 7, 11 ], "texture": "#ogreclothes" },
        "west":  { "uv": [ 7.75, 9.5, 8.75, 11 ], "texture": "#ogreclothes" },
        "east":  { "uv": [ 7.25, 9.5, 8.25, 11 ], "texture": "#ogreclothes" }
    }
},
{
    "from": [ 6.5, 6, 7.25 ],
    "to": [ 7, 6.5, 7.75 ],
    "faces": {
        "down":  { "uv": [ 9.5, 7.75, 9, 7.25 ], "texture": "#ogreclothes" },
        "up":    { "uv": [ 6.5, 7.25, 7, 7.75 ], "texture": "#ogreclothes" },
        "north": { "uv": [ 9, 9.5, 9.5, 10 ], "texture": "#ogreclothes" },
        "south": { "uv": [ 6.5, 9.5, 7, 10 ], "texture": "#ogreclothes" },
        "west":  { "uv": [ 7.25, 9.5, 7.75, 10 ], "texture": "#ogreclothes" },
        "east":  { "uv": [ 8.25, 9.5, 8.75, 10 ], "texture": "#ogreclothes" }
    }
},
{
    "from": [ 6.5, 4.5, 8 ],
    "to": [ 7, 5, 8.5 ],
    "faces": {
        "down":  { "uv": [ 9.5, 8.5, 9, 8 ], "texture": "#ogreclothes" },
        "up":    { "uv": [ 6.5, 8, 7, 8.5 ], "texture": "#ogreclothes" },
        "north": { "uv": [ 9, 11, 9.5, 11.5 ], "texture": "#ogreclothes" },
        "south": { "uv": [ 6.5, 11, 7, 11.5 ], "texture": "#ogreclothes" },
        "west":  { "uv": [ 8, 11, 8.5, 11.5 ], "texture": "#ogreclothes" },
        "east":  { "uv": [ 7.5, 11, 8, 11.5 ], "texture": "#ogreclothes" }
    }
},
{
    "from": [ 5.8125, 19.5, 8.75 ],
    "to": [ 6.8125, 20.5, 9.25 ],
    "faces": {
        "down":  { "uv": [ 10.1875, 9.25, 9.1875, 8.75 ], "texture": "#bone" },
        "up":    { "uv": [ 5.8125, 8.75, 6.8125, 9.25 ], "texture": "#bone" },
        "north": { "uv": [ 9.1875, 0, 10.1875, 0 ], "texture": "#bone" },
        "south": { "uv": [ 5.8125, 0, 6.8125, 0 ], "texture": "#bone" },
        "west":  { "uv": [ 8.75, 0, 9.25, 0 ], "texture": "#bone" },
        "east":  { "uv": [ 6.75, 0, 7.25, 0 ], "texture": "#bone" }
    }
},
{
    "from": [ 5.8125, 19.5, 6.75 ],
    "to": [ 6.8125, 20.5, 7.25 ],
    "faces": {
        "down":  { "uv": [ 10.1875, 7.25, 9.1875, 6.75 ], "texture": "#bone" },
        "up":    { "uv": [ 5.8125, 6.75, 6.8125, 7.25 ], "texture": "#bone" },
        "north": { "uv": [ 9.1875, 0, 10.1875, 0 ], "texture": "#bone" },
        "south": { "uv": [ 5.8125, 0, 6.8125, 0 ], "texture": "#bone" },
        "west":  { "uv": [ 6.75, 0, 7.25, 0 ], "texture": "#bone" },
        "east":  { "uv": [ 8.75, 0, 9.25, 0 ], "texture": "#bone" }
    }
},
{
    "from": [ 10.5, 6, 6.8125 ],
    "to": [ 11, 8.5, 9.25 ],
    "faces": {
        "down":  { "uv": [ 5.5, 9.25, 5, 6.8125 ], "texture": "#ogreclothes" },
        "up":    { "uv": [ 10.5, 6.8125, 11, 9.25 ], "texture": "#ogreclothes" },
        "north": { "uv": [ 5, 7.5, 5.5, 10 ], "texture": "#ogreclothes" },
        "south": { "uv": [ 10.5, 7.5, 11, 10 ], "texture": "#ogreclothes" },
        "west":  { "uv": [ 6.8125, 7.5, 9.25, 10 ], "texture": "#ogreclothes" },
        "east":  { "uv": [ 6.75, 7.5, 9.1875, 10 ], "texture": "#ogreclothes" }
    }
},
{
    "from": [ 10.5, 4, 7 ],
    "to": [ 11, 6, 8 ],
    "faces": {
        "down":  { "uv": [ 5.5, 8, 5, 7 ], "texture": "#ogreclothes" },
        "up":    { "uv": [ 10.5, 7, 11, 8 ], "texture": "#ogreclothes" },
        "north": { "uv": [ 5, 10, 5.5, 12 ], "texture": "#ogreclothes" },
        "south": { "uv": [ 10.5, 10, 11, 12 ], "texture": "#ogreclothes" },
        "west":  { "uv": [ 7, 10, 8, 12 ], "texture": "#ogreclothes" },
        "east":  { "uv": [ 8, 10, 9, 12 ], "texture": "#ogreclothes" }
    }
},
{
    "from": [ 10.5, 3.5, 7 ],
    "to": [ 11, 4, 7.5 ],
    "faces": {
        "down":  { "uv": [ 5.5, 7.5, 5, 7 ], "texture": "#ogreclothes" },
        "up":    { "uv": [ 10.5, 7, 11, 7.5 ], "texture": "#ogreclothes" },
        "north": { "uv": [ 5, 12, 5.5, 12.5 ], "texture": "#ogreclothes" },
        "south": { "uv": [ 10.5, 12, 11, 12.5 ], "texture": "#ogreclothes" },
        "west":  { "uv": [ 7, 12, 7.5, 12.5 ], "texture": "#ogreclothes" },
        "east":  { "uv": [ 8.5, 12, 9, 12.5 ], "texture": "#ogreclothes" }
    }
},
{
    "from": [ 10.5, 5, 8.375 ],
    "to": [ 11, 6, 8.875 ],
    "faces": {
        "down":  { "uv": [ 5.5, 8.875, 5, 8.375 ], "texture": "#ogreclothes" },
        "up":    { "uv": [ 10.5, 8.375, 11, 8.875 ], "texture": "#ogreclothes" },
        "north": { "uv": [ 5, 10, 5.5, 11 ], "texture": "#ogreclothes" },
        "south": { "uv": [ 10.5, 10, 11, 11 ], "texture": "#ogreclothes" },
        "west":  { "uv": [ 8.375, 10, 8.875, 11 ], "texture": "#ogreclothes" },
        "east":  { "uv": [ 7.125, 10, 7.625, 11 ], "texture": "#ogreclothes" }
    }
}
],
"display": {
    "head": {
        "rotation": [ 0, -90, 0 ],
        "translation": [ 0, -21.35, 0 ],
        "scale": [ 2.8, 2.8, 2.8 ]
    }
}
}