{
"__comment": "Designed by Itszender with BDcraft Cubik PRO 0.96 Beta - http://bdcraft.net",
"textures": {
    "texture": "lightgreenskin",
    "bone": "bone",
    "red": "red",
    "white": "white",
    "black": "black",
    "brown": "brown",
    "anvil_base": "blocks/anvil_base",
    "hardened_clay_stained_red": "blocks/hardened_clay_stained_red",
    "iron_block": "blocks/anvil_base",
    "log_spruce": "blocks/log_spruce"
},
"elements": [ 
{
    "from": [ 7.75, 3.5625, 2.125 ],
    "to": [ 9.25, 5.0625, 13.625 ],
    "faces": {
        "down":  { "uv": [ 0, 4.5, 1.5, 16 ], "texture": "#log_spruce" },
        "up":    { "uv": [ 0, 4.5, 1.5, 16 ], "texture": "#log_spruce" },
        "north": { "uv": [ 0, 14.5, 1.5, 16 ], "texture": "#log_spruce" },
        "south": { "uv": [ 0, 14.5, 1.5, 16 ], "texture": "#log_spruce" },
        "west":  { "uv": [ 4.5, 14.5, 16, 16 ], "texture": "#log_spruce" },
        "east":  { "uv": [ 4.5, 14.5, 16, 16 ], "texture": "#log_spruce" }
    }
},
{
    "from": [ 8, 2.875, 10.4375 ],
    "to": [ 9, 5.875, 12.4375 ],
    "faces": {
        "down":  { "uv": [ 1, 13, 2, 15 ], "texture": "#iron_block" },
        "up":    { "uv": [ 1, 13, 2, 15 ], "texture": "#iron_block" },
        "north": { "uv": [ 6, 12.0625, 7, 15.0625 ], "texture": "#iron_block" },
        "south": { "uv": [ 6.5, 12.0625, 7.5, 15.0625 ], "texture": "#iron_block" },
        "west":  { "uv": [ 8, 12, 10, 15 ], "texture": "#iron_block" },
        "east":  { "uv": [ 7.5, 12, 9.5, 15 ], "texture": "#iron_block" }
    }
},
{
    "from": [ 8, 0.875, 10 ],
    "to": [ 9, 2.875, 13 ],
    "faces": {
        "down":  { "uv": [ 1, 11.625, 2, 14.625 ], "texture": "#iron_block" },
        "up":    { "uv": [ 1, 11.625, 2, 14.625 ], "texture": "#iron_block" },
        "north": { "uv": [ 1, 10, 2, 12 ], "texture": "#iron_block" },
        "south": { "uv": [ 1, 10, 2, 12 ], "texture": "#iron_block" },
        "west":  { "uv": [ 11.5, 10, 14.5, 12 ], "texture": "#iron_block" },
        "east":  { "uv": [ 11.625, 10, 14.625, 12 ], "texture": "#iron_block" }
    }
},
{
    "from": [ 8.25, 0.125, 9.9375 ],
    "to": [ 8.75, 1.125, 12.9375 ],
    "faces": {
        "down":  { "uv": [ 1.75, 11.75, 2.25, 14.75 ], "texture": "#iron_block" },
        "up":    { "uv": [ 2, 11.75, 2.5, 14.75 ], "texture": "#iron_block" },
        "north": { "uv": [ 1.5, 13.625, 2, 14.625 ], "texture": "#iron_block" },
        "south": { "uv": [ 2, 13.125, 2.5, 14.125 ], "texture": "#iron_block" },
        "west":  { "uv": [ 11.75, 13.125, 14.75, 14.125 ], "texture": "#iron_block" },
        "east":  { "uv": [ 11.75, 14.125, 14.75, 15.125 ], "texture": "#iron_block" }
    }
},
{
    "from": [ 8.25, 0.875, 9.25 ],
    "to": [ 8.75, 2.875, 13.75 ],
    "faces": {
        "down":  { "uv": [ 1.75, 9.4375, 2.25, 13.9375 ], "texture": "#iron_block" },
        "up":    { "uv": [ 2, 9.9375, 2.5, 14.4375 ], "texture": "#iron_block" },
        "north": { "uv": [ 1.5, 10.3125, 2, 12.3125 ], "texture": "#iron_block" },
        "south": { "uv": [ 1.5, 10.3125, 2, 12.3125 ], "texture": "#iron_block" },
        "west":  { "uv": [ 10.5, 10, 15, 12 ], "texture": "#iron_block" },
        "east":  { "uv": [ 10.5, 10, 15, 12 ], "texture": "#iron_block" }
    }
},
{
    "from": [ 8.25, 1.875, 8.3125 ],
    "to": [ 8.75, 2.875, 9.3125 ],
    "faces": {
        "down":  { "uv": [ 1.25, 13.0625, 1.75, 14.0625 ], "texture": "#iron_block" },
        "up":    { "uv": [ 1, 13.0625, 1.5, 14.0625 ], "texture": "#iron_block" },
        "north": { "uv": [ 1.5, 13.1875, 2, 14.1875 ], "texture": "#iron_block" },
        "south": { "uv": [ 1.5, 13.6875, 2, 14.6875 ], "texture": "#iron_block" },
        "west":  { "uv": [ 13.0625, 13.6875, 14.0625, 14.6875 ], "texture": "#iron_block" },
        "east":  { "uv": [ 13.5625, 13.6875, 14.5625, 14.6875 ], "texture": "#iron_block" }
    }
},
{
    "from": [ 8, 5.75, 9.875 ],
    "to": [ 9, 7.75, 12.875 ],
    "faces": {
        "down":  { "uv": [ 1, 12.125, 2, 15.125 ], "texture": "#iron_block" },
        "up":    { "uv": [ 1, 12.125, 2, 15.125 ], "texture": "#iron_block" },
        "north": { "uv": [ 1.5, 10, 2.5, 12 ], "texture": "#iron_block" },
        "south": { "uv": [ 1.5, 10, 2.5, 12 ], "texture": "#iron_block" },
        "west":  { "uv": [ 11.625, 10, 14.625, 12 ], "texture": "#iron_block" },
        "east":  { "uv": [ 11.625, 10, 14.625, 12 ], "texture": "#iron_block" }
    }
},
{
    "from": [ 8.25, 7.75, 9.875 ],
    "to": [ 8.75, 8.75, 12.875 ],
    "faces": {
        "down":  { "uv": [ 1.75, 11.75, 2.25, 14.75 ], "texture": "#iron_block" },
        "up":    { "uv": [ 2, 11.75, 2.5, 14.75 ], "texture": "#iron_block" },
        "north": { "uv": [ 2.5, 7.125, 3, 8.125 ], "texture": "#iron_block" },
        "south": { "uv": [ 2, 10.125, 2.5, 11.125 ], "texture": "#iron_block" },
        "west":  { "uv": [ 11.75, 7.625, 14.75, 8.625 ], "texture": "#iron_block" },
        "east":  { "uv": [ 11.75, 7.625, 14.75, 8.625 ], "texture": "#iron_block" }
    }
},
{
    "from": [ 8.25, 5.8125, 9.125 ],
    "to": [ 8.75, 7.8125, 13.625 ],
    "faces": {
        "down":  { "uv": [ 1.75, 9.4375, 2.25, 13.9375 ], "texture": "#iron_block" },
        "up":    { "uv": [ 2, 9.9375, 2.5, 14.4375 ], "texture": "#iron_block" },
        "north": { "uv": [ 1.5, 10.3125, 2, 12.3125 ], "texture": "#iron_block" },
        "south": { "uv": [ 1.5, 10.3125, 2, 12.3125 ], "texture": "#iron_block" },
        "west":  { "uv": [ 10.5, 10, 15, 12 ], "texture": "#iron_block" },
        "east":  { "uv": [ 10.5, 10, 15, 12 ], "texture": "#iron_block" }
    }
},
{
    "from": [ 8.25, 5.8125, 8.25 ],
    "to": [ 8.75, 6.8125, 9.25 ],
    "faces": {
        "down":  { "uv": [ 1.25, 10, 1.75, 11 ], "texture": "#iron_block" },
        "up":    { "uv": [ 1, 10, 1.5, 11 ], "texture": "#iron_block" },
        "north": { "uv": [ 1.5, 10.0625, 2, 11.0625 ], "texture": "#iron_block" },
        "south": { "uv": [ 1, 10.0625, 1.5, 11.0625 ], "texture": "#iron_block" },
        "west":  { "uv": [ 13, 10.0625, 14, 11.0625 ], "texture": "#iron_block" },
        "east":  { "uv": [ 13, 10.0625, 14, 11.0625 ], "texture": "#iron_block" }
    }
}
],
"display": {
    "thirdperson_righthand": {
        "rotation": [ -90, 0, 0 ],
        "translation": [ -0.56, 2.46, -2.65 ],
        "scale": [ 1.3, 1.3, 1.3 ]
    },
    "thirdperson_lefthand": {
        "rotation": [ -90, 0, 0 ],
        "translation": [ 0.57, 2.46, -2.65 ],
        "scale": [ 1.3, 1.3, 1.3 ]
    },
    "head": {
        "rotation": [ 0, -180, 0 ],
        "translation": [ 0, 4.72, 0 ],
        "scale": [ 2, 2, 2 ]
    },
    "ground": {
        "rotation": [ 0, 0, 0 ],
        "translation": [ 0, 2.83, 0 ],
        "scale": [ 0.6, 0.6, 0.6 ]
    },
    "firstperson_righthand": {
        "rotation": [ -98, -4, 23 ],
        "translation": [ 0, 3.21, -4.35 ],
        "scale": [ 1, 1, 1 ]
    },
    "firstperson_lefthand": {
        "rotation": [ -98, -4, 23 ],
        "translation": [ 0, 3.21, -4.35 ],
        "scale": [ 1, 1, 1 ]
    },
    "gui": {
        "rotation": [ -79, 41, 52 ],
        "translation": [ -3.78, 2.27, 0 ],
        "scale": [ 1.3, 1.3, 1.3 ]
    }
}
}