{
    "__comment": "Model generated using MrCrayfish's Model Creator (http://mrcrayfish.com/modelcreator/)",
    "textures": {
        "0": "blocks/prismarine_rough",
        "1": "blocks/ice_packed",
        "2": "blocks/ice"
    },
    "elements": [
        {
            "name": "Cube",
            "from": [ 6.799999997019768, 0.0, 6.799999997019768 ], 
            "to": [ 9.200000002980232, 1.0, 9.200000002980232 ], 
            "faces": {
                "north": { "texture": "#0", "uv": [ 0.0, 0.0, 2.4000000059604645, 1.0 ] },
                "east": { "texture": "#0", "uv": [ 0.0, 0.0, 2.4000000059604645, 1.0 ] },
                "south": { "texture": "#0", "uv": [ 0.0, 0.0, 2.4000000059604645, 1.0 ] },
                "west": { "texture": "#0", "uv": [ 0.0, 0.0, 2.4000000059604645, 1.0 ] },
                "up": { "texture": "#0", "uv": [ 0.0, 0.0, 2.4000000059604645, 2.4000000059604645 ] },
                "down": { "texture": "#0", "uv": [ 0.0, 0.0, 2.4000000059604645, 2.4000000059604645 ] }
            }
        },
        {
            "name": "Cube",
            "from": [ 7.5, 1.0, 7.5 ], 
            "to": [ 8.5, 15.699999995529652, 8.5 ], 
            "faces": {
                "north": { "texture": "#1", "uv": [ 0.0, 0.0, 0.8, 14.699999995529652 ] },
                "east": { "texture": "#1", "uv": [ 0.0, 0.0, 0.8, 14.699999995529652 ] },
                "south": { "texture": "#1", "uv": [ 0.0, 0.0, 0.8, 14.699999995529652 ] },
                "west": { "texture": "#1", "uv": [ 0.0, 0.0, 0.8, 14.699999995529652 ] },
                "up": { "texture": "#1", "uv": [ 0.0, 0.0, 0.8, 0.8 ] },
                "down": { "texture": "#1", "uv": [ 0.0, 0.0, 0.8, 0.8 ] }
            }
        },
        {
            "name": "Cube",
            "from": [ 7.700000010430813, 15.0, 4.799999997019768 ], 
            "to": [ 8.299999989569187, 16.0, 11.200000002980232 ], 
            "rotation": { "origin": [ 8.0, 8.0, 8.0 ], "axis": "y", "angle": 0.0 },
            "faces": {
                "north": { "texture": "#0", "uv": [ 0.0, 0.0, 0.5999999791383743, 1.0 ] },
                "east": { "texture": "#0", "uv": [ 0.0, 0.0, 6.4000000059604645, 1.0 ] },
                "south": { "texture": "#0", "uv": [ 0.0, 0.0, 0.5999999791383743, 1.0 ] },
                "west": { "texture": "#0", "uv": [ 0.0, 0.0, 6.4000000059604645, 1.0 ] },
                "up": { "texture": "#0", "uv": [ 0.0, 0.0, 0.5999999791383743, 6.4000000059604645 ] },
                "down": { "texture": "#0", "uv": [ 0.0, 0.0, 0.5999999791383743, 6.4000000059604645 ] }
            }
        },
        {
            "name": "Cube",
            "from": [ 4.700000010430813, 15.0, 7.799999997019768 ], 
            "to": [ 11.299999989569187, 16.0, 8.200000002980232 ], 
            "rotation": { "origin": [ 8.0, 8.0, 8.0 ], "axis": "y", "angle": 0.0 },
            "faces": {
                "north": { "texture": "#0", "uv": [ 0.5999999791383743, 0.0, 0, 1.0 ] },
                "east": { "texture": "#0", "uv": [ 6.4000000059604645, 0.0, 0, 1.0 ] },
                "south": { "texture": "#0", "uv": [ 0.5999999791383743, 0.0, 0, 1.0 ] },
                "west": { "texture": "#0", "uv": [ 6.4000000059604645, 0.0, 0, 1.0 ] },
                "up": { "texture": "#0", "uv": [ 0.5999999791383743, 0.0, 0, 6.4000000059604645 ] },
                "down": { "texture": "#0", "uv": [ 0.5999999791383743, 0.0, 0, 6.4000000059604645 ] }
            }
        },
        {
            "name": "d",
            "from": [ 4.0, 15.899999998509884, 5.999999985098839 ], 
            "to": [ 5.0, 17.899999998509884, 6.999999985098839 ], 
            "rotation": { "origin": [ 8.0, 8.0, 8.0 ], "axis": "y", "angle": -22.5 },
            "faces": {
                "north": { "texture": "#2", "uv": [ 0.0, 0.0, 1.0, 2.0 ] },
                "east": { "texture": "#2", "uv": [ 0.0, 0.0, 1.0, 2.0 ] },
                "south": { "texture": "#2", "uv": [ 0.0, 0.0, 1.0, 2.0 ] },
                "west": { "texture": "#2", "uv": [ 0.0, 0.0, 1.0, 2.0 ] },
                "up": { "texture": "#2", "uv": [ 0.0, 0.0, 1.0, 1.0 ] },
                "down": { "texture": "#2", "uv": [ 0.0, 0.0, 1.0, 1.0 ] }
            }
        },
        {
            "name": "d",
            "from": [ 10.0, 16.0, 4.899999998509884 ], 
            "to": [ 11.0, 18.0, 5.899999998509884 ], 
            "faces": {
                "north": { "texture": "#2", "uv": [ 0.0, 0.0, 1.0, 2.0 ] },
                "east": { "texture": "#2", "uv": [ 0.0, 0.0, 1.0, 2.0 ] },
                "south": { "texture": "#2", "uv": [ 0.0, 0.0, 1.0, 2.0 ] },
                "west": { "texture": "#2", "uv": [ 0.0, 0.0, 1.0, 2.0 ] },
                "up": { "texture": "#2", "uv": [ 0.0, 0.0, 1.0, 1.0 ] },
                "down": { "texture": "#2", "uv": [ 0.0, 0.0, 1.0, 1.0 ] }
            }
        },
        {
            "name": "d",
            "from": [ 8.800000011920929, 16.0, 10.799999997019768 ], 
            "to": [ 9.800000011920929, 18.0, 11.799999997019768 ], 
            "rotation": { "origin": [ 8.0, 8.0, 8.0 ], "axis": "y", "angle": 22.5 },
            "faces": {
                "north": { "texture": "#2", "uv": [ 0.0, 0.0, 1.0, 2.0 ] },
                "east": { "texture": "#2", "uv": [ 0.0, 0.0, 1.0, 2.0 ] },
                "south": { "texture": "#2", "uv": [ 0.0, 0.0, 1.0, 2.0 ] },
                "west": { "texture": "#2", "uv": [ 0.0, 0.0, 1.0, 2.0 ] },
                "up": { "texture": "#2", "uv": [ 0.0, 0.0, 1.0, 1.0 ] },
                "down": { "texture": "#2", "uv": [ 0.0, 0.0, 1.0, 1.0 ] }
            }
        },
        {
            "name": "d",
            "from": [ 4.899999998509884, 16.0, 10.100000001490116 ], 
            "to": [ 5.899999998509884, 18.0, 11.100000001490116 ], 
            "faces": {
                "north": { "texture": "#2", "uv": [ 0.0, 0.0, 1.0, 2.0 ] },
                "east": { "texture": "#2", "uv": [ 0.0, 0.0, 1.0, 2.0 ] },
                "south": { "texture": "#2", "uv": [ 0.0, 0.0, 1.0, 2.0 ] },
                "west": { "texture": "#2", "uv": [ 0.0, 0.0, 1.0, 2.0 ] },
                "up": { "texture": "#2", "uv": [ 0.0, 0.0, 1.0, 1.0 ] },
                "down": { "texture": "#2", "uv": [ 0.0, 0.0, 1.0, 1.0 ] }
            }
        },
        {
            "name": "Cube",
            "from": [ 6.699999995529652, 14.899999983608723, 6.699999995529652 ], 
            "to": [ 9.300000004470348, 17.499999977648258, 9.300000004470348 ], 
            "rotation": { "origin": [ 8.0, 8.0, 8.0 ], "axis": "y", "angle": -45.0 },
            "faces": {
                "north": { "texture": "#2", "uv": [ 0.0, 0.0, 2.6000000089406967, 2.5999999940395355 ] },
                "east": { "texture": "#2", "uv": [ 0.0, 0.0, 2.6000000089406967, 2.5999999940395355 ] },
                "south": { "texture": "#2", "uv": [ 0.0, 0.0, 2.6000000089406967, 2.5999999940395355 ] },
                "west": { "texture": "#2", "uv": [ 0.0, 0.0, 2.6000000089406967, 2.5999999940395355 ] },
                "up": { "texture": "#2", "uv": [ 0.0, 0.0, 2.6000000089406967, 2.6000000089406967 ] },
                "down": { "texture": "#2", "uv": [ 0.0, 0.0, 2.6000000089406967, 2.6000000089406967 ] }
            }
        }
    ],
	"display": {
		"thirdperson_righthand": {
			"rotation":  [ 0, 90, 0 ],
			"translation":  [ 0, 0, 0 ],
			"scale":  [ 1.3, 1.3, 1.3 ]
		},
		"firstperson_righthand": {
			"rotation":  [ -30, 90, 0 ],
			"translation":  [ 0, 0, 0 ],
			"scale":  [ 1.3, 1.3, 1.3 ]
		},
		"gui": {
			"rotation":  [ 0, 0, -45 ],
			"translation":  [ 0, 0, 0 ],
			"scale":  [ 1.0, 1.0, 1.0 ]
		},
		"ground": {
			"translation":  [ 0, 0, 0 ],
			"scale":  [ 1.0, 1.0, 1.0 ]
		},
    "head": { "translation": [ 0, 0, 0 ], "scale": [ 4, 4, 4 ]}
	}
}