{
    "__comment": "Model generated using MrCrayfish's Model Creator (http://mrcrayfish.com/modelcreator/)",
    "textures": {
        "0": "blocks/quartz_block_side",
        "1": "blocks/anvil_base",
        "2": "blocks/sea_lantern",
        "3": "blocks/spirit1",
        "4": "blocks/blank_texture",
        "5": "blocks/glass"
    },
    "elements": [
        {
            "name": "Cube",
            "from": [ 1.1, 4.2, 1.1 ], 
            "to": [ 14.9, 27.9, 14.9 ], 
            "faces": {
                "north": { "texture": "#5", "uv": [ 0.0, 0.0, 16.0, 16.0 ] },
                "east": { "texture": "#5", "uv": [ 0.0, 0.0, 16.0, 16.0 ] },
                "south": { "texture": "#5", "uv": [ 0.0, 0.0, 16.0, 16.0 ] },
                "west": { "texture": "#5", "uv": [ 0.0, 0.0, 16.0, 16.0 ] },
                "up": { "texture": "#4", "uv": [ 0.0, 0.0, 16.0, 16.0 ] },
                "down": { "texture": "#4", "uv": [ 0.0, 0.0, 16.0, 16.0 ] }
            }
        },
        {
            "name": "Cube",
            "from": [ -6.0, 0.1, -6.0 ], 
            "to": [ 22.0, 1.6, 22.0 ], 
            "faces": {
                "north": { "texture": "#4", "uv": [ 0.0, 0.0, 16.0, 16.0 ] },
                "east": { "texture": "#4", "uv": [ 0.0, 0.0, 16.0, 16.0 ] },
                "south": { "texture": "#4", "uv": [ 0.0, 0.0, 16.0, 16.0 ] },
                "west": { "texture": "#4", "uv": [ 0.0, 0.0, 16.0, 16.0 ] },
                "up": { "texture": "#3", "uv": [ 0.0, 0.0, 16.0, 16.0 ] },
                "down": { "texture": "#3", "uv": [ 0.0, 0.0, 16.0, 16.0 ] }
            }
        },
        {
            "name": "Cube",
            "from": [ -6.0, 0.2, -6.0 ], 
            "to": [ 22.0, 1.5, 22.0 ],
            "rotation": { "origin": [ 8.0, 8.0, 8.0 ], "axis": "y", "angle": -45 },
            "faces": {
                "north": { "texture": "#4", "uv": [ 0.0, 0.0, 16.0, 16.0 ] },
                "east": { "texture": "#4", "uv": [ 0.0, 0.0, 16.0, 16.0 ] },
                "south": { "texture": "#4", "uv": [ 0.0, 0.0, 16.0, 16.0 ] },
                "west": { "texture": "#4", "uv": [ 0.0, 0.0, 16.0, 16.0 ] },
                "up": { "texture": "#3", "uv": [ 0.0, 0.0, 16.0, 16.0 ] },
                "down": { "texture": "#3", "uv": [ 0.0, 0.0, 16.0, 16.0 ] }
            }
        },
        {
            "name": "Cube",
            "from": [ -6.0, 0.3, -6.0 ], 
            "to": [ 22.0, 1.7, 22.0 ],
            "rotation": { "origin": [ 8.0, 8.0, 8.0 ], "axis": "y", "angle": -22.5 },
            "faces": {
                "north": { "texture": "#4", "uv": [ 0.0, 0.0, 16.0, 16.0 ] },
                "east": { "texture": "#4", "uv": [ 0.0, 0.0, 16.0, 16.0 ] },
                "south": { "texture": "#4", "uv": [ 0.0, 0.0, 16.0, 16.0 ] },
                "west": { "texture": "#4", "uv": [ 0.0, 0.0, 16.0, 16.0 ] },
                "up": { "texture": "#3", "uv": [ 0.0, 0.0, 16.0, 16.0 ] },
                "down": { "texture": "#3", "uv": [ 0.0, 0.0, 16.0, 16.0 ] }
            }
        },
        {
            "name": "Cube",
            "from": [ -6.0, 0.4, -6.0 ], 
            "to": [ 22.0, 1.8, 22.0 ],
            "rotation": { "origin": [ 8.0, 8.0, 8.0 ], "axis": "y", "angle": 22.5 },
            "faces": {
                "north": { "texture": "#4", "uv": [ 0.0, 0.0, 16.0, 16.0 ] },
                "east": { "texture": "#4", "uv": [ 0.0, 0.0, 16.0, 16.0 ] },
                "south": { "texture": "#4", "uv": [ 0.0, 0.0, 16.0, 16.0 ] },
                "west": { "texture": "#4", "uv": [ 0.0, 0.0, 16.0, 16.0 ] },
                "up": { "texture": "#3", "uv": [ 0.0, 0.0, 16.0, 16.0 ] },
                "down": { "texture": "#3", "uv": [ 0.0, 0.0, 16.0, 16.0 ] }
            }
        },	
        {
            "name": "Cube",
            "from": [ 0.0, 0.0, 0.0 ], 
            "to": [ 16.0, 4.1, 16.0 ], 
            "faces": {
                "north": { "texture": "#0", "uv": [ 0.0, 0.0, 16.0, 4.0 ] },
                "east": { "texture": "#0", "uv": [ 0.0, 0.0, 16.0, 4.0 ] },
                "south": { "texture": "#0", "uv": [ 0.0, 0.0, 16.0, 4.0 ] },
                "west": { "texture": "#0", "uv": [ 0.0, 0.0, 16.0, 4.0 ] },
                "up": { "texture": "#0", "uv": [ 0.0, 0.0, 16.0, 16.0 ] },
                "down": { "texture": "#0", "uv": [ 0.0, 0.0, 16.0, 16.0 ] }
            }
        },
        {
            "name": "Cube",
            "from": [ 0.0, 4.0, 0.0 ], 
            "to": [ 2.0, 32.0, 2.0 ], 
            "faces": {
                "north": { "texture": "#0", "uv": [ 0.0, 0.0, 2.0, 28.0 ] },
                "east": { "texture": "#0", "uv": [ 0.0, 0.0, 2.0, 28.0 ] },
                "south": { "texture": "#0", "uv": [ 0.0, 0.0, 2.0, 28.0 ] },
                "west": { "texture": "#0", "uv": [ 0.0, 0.0, 2.0, 28.0 ] },
                "up": { "texture": "#0", "uv": [ 0.0, 0.0, 2.0, 2.0 ] },
                "down": { "texture": "#0", "uv": [ 0.0, 0.0, 2.0, 2.0 ] }
            }
        },
        {
            "name": "Cube",
            "from": [ 14.0, 4.0, 0.0 ], 
            "to": [ 16.0, 32.0, 2.0 ], 
            "faces": {
                "north": { "texture": "#0", "uv": [ 0.0, 0.0, 2.0, 28.0 ] },
                "east": { "texture": "#0", "uv": [ 0.0, 0.0, 2.0, 28.0 ] },
                "south": { "texture": "#0", "uv": [ 0.0, 0.0, 2.0, 28.0 ] },
                "west": { "texture": "#0", "uv": [ 0.0, 0.0, 2.0, 28.0 ] },
                "up": { "texture": "#0", "uv": [ 0.0, 0.0, 2.0, 2.0 ] },
                "down": { "texture": "#0", "uv": [ 0.0, 0.0, 2.0, 2.0 ] }
            }
        },
        {
            "name": "Cube",
            "from": [ 14.0, 4.0, 14.0 ], 
            "to": [ 16.0, 32.0, 16.0 ], 
            "faces": {
                "north": { "texture": "#0", "uv": [ 0.0, 0.0, 2.0, 28.0 ] },
                "east": { "texture": "#0", "uv": [ 0.0, 0.0, 2.0, 28.0 ] },
                "south": { "texture": "#0", "uv": [ 0.0, 0.0, 2.0, 28.0 ] },
                "west": { "texture": "#0", "uv": [ 0.0, 0.0, 2.0, 28.0 ] },
                "up": { "texture": "#0", "uv": [ 0.0, 0.0, 2.0, 2.0 ] },
                "down": { "texture": "#0", "uv": [ 0.0, 0.0, 2.0, 2.0 ] }
            }
        },
        {
            "name": "Cube",
            "from": [ 0.0, 4.0, 14.0 ], 
            "to": [ 2.0, 32.0, 16.0 ], 
            "faces": {
                "north": { "texture": "#0", "uv": [ 0.0, 0.0, 2.0, 28.0 ] },
                "east": { "texture": "#0", "uv": [ 0.0, 0.0, 2.0, 28.0 ] },
                "south": { "texture": "#0", "uv": [ 0.0, 0.0, 2.0, 28.0 ] },
                "west": { "texture": "#0", "uv": [ 0.0, 0.0, 2.0, 28.0 ] },
                "up": { "texture": "#0", "uv": [ 0.0, 0.0, 2.0, 2.0 ] },
                "down": { "texture": "#0", "uv": [ 0.0, 0.0, 2.0, 2.0 ] }
            }
        },
        {
            "name": "Cube",
            "from": [ 1.0, 27.50000000745058, 1.0 ], 
            "to": [ 15.0, 31.50000000745058, 15.0 ], 
            "faces": {
                "north": { "texture": "#0", "uv": [ 0.0, 0.0, 14.0, 4.0 ] },
                "east": { "texture": "#0", "uv": [ 0.0, 0.0, 14.0, 4.0 ] },
                "south": { "texture": "#0", "uv": [ 0.0, 0.0, 14.0, 4.0 ] },
                "west": { "texture": "#0", "uv": [ 0.0, 0.0, 14.0, 4.0 ] },
                "up": { "texture": "#0", "uv": [ 0.0, 0.0, 14.0, 14.0 ] },
                "down": { "texture": "#0", "uv": [ 0.0, 0.0, 14.0, 14.0 ] }
            }
        },
        {
            "name": "Cube",
            "from": [ 4.0, 4.0, 4.0 ], 
            "to": [ 12.0, 5.0, 12.0 ], 
            "faces": {
                "north": { "texture": "#1", "uv": [ 0.0, 0.0, 8.0, 1.0 ] },
                "east": { "texture": "#1", "uv": [ 0.0, 0.0, 8.0, 1.0 ] },
                "south": { "texture": "#1", "uv": [ 0.0, 0.0, 8.0, 1.0 ] },
                "west": { "texture": "#1", "uv": [ 0.0, 0.0, 8.0, 1.0 ] },
                "up": { "texture": "#1", "uv": [ 0.0, 0.0, 8.0, 8.0 ] },
                "down": { "texture": "#1", "uv": [ 0.0, 0.0, 8.0, 8.0 ] }
            }
        },
        {
            "name": "Cube",
            "from": [ 4.0, 27.0, 4.0 ], 
            "to": [ 12.0, 28.0, 12.0 ], 
            "faces": {
                "north": { "texture": "#1", "uv": [ 0.0, 0.0, 8.0, 1.0 ] },
                "east": { "texture": "#1", "uv": [ 0.0, 0.0, 8.0, 1.0 ] },
                "south": { "texture": "#1", "uv": [ 0.0, 0.0, 8.0, 1.0 ] },
                "west": { "texture": "#1", "uv": [ 0.0, 0.0, 8.0, 1.0 ] },
                "up": { "texture": "#1", "uv": [ 0.0, 0.0, 8.0, 8.0 ] },
                "down": { "texture": "#1", "uv": [ 0.0, 0.0, 8.0, 8.0 ] }
            }
        },
        {
            "name": "Cube",
            "from": [ 7.0, 24.0, 7.0 ], 
            "to": [ 9.0, 27.0, 9.0 ], 
            "faces": {
                "north": { "texture": "#1", "uv": [ 0.0, 0.0, 2.0, 3.0 ] },
                "east": { "texture": "#1", "uv": [ 0.0, 0.0, 2.0, 3.0 ] },
                "south": { "texture": "#1", "uv": [ 0.0, 0.0, 2.0, 3.0 ] },
                "west": { "texture": "#1", "uv": [ 0.0, 0.0, 2.0, 3.0 ] },
                "up": { "texture": "#1", "uv": [ 0.0, 0.0, 2.0, 2.0 ] },
                "down": { "texture": "#1", "uv": [ 0.0, 0.0, 2.0, 2.0 ] }
            }
        },
        {
            "name": "Cube",
            "from": [ 6.0, 20.0, 6.0 ], 
            "to": [ 10.0, 24.0, 10.0 ], 
            "faces": {
                "north": { "texture": "#2", "uv": [ 0.0, 0.0, 4.0, 4.0 ] },
                "east": { "texture": "#2", "uv": [ 0.0, 0.0, 4.0, 4.0 ] },
                "south": { "texture": "#2", "uv": [ 0.0, 0.0, 4.0, 4.0 ] },
                "west": { "texture": "#2", "uv": [ 0.0, 0.0, 4.0, 4.0 ] },
                "up": { "texture": "#2", "uv": [ 0.0, 0.0, 4.0, 4.0 ] },
                "down": { "texture": "#2", "uv": [ 0.0, 0.0, 4.0, 4.0 ] }
            }
        }
    ],"display": {
    "thirdperson_lefthand": {"rotation": [ 0, 0, 0], "translation": [ 0, 0, 0 ], "scale": [ 0.5, 0.5, 0.5 ]},
    "thirdperson_righthand": {"rotation": [ 0, 0, 0], "translation": [ 0, 0, 0 ], "scale": [ 0.5, 0.5, 0.5 ]},
    "firstperson_lefthand": {"rotation": [ 0, 45, 0 ], "translation": [ 0, 0, 0 ], "scale": [ 0.5, 0.5, 0.5 ]},
    "firstperson_righthand": {"rotation": [ 0, 45, 0 ], "translation": [ 0, 0, 0 ], "scale": [ 0.5, 0.5, 0.5 ]},
    "gui": {"rotation": [ 30, 45, 0 ], "translation": [ 0, -3, 0 ], "scale": [ 0.5, 0.5, 0.5 ]},
    "ground": {"rotation": [ 0, 0, 0], "translation": [ 0, 5, 0 ], "scale":[0.25,0.25,0.25]},
    "head": { "translation": [ 0, -33, 0 ], "scale": [ 2.3, 2.3, 2.3 ]},
    "fixed": {"rotation": [ 0, 0, 0], "translation": [ 0, 0, 0 ], "scale":[1,1,1]}
}
}