{
"__comment": "Designed by Itszender with BDcraft Cubik PRO 0.96 Beta - http://bdcraft.net",
"textures": {
    "texture": "vampireclothes",
    "fur": "fur",
    "humanskin": "humanskin",
    "vampirecape": "vampirecape",
    "red": "red",
    "vampireshoes": "vampireshoes"
},
"elements": [ 
{
    "from": [ 7.5, 1, 8 ],
    "to": [ 10.5, 7.5, 11 ],
    "faces": {
        "down":  { "uv": [ 8.5, 11, 5.5, 8 ], "texture": "#texture" },
        "up":    { "uv": [ 7.5, 8, 10.5, 11 ], "texture": "#texture" },
        "north": { "uv": [ 5.5, 8.5, 8.5, 15 ], "texture": "#texture" },
        "south": { "uv": [ 7.5, 8.5, 10.5, 15 ], "texture": "#texture" },
        "west":  { "uv": [ 8, 8.5, 11, 15 ], "texture": "#texture" },
        "east":  { "uv": [ 5, 8.5, 8, 15 ], "texture": "#texture" }
    }
},
{
    "from": [ 7.5, 1, 5 ],
    "to": [ 10.5, 7.5, 8 ],
    "faces": {
        "down":  { "uv": [ 8.5, 8, 5.5, 5 ], "texture": "#texture" },
        "up":    { "uv": [ 7.5, 5, 10.5, 8 ], "texture": "#texture" },
        "north": { "uv": [ 5.5, 8.5, 8.5, 15 ], "texture": "#texture" },
        "south": { "uv": [ 7.5, 8.5, 10.5, 15 ], "texture": "#texture" },
        "west":  { "uv": [ 5, 8.5, 8, 15 ], "texture": "#texture" },
        "east":  { "uv": [ 8, 8.5, 11, 15 ], "texture": "#texture" }
    }
},
{
    "from": [ 7.5, 7.5, 4.5 ],
    "to": [ 11, 17, 11.5 ],
    "faces": {
        "down":  { "uv": [ 8.5, 11.5, 5, 4.5 ], "texture": "#texture" },
        "up":    { "uv": [ 7.5, 4.5, 11, 11.5 ], "texture": "#texture" },
        "north": { "uv": [ 5, 0, 8.5, 8.5 ], "texture": "#texture" },
        "south": { "uv": [ 7.5, 0, 11, 8.5 ], "texture": "#texture" },
        "west":  { "uv": [ 4.5, 0, 11.5, 8.5 ], "texture": "#fur" },
        "east":  { "uv": [ 4.5, 0, 11.5, 8.5 ], "texture": "#texture" }
    }
},
{
    "from": [ 7, 7.5, 10 ],
    "to": [ 7.5, 17, 11.5 ],
    "faces": {
        "down":  { "uv": [ 9, 11.5, 8.5, 10 ], "texture": "#texture" },
        "up":    { "uv": [ 7, 10, 7.5, 11.5 ], "texture": "#texture" },
        "north": { "uv": [ 8.5, 0, 9, 8.5 ], "texture": "#texture" },
        "south": { "uv": [ 7, 0, 7.5, 8.5 ], "texture": "#texture" },
        "west":  { "uv": [ 10, 0, 11.5, 8.5 ], "texture": "#texture" },
        "east":  { "uv": [ 4.5, 0, 6, 8.5 ], "texture": "#texture" }
    }
},
{
    "from": [ 7, 13, 6 ],
    "to": [ 7.5, 14.5, 6.5 ],
    "faces": {
        "down":  { "uv": [ 9, 6.5, 8.5, 6 ], "texture": "#texture" },
        "up":    { "uv": [ 7, 6, 7.5, 6.5 ], "texture": "#texture" },
        "north": { "uv": [ 8.5, 1.5, 9, 3 ], "texture": "#texture" },
        "south": { "uv": [ 7, 1.5, 7.5, 3 ], "texture": "#texture" },
        "west":  { "uv": [ 6, 1.5, 6.5, 3 ], "texture": "#texture" },
        "east":  { "uv": [ 9.5, 1.5, 10, 3 ], "texture": "#texture" }
    }
},
{
    "from": [ 7, 9.5, 6 ],
    "to": [ 7.5, 13, 7 ],
    "faces": {
        "down":  { "uv": [ 9, 7, 8.5, 6 ], "texture": "#texture" },
        "up":    { "uv": [ 7, 6, 7.5, 7 ], "texture": "#texture" },
        "north": { "uv": [ 8.5, 3, 9, 6.5 ], "texture": "#texture" },
        "south": { "uv": [ 7, 3, 7.5, 6.5 ], "texture": "#texture" },
        "west":  { "uv": [ 6, 3, 7, 6.5 ], "texture": "#texture" },
        "east":  { "uv": [ 9, 3, 10, 6.5 ], "texture": "#texture" }
    }
},
{
    "from": [ 7, 7.5, 6 ],
    "to": [ 7.5, 9.5, 10 ],
    "faces": {
        "down":  { "uv": [ 9, 10, 8.5, 6 ], "texture": "#texture" },
        "up":    { "uv": [ 7, 6, 7.5, 10 ], "texture": "#texture" },
        "north": { "uv": [ 8.5, 6.5, 9, 8.5 ], "texture": "#texture" },
        "south": { "uv": [ 7, 6.5, 7.5, 8.5 ], "texture": "#texture" },
        "west":  { "uv": [ 6, 6.5, 10, 8.5 ], "texture": "#texture" },
        "east":  { "uv": [ 6, 6.5, 10, 8.5 ], "texture": "#texture" }
    }
},
{
    "from": [ 7, 7.5, 4.5 ],
    "to": [ 7.5, 17, 6 ],
    "faces": {
        "down":  { "uv": [ 9, 6, 8.5, 4.5 ], "texture": "#texture" },
        "up":    { "uv": [ 7, 4.5, 7.5, 6 ], "texture": "#texture" },
        "north": { "uv": [ 8.5, 0, 9, 8.5 ], "texture": "#texture" },
        "south": { "uv": [ 7, 0, 7.5, 8.5 ], "texture": "#texture" },
        "west":  { "uv": [ 4.5, 0, 6, 8.5 ], "texture": "#texture" },
        "east":  { "uv": [ 10, 0, 11.5, 8.5 ], "texture": "#texture" }
    }
},
{
    "from": [ 7, 9.5, 7 ],
    "to": [ 7.5, 10.5, 7.5 ],
    "faces": {
        "down":  { "uv": [ 9, 7.5, 8.5, 7 ], "texture": "#texture" },
        "up":    { "uv": [ 7, 7, 7.5, 7.5 ], "texture": "#texture" },
        "north": { "uv": [ 8.5, 5.5, 9, 6.5 ], "texture": "#texture" },
        "south": { "uv": [ 7, 5.5, 7.5, 6.5 ], "texture": "#texture" },
        "west":  { "uv": [ 7, 5.5, 7.5, 6.5 ], "texture": "#texture" },
        "east":  { "uv": [ 8.5, 5.5, 9, 6.5 ], "texture": "#texture" }
    }
},
{
    "from": [ 7, 9.5, 9 ],
    "to": [ 7.5, 13, 10 ],
    "faces": {
        "down":  { "uv": [ 9, 10, 8.5, 9 ], "texture": "#texture" },
        "up":    { "uv": [ 7, 9, 7.5, 10 ], "texture": "#texture" },
        "north": { "uv": [ 8.5, 3, 9, 6.5 ], "texture": "#texture" },
        "south": { "uv": [ 7, 3, 7.5, 6.5 ], "texture": "#texture" },
        "west":  { "uv": [ 9, 3, 10, 6.5 ], "texture": "#texture" },
        "east":  { "uv": [ 6, 3, 7, 6.5 ], "texture": "#texture" }
    }
},
{
    "from": [ 7, 9.5, 8.5 ],
    "to": [ 7.5, 10.5, 9 ],
    "faces": {
        "down":  { "uv": [ 9, 9, 8.5, 8.5 ], "texture": "#texture" },
        "up":    { "uv": [ 7, 8.5, 7.5, 9 ], "texture": "#texture" },
        "north": { "uv": [ 8.5, 5.5, 9, 6.5 ], "texture": "#texture" },
        "south": { "uv": [ 7, 5.5, 7.5, 6.5 ], "texture": "#texture" },
        "west":  { "uv": [ 8.5, 5.5, 9, 6.5 ], "texture": "#texture" },
        "east":  { "uv": [ 7, 5.5, 7.5, 6.5 ], "texture": "#texture" }
    }
},
{
    "from": [ 7, 13, 9.5 ],
    "to": [ 7.5, 14.5, 10 ],
    "faces": {
        "down":  { "uv": [ 9, 10, 8.5, 9.5 ], "texture": "#texture" },
        "up":    { "uv": [ 7, 9.5, 7.5, 10 ], "texture": "#texture" },
        "north": { "uv": [ 8.5, 1.5, 9, 3 ], "texture": "#texture" },
        "south": { "uv": [ 7, 1.5, 7.5, 3 ], "texture": "#texture" },
        "west":  { "uv": [ 9.5, 1.5, 10, 3 ], "texture": "#texture" },
        "east":  { "uv": [ 6, 1.5, 6.5, 3 ], "texture": "#texture" }
    }
},
{
    "from": [ 7.5, 9.5, 2 ],
    "to": [ 10.5, 17, 4.5 ],
    "faces": {
        "down":  { "uv": [ 7.5, 2, 10.5, 4.5 ], "texture": "#texture" },
        "up":    { "uv": [ 7.5, 2, 10.5, 4.5 ], "texture": "#texture" },
        "north": { "uv": [ 7.5, 0, 10.5, 7.5 ], "texture": "#texture" },
        "south": { "uv": [ 7.5, 0, 10.5, 7.5 ], "texture": "#texture" },
        "west":  { "uv": [ 2, 0, 4.5, 7.5 ], "texture": "#texture" },
        "east":  { "uv": [ 2, 0, 4.5, 7.5 ], "texture": "#texture" }
    }
},
{
    "from": [ 7.5, 9.5, 11.5 ],
    "to": [ 10.5, 17, 14 ],
    "faces": {
        "down":  { "uv": [ 7.5, 11.5, 10.5, 14 ], "texture": "#texture" },
        "up":    { "uv": [ 7.5, 11.5, 10.5, 14 ], "texture": "#texture" },
        "north": { "uv": [ 7.5, 0, 10.5, 7.5 ], "texture": "#texture" },
        "south": { "uv": [ 7.5, 0, 10.5, 7.5 ], "texture": "#texture" },
        "west":  { "uv": [ 11.5, 0, 14, 7.5 ], "texture": "#texture" },
        "east":  { "uv": [ 11.5, 0, 14, 7.5 ], "texture": "#texture" }
    }
},
{
    "from": [ 7, 16, 7.5 ],
    "to": [ 7.5, 17, 8.5 ],
    "faces": {
        "down":  { "uv": [ 7, 7.5, 7.5, 8.5 ], "texture": "#texture" },
        "up":    { "uv": [ 7, 7.5, 7.5, 8.5 ], "texture": "#texture" },
        "north": { "uv": [ 7, 0, 7.5, 1 ], "texture": "#texture" },
        "south": { "uv": [ 7, 0, 7.5, 1 ], "texture": "#texture" },
        "west":  { "uv": [ 7.5, 0, 8.5, 1 ], "texture": "#texture" },
        "east":  { "uv": [ 7.5, 0, 8.5, 1 ], "texture": "#texture" }
    }
},
{
    "from": [ 7, 13, 7.25 ],
    "to": [ 7.5, 16, 8.75 ],
    "faces": {
        "down":  { "uv": [ 9, 8.75, 8.5, 7.25 ], "texture": "#texture" },
        "up":    { "uv": [ 7, 7.25, 7.5, 8.75 ], "texture": "#texture" },
        "north": { "uv": [ 8.5, 0, 9, 3 ], "texture": "#texture" },
        "south": { "uv": [ 7, 0, 7.5, 3 ], "texture": "#texture" },
        "west":  { "uv": [ 7.25, 0, 8.75, 3 ], "texture": "#texture" },
        "east":  { "uv": [ 7.25, 0, 8.75, 3 ], "texture": "#texture" }
    }
},
{
    "from": [ 7, 12.5, 7.75 ],
    "to": [ 7.5, 13, 8.25 ],
    "faces": {
        "down":  { "uv": [ 9, 8.25, 8.5, 7.75 ], "texture": "#texture" },
        "up":    { "uv": [ 7, 7.75, 7.5, 8.25 ], "texture": "#texture" },
        "north": { "uv": [ 8.5, 3, 9, 3.5 ], "texture": "#texture" },
        "south": { "uv": [ 7, 3, 7.5, 3.5 ], "texture": "#texture" },
        "west":  { "uv": [ 7.75, 3, 8.25, 3.5 ], "texture": "#texture" },
        "east":  { "uv": [ 7.75, 3, 8.25, 3.5 ], "texture": "#texture" }
    }
},
{
    "from": [ 7.75, 8.5, 2.25 ],
    "to": [ 10.25, 9.5, 4.25 ],
    "faces": {
        "down":  { "uv": [ 8.25, 4.25, 5.75, 2.25 ], "texture": "#humanskin" },
        "up":    { "uv": [ 7.75, 2.25, 10.25, 4.25 ], "texture": "#humanskin" },
        "north": { "uv": [ 5.75, 6.5, 8.25, 7.5 ], "texture": "#humanskin" },
        "south": { "uv": [ 7.75, 6.5, 10.25, 7.5 ], "texture": "#humanskin" },
        "west":  { "uv": [ 2.25, 6.5, 4.25, 7.5 ], "texture": "#humanskin" },
        "east":  { "uv": [ 11.75, 6.5, 13.75, 7.5 ], "texture": "#humanskin" }
    }
},
{
    "from": [ 7.75, 8.5, 11.75 ],
    "to": [ 10.25, 9.5, 13.75 ],
    "faces": {
        "down":  { "uv": [ 8.25, 13.75, 5.75, 11.75 ], "texture": "#humanskin" },
        "up":    { "uv": [ 7.75, 11.75, 10.25, 13.75 ], "texture": "#humanskin" },
        "north": { "uv": [ 5.75, 6.5, 8.25, 7.5 ], "texture": "#humanskin" },
        "south": { "uv": [ 7.75, 6.5, 10.25, 7.5 ], "texture": "#humanskin" },
        "west":  { "uv": [ 11.75, 6.5, 13.75, 7.5 ], "texture": "#humanskin" },
        "east":  { "uv": [ 2.25, 6.5, 4.25, 7.5 ], "texture": "#humanskin" }
    }
},
{
    "from": [ 7, 17, 5.5 ],
    "to": [ 11.5, 22, 10.5 ],
    "faces": {
        "down":  { "uv": [ 7, 5, 12, 11 ], "texture": "#humanskin" },
        "up":    { "uv": [ 7, 5, 12, 11 ], "texture": "#humanskin" },
        "north": { "uv": [ 7, 0, 12, 6 ], "texture": "#humanskin" },
        "south": { "uv": [ 7, 0, 12, 6 ], "texture": "#humanskin" },
        "west":  { "uv": [ 5, 0, 11, 6 ], "texture": "#humanskin" },
        "east":  { "uv": [ 5, 0, 11, 6 ], "texture": "#humanskin" }
    }
},
{
    "from": [ 6, 20.5, 5.5 ],
    "to": [ 7, 22, 10.5 ],
    "faces": {
        "down":  { "uv": [ 6, 5.5, 7, 10.5 ], "texture": "#humanskin" },
        "up":    { "uv": [ 6, 5.5, 7, 10.5 ], "texture": "#humanskin" },
        "north": { "uv": [ 6, 0, 7, 1.5 ], "texture": "#humanskin" },
        "south": { "uv": [ 6, 0, 7, 1.5 ], "texture": "#humanskin" },
        "west":  { "uv": [ 5.5, 0, 10.5, 1.5 ], "texture": "#humanskin" },
        "east":  { "uv": [ 5.5, 0, 10.5, 1.5 ], "texture": "#humanskin" }
    }
},
{
    "from": [ 6, 19.5, 5.5 ],
    "to": [ 7, 20.5, 6 ],
    "faces": {
        "down":  { "uv": [ 6, 5.5, 7, 6 ], "texture": "#humanskin" },
        "up":    { "uv": [ 6, 5.5, 7, 6 ], "texture": "#humanskin" },
        "north": { "uv": [ 6, 0, 7, 3.5 ], "texture": "#humanskin" },
        "south": { "uv": [ 6, 0, 7, 3.5 ], "texture": "#humanskin" },
        "west":  { "uv": [ 5.5, 0, 6, 3.5 ], "texture": "#humanskin" },
        "east":  { "uv": [ 5.5, 0, 6, 3.5 ], "texture": "#humanskin" }
    }
},
{
    "from": [ 6, 19.5, 10 ],
    "to": [ 7, 20.5, 10.5 ],
    "faces": {
        "down":  { "uv": [ 6, 10, 7, 10.5 ], "texture": "#humanskin" },
        "up":    { "uv": [ 6, 10, 7, 10.5 ], "texture": "#humanskin" },
        "north": { "uv": [ 6, 0, 7, 3.5 ], "texture": "#humanskin" },
        "south": { "uv": [ 6, 0, 7, 3.5 ], "texture": "#humanskin" },
        "west":  { "uv": [ 10, 0, 10.5, 3.5 ], "texture": "#humanskin" },
        "east":  { "uv": [ 10, 0, 10.5, 3.5 ], "texture": "#humanskin" }
    }
},
{
    "from": [ 6, 18.5, 5.5 ],
    "to": [ 7, 19.5, 10.5 ],
    "faces": {
        "down":  { "uv": [ 6, 5.5, 7, 10.5 ], "texture": "#humanskin" },
        "up":    { "uv": [ 6, 5.5, 7, 10.5 ], "texture": "#humanskin" },
        "north": { "uv": [ 6, 0, 7, 1 ], "texture": "#humanskin" },
        "south": { "uv": [ 6, 0, 7, 1 ], "texture": "#humanskin" },
        "west":  { "uv": [ 5.5, 0, 10.5, 1 ], "texture": "#humanskin" },
        "east":  { "uv": [ 5.5, 0, 10.5, 1 ], "texture": "#humanskin" }
    }
},
{
    "from": [ 6, 17, 5.5 ],
    "to": [ 7, 17.5, 10.5 ],
    "faces": {
        "down":  { "uv": [ 6, 5.5, 7, 10.5 ], "texture": "#humanskin" },
        "up":    { "uv": [ 6, 5.5, 7, 10.5 ], "texture": "#humanskin" },
        "north": { "uv": [ 6, 0, 7, 0.5 ], "texture": "#humanskin" },
        "south": { "uv": [ 6, 0, 7, 0.5 ], "texture": "#humanskin" },
        "west":  { "uv": [ 5.5, 0, 10.5, 0.5 ], "texture": "#humanskin" },
        "east":  { "uv": [ 5.5, 0, 10.5, 0.5 ], "texture": "#humanskin" }
    }
},
{
    "from": [ 6, 19.5, 7.5 ],
    "to": [ 7, 20.5, 8.5 ],
    "faces": {
        "down":  { "uv": [ 6, 7.5, 7, 8.5 ], "texture": "#humanskin" },
        "up":    { "uv": [ 6, 7.5, 7, 8.5 ], "texture": "#humanskin" },
        "north": { "uv": [ 6, 0, 7, 1 ], "texture": "#humanskin" },
        "south": { "uv": [ 6, 0, 7, 1 ], "texture": "#humanskin" },
        "west":  { "uv": [ 7.5, 0, 8.5, 1 ], "texture": "#humanskin" },
        "east":  { "uv": [ 7.5, 0, 8.5, 1 ], "texture": "#humanskin" }
    }
},
{
    "from": [ 6.1875, 19.5, 6 ],
    "to": [ 7.1875, 20.5, 10 ],
    "faces": {
        "down":  { "uv": [ 6.1875, 6, 7.1875, 10 ], "texture": "#fur" },
        "up":    { "uv": [ 6.1875, 6, 7.1875, 10 ], "texture": "#fur" },
        "north": { "uv": [ 6.1875, 0, 7.1875, 1 ], "texture": "#fur" },
        "south": { "uv": [ 6.1875, 0, 7.1875, 1 ], "texture": "#fur" },
        "west":  { "uv": [ 6, 0, 10, 1 ], "texture": "#fur" },
        "east":  { "uv": [ 6, 0, 10, 1 ], "texture": "#fur" }
    }
},
{
    "from": [ 6, 22, 6 ],
    "to": [ 11.5, 22.5, 10 ],
    "faces": {
        "down":  { "uv": [ 6, 6, 11.5, 10 ], "texture": "#texture" },
        "up":    { "uv": [ 6, 6, 11.5, 10 ], "texture": "#texture" },
        "north": { "uv": [ 6, 0, 11.5, 0.5 ], "texture": "#texture" },
        "south": { "uv": [ 6, 0, 11.5, 0.5 ], "texture": "#texture" },
        "west":  { "uv": [ 6, 0, 10, 0.5 ], "texture": "#texture" },
        "east":  { "uv": [ 6, 0, 10, 0.5 ], "texture": "#texture" }
    }
},
{
    "from": [ 6.5, 21.875, 5.5 ],
    "to": [ 11.5, 22.375, 10.5 ],
    "faces": {
        "down":  { "uv": [ 6.5, 5.5, 11.5, 10.5 ], "texture": "#texture" },
        "up":    { "uv": [ 6.5, 5.5, 11.5, 10.5 ], "texture": "#texture" },
        "north": { "uv": [ 6.5, 0, 11.5, 0.5 ], "texture": "#texture" },
        "south": { "uv": [ 6.5, 0, 11.5, 0.5 ], "texture": "#texture" },
        "west":  { "uv": [ 5.5, 0, 10.5, 0.5 ], "texture": "#texture" },
        "east":  { "uv": [ 5.5, 0, 10.5, 0.5 ], "texture": "#texture" }
    }
},
{
    "from": [ 6.5, 21, 5 ],
    "to": [ 11.5, 22, 5.5 ],
    "faces": {
        "down":  { "uv": [ 6.5, 5, 11.5, 5.5 ], "texture": "#texture" },
        "up":    { "uv": [ 6.5, 5, 11.5, 5.5 ], "texture": "#texture" },
        "north": { "uv": [ 6.5, 0, 11.5, 1 ], "texture": "#texture" },
        "south": { "uv": [ 6.5, 0, 11.5, 1 ], "texture": "#texture" },
        "west":  { "uv": [ 5, 0, 5.5, 1 ], "texture": "#texture" },
        "east":  { "uv": [ 5, 0, 5.5, 1 ], "texture": "#texture" }
    }
},
{
    "from": [ 7.5, 20, 5 ],
    "to": [ 11.5, 21, 5.5 ],
    "faces": {
        "down":  { "uv": [ 7.5, 5, 11.5, 5.5 ], "texture": "#texture" },
        "up":    { "uv": [ 7.5, 5, 11.5, 5.5 ], "texture": "#texture" },
        "north": { "uv": [ 7.5, 0, 11.5, 1 ], "texture": "#texture" },
        "south": { "uv": [ 7.5, 0, 11.5, 1 ], "texture": "#texture" },
        "west":  { "uv": [ 5, 0, 5.5, 1 ], "texture": "#texture" },
        "east":  { "uv": [ 5, 0, 5.5, 1 ], "texture": "#texture" }
    }
},
{
    "from": [ 10.5, 19, 5 ],
    "to": [ 11.5, 20, 5.5 ],
    "faces": {
        "down":  { "uv": [ 10.5, 5, 11.5, 5.5 ], "texture": "#texture" },
        "up":    { "uv": [ 10.5, 5, 11.5, 5.5 ], "texture": "#texture" },
        "north": { "uv": [ 10.5, 0, 11.5, 1 ], "texture": "#texture" },
        "south": { "uv": [ 10.5, 0, 11.5, 1 ], "texture": "#texture" },
        "west":  { "uv": [ 5, 0, 5.5, 1 ], "texture": "#texture" },
        "east":  { "uv": [ 5, 0, 5.5, 1 ], "texture": "#texture" }
    }
},
{
    "from": [ 10, 19.5, 5 ],
    "to": [ 10.5, 20, 5.5 ],
    "faces": {
        "down":  { "uv": [ 10, 5, 10.5, 5.5 ], "texture": "#texture" },
        "up":    { "uv": [ 10, 5, 10.5, 5.5 ], "texture": "#texture" },
        "north": { "uv": [ 10, 0, 10.5, 0.5 ], "texture": "#texture" },
        "south": { "uv": [ 10, 0, 10.5, 0.5 ], "texture": "#texture" },
        "west":  { "uv": [ 5, 0, 5.5, 0.5 ], "texture": "#texture" },
        "east":  { "uv": [ 5, 0, 5.5, 0.5 ], "texture": "#texture" }
    }
},
{
    "from": [ 6.3125, 17.5, 6 ],
    "to": [ 7.3125, 19, 10 ],
    "faces": {
        "down":  { "uv": [ 6.3125, 6, 7.3125, 10 ], "texture": "#red" },
        "up":    { "uv": [ 6.3125, 6, 7.3125, 10 ], "texture": "#red" },
        "north": { "uv": [ 6.3125, 0, 7.3125, 1.5 ], "texture": "#red" },
        "south": { "uv": [ 6.3125, 0, 7.3125, 1.5 ], "texture": "#red" },
        "west":  { "uv": [ 6, 0, 10, 1.5 ], "texture": "#red" },
        "east":  { "uv": [ 6, 0, 10, 1.5 ], "texture": "#red" }
    }
},
{
    "from": [ 6, 17.5, 9 ],
    "to": [ 7, 18, 10.5 ],
    "faces": {
        "down":  { "uv": [ 6, 9, 7, 10.5 ], "texture": "#humanskin" },
        "up":    { "uv": [ 6, 9, 7, 10.5 ], "texture": "#humanskin" },
        "north": { "uv": [ 6, 0, 7, 0.5 ], "texture": "#humanskin" },
        "south": { "uv": [ 6, 0, 7, 0.5 ], "texture": "#humanskin" },
        "west":  { "uv": [ 9, 0, 10.5, 0.5 ], "texture": "#humanskin" },
        "east":  { "uv": [ 9, 0, 10.5, 0.5 ], "texture": "#humanskin" }
    }
},
{
    "from": [ 6, 17.5, 5.5 ],
    "to": [ 7, 18, 7 ],
    "faces": {
        "down":  { "uv": [ 6, 5.5, 7, 7 ], "texture": "#humanskin" },
        "up":    { "uv": [ 6, 5.5, 7, 7 ], "texture": "#humanskin" },
        "north": { "uv": [ 6, 0, 7, 0.5 ], "texture": "#humanskin" },
        "south": { "uv": [ 6, 0, 7, 0.5 ], "texture": "#humanskin" },
        "west":  { "uv": [ 5.5, 0, 7, 0.5 ], "texture": "#humanskin" },
        "east":  { "uv": [ 5.5, 0, 7, 0.5 ], "texture": "#humanskin" }
    }
},
{
    "from": [ 6.0625, 17.75, 8.25 ],
    "to": [ 7.0625, 18.75, 8.75 ],
    "faces": {
        "down":  { "uv": [ 6.0625, 8.25, 7.0625, 8.75 ], "texture": "#fur" },
        "up":    { "uv": [ 6.0625, 8.25, 7.0625, 8.75 ], "texture": "#fur" },
        "north": { "uv": [ 6.0625, 0, 7.0625, 1 ], "texture": "#fur" },
        "south": { "uv": [ 6.0625, 0, 7.0625, 1 ], "texture": "#fur" },
        "west":  { "uv": [ 8.25, 0, 8.75, 1 ], "texture": "#fur" },
        "east":  { "uv": [ 8.25, 0, 8.75, 1 ], "texture": "#fur" }
    }
},
{
    "from": [ 6.0625, 17.75, 7.25 ],
    "to": [ 7.0625, 18.75, 7.75 ],
    "faces": {
        "down":  { "uv": [ 6.0625, 7.25, 7.0625, 7.75 ], "texture": "#fur" },
        "up":    { "uv": [ 6.0625, 7.25, 7.0625, 7.75 ], "texture": "#fur" },
        "north": { "uv": [ 6.0625, 0, 7.0625, 1 ], "texture": "#fur" },
        "south": { "uv": [ 6.0625, 0, 7.0625, 1 ], "texture": "#fur" },
        "west":  { "uv": [ 7.25, 0, 7.75, 1 ], "texture": "#fur" },
        "east":  { "uv": [ 7.25, 0, 7.75, 1 ], "texture": "#fur" }
    }
},
{
    "from": [ 6, 18, 9.5 ],
    "to": [ 7, 18.5, 10.5 ],
    "faces": {
        "down":  { "uv": [ 6, 9.5, 7, 10.5 ], "texture": "#humanskin" },
        "up":    { "uv": [ 6, 9.5, 7, 10.5 ], "texture": "#humanskin" },
        "north": { "uv": [ 6, 0, 7, 0.5 ], "texture": "#humanskin" },
        "south": { "uv": [ 6, 0, 7, 0.5 ], "texture": "#humanskin" },
        "west":  { "uv": [ 9.5, 0, 10.5, 0.5 ], "texture": "#humanskin" },
        "east":  { "uv": [ 9.5, 0, 10.5, 0.5 ], "texture": "#humanskin" }
    }
},
{
    "from": [ 6, 18, 5.5 ],
    "to": [ 7, 18.5, 6.5 ],
    "faces": {
        "down":  { "uv": [ 6, 5.5, 7, 6.5 ], "texture": "#humanskin" },
        "up":    { "uv": [ 6, 5.5, 7, 6.5 ], "texture": "#humanskin" },
        "north": { "uv": [ 6, 0, 7, 0.5 ], "texture": "#humanskin" },
        "south": { "uv": [ 6, 0, 7, 0.5 ], "texture": "#humanskin" },
        "west":  { "uv": [ 5.5, 0, 6.5, 0.5 ], "texture": "#humanskin" },
        "east":  { "uv": [ 5.5, 0, 6.5, 0.5 ], "texture": "#humanskin" }
    }
},
{
    "from": [ 6, 18.6875, 7.5 ],
    "to": [ 7, 19.6875, 8.5 ],
    "rotation": { "origin": [ 6, 19.6875, 7.5 ], "axis": "z", "angle": -22.5 },
    "faces": {
        "down":  { "uv": [ 6, 7.5, 7, 8.5 ], "texture": "#humanskin" },
        "up":    { "uv": [ 6, 7.5, 7, 8.5 ], "texture": "#humanskin" },
        "north": { "uv": [ 6, 0, 7, 1 ], "texture": "#humanskin" },
        "south": { "uv": [ 6, 0, 7, 1 ], "texture": "#humanskin" },
        "west":  { "uv": [ 7.5, 0, 8.5, 1 ], "texture": "#humanskin" },
        "east":  { "uv": [ 7.5, 0, 8.5, 1 ], "texture": "#humanskin" }
    }
},
{
    "from": [ 5.8125, 21.125, 5.9375 ],
    "to": [ 6.3125, 21.625, 7.9375 ],
    "rotation": { "origin": [ 5.8125, 21.625, 5.9375 ], "axis": "x", "angle": 22.5 },
    "faces": {
        "down":  { "uv": [ 5.8125, 5.9375, 6.3125, 7.9375 ], "texture": "#texture" },
        "up":    { "uv": [ 5.8125, 5.9375, 6.3125, 7.9375 ], "texture": "#texture" },
        "north": { "uv": [ 5.8125, 0, 6.3125, 0.5 ], "texture": "#texture" },
        "south": { "uv": [ 5.8125, 0, 6.3125, 0.5 ], "texture": "#texture" },
        "west":  { "uv": [ 5.9375, 0, 7.9375, 0.5 ], "texture": "#texture" },
        "east":  { "uv": [ 5.9375, 0, 7.9375, 0.5 ], "texture": "#texture" }
    }
},
{
    "from": [ 5.8125, 20.375, 8.1875 ],
    "to": [ 6.3125, 20.875, 10.1875 ],
    "rotation": { "origin": [ 5.8125, 20.875, 8.1875 ], "axis": "x", "angle": -22.5 },
    "faces": {
        "down":  { "uv": [ 5.8125, 8.1875, 6.3125, 10.1875 ], "texture": "#texture" },
        "up":    { "uv": [ 5.8125, 8.1875, 6.3125, 10.1875 ], "texture": "#texture" },
        "north": { "uv": [ 5.8125, 0, 6.3125, 0.5 ], "texture": "#texture" },
        "south": { "uv": [ 5.8125, 0, 6.3125, 0.5 ], "texture": "#texture" },
        "west":  { "uv": [ 8.1875, 0, 10.1875, 0.5 ], "texture": "#texture" },
        "east":  { "uv": [ 8.1875, 0, 10.1875, 0.5 ], "texture": "#texture" }
    }
},
{
    "from": [ 11.5, 18.5, 5.5 ],
    "to": [ 12, 22, 10.5 ],
    "faces": {
        "down":  { "uv": [ 11.5, 5.5, 12, 10.5 ], "texture": "#texture" },
        "up":    { "uv": [ 11.5, 5.5, 12, 10.5 ], "texture": "#texture" },
        "north": { "uv": [ 11.5, 0, 12, 3.5 ], "texture": "#texture" },
        "south": { "uv": [ 11.5, 0, 12, 3.5 ], "texture": "#texture" },
        "west":  { "uv": [ 5.5, 0, 10.5, 3.5 ], "texture": "#texture" },
        "east":  { "uv": [ 5.5, 0, 10.5, 3.5 ], "texture": "#texture" }
    }
},
{
    "from": [ 11.5, 18, 6 ],
    "to": [ 12, 18.5, 10 ],
    "faces": {
        "down":  { "uv": [ 11.5, 6, 12, 10 ], "texture": "#texture" },
        "up":    { "uv": [ 11.5, 6, 12, 10 ], "texture": "#texture" },
        "north": { "uv": [ 11.5, 0, 12, 0.5 ], "texture": "#texture" },
        "south": { "uv": [ 11.5, 0, 12, 0.5 ], "texture": "#texture" },
        "west":  { "uv": [ 6, 0, 10, 0.5 ], "texture": "#texture" },
        "east":  { "uv": [ 6, 0, 10, 0.5 ], "texture": "#texture" }
    }
},
{
    "from": [ 6.5, 21, 10.5 ],
    "to": [ 11.5, 22, 11 ],
    "faces": {
        "down":  { "uv": [ 6.5, 10.5, 11.5, 11 ], "texture": "#texture" },
        "up":    { "uv": [ 6.5, 10.5, 11.5, 11 ], "texture": "#texture" },
        "north": { "uv": [ 6.5, 0, 11.5, 1 ], "texture": "#texture" },
        "south": { "uv": [ 6.5, 0, 11.5, 1 ], "texture": "#texture" },
        "west":  { "uv": [ 10.5, 0, 11, 1 ], "texture": "#texture" },
        "east":  { "uv": [ 10.5, 0, 11, 1 ], "texture": "#texture" }
    }
},
{
    "from": [ 7.5, 20, 10.5 ],
    "to": [ 11.5, 21, 11 ],
    "faces": {
        "down":  { "uv": [ 7.5, 10.5, 11.5, 11 ], "texture": "#texture" },
        "up":    { "uv": [ 7.5, 10.5, 11.5, 11 ], "texture": "#texture" },
        "north": { "uv": [ 7.5, 0, 11.5, 1 ], "texture": "#texture" },
        "south": { "uv": [ 7.5, 0, 11.5, 1 ], "texture": "#texture" },
        "west":  { "uv": [ 10.5, 0, 11, 1 ], "texture": "#texture" },
        "east":  { "uv": [ 10.5, 0, 11, 1 ], "texture": "#texture" }
    }
},
{
    "from": [ 10.5, 19, 10.5 ],
    "to": [ 11.5, 20, 11 ],
    "faces": {
        "down":  { "uv": [ 10.5, 10.5, 11.5, 11 ], "texture": "#texture" },
        "up":    { "uv": [ 10.5, 10.5, 11.5, 11 ], "texture": "#texture" },
        "north": { "uv": [ 10.5, 0, 11.5, 1 ], "texture": "#texture" },
        "south": { "uv": [ 10.5, 0, 11.5, 1 ], "texture": "#texture" },
        "west":  { "uv": [ 10.5, 0, 11, 1 ], "texture": "#texture" },
        "east":  { "uv": [ 10.5, 0, 11, 1 ], "texture": "#texture" }
    }
},
{
    "from": [ 10, 19.5, 10.5 ],
    "to": [ 10.5, 20, 11 ],
    "faces": {
        "down":  { "uv": [ 10, 10.5, 10.5, 11 ], "texture": "#texture" },
        "up":    { "uv": [ 10, 10.5, 10.5, 11 ], "texture": "#texture" },
        "north": { "uv": [ 10, 0, 10.5, 0.5 ], "texture": "#texture" },
        "south": { "uv": [ 10, 0, 10.5, 0.5 ], "texture": "#texture" },
        "west":  { "uv": [ 10.5, 0, 11, 0.5 ], "texture": "#texture" },
        "east":  { "uv": [ 10.5, 0, 11, 0.5 ], "texture": "#texture" }
    }
},
{
    "from": [ 10.5, 6.5, 5.5 ],
    "to": [ 11, 7.5, 10.5 ],
    "faces": {
        "down":  { "uv": [ 10.5, 5.5, 11, 10.5 ], "texture": "#texture" },
        "up":    { "uv": [ 10.5, 5.5, 11, 10.5 ], "texture": "#texture" },
        "north": { "uv": [ 10.5, 8.5, 11, 9.5 ], "texture": "#texture" },
        "south": { "uv": [ 10.5, 8.5, 11, 9.5 ], "texture": "#texture" },
        "west":  { "uv": [ 5.5, 8.5, 10.5, 9.5 ], "texture": "#texture" },
        "east":  { "uv": [ 5.5, 8.5, 10.5, 9.5 ], "texture": "#texture" }
    }
},
{
    "from": [ 7.5, -1.5, 8 ],
    "to": [ 10.5, 1, 11 ],
    "faces": {
        "down":  { "uv": [ 7.5, 8, 10.5, 11 ], "texture": "#vampireshoes" },
        "up":    { "uv": [ 7.5, 8, 10.5, 11 ], "texture": "#vampireshoes" },
        "north": { "uv": [ 7.5, 13.5, 10.5, 16 ], "texture": "#vampireshoes" },
        "south": { "uv": [ 7.5, 13.5, 10.5, 16 ], "texture": "#vampireshoes" },
        "west":  { "uv": [ 8.5, 13.5, 11.5, 16 ], "texture": "#vampireshoes" },
        "east":  { "uv": [ 8, 13.5, 11, 16 ], "texture": "#vampireshoes" }
    }
},
{
    "from": [ 7.5, -1.5, 5 ],
    "to": [ 10.5, 1, 8 ],
    "faces": {
        "down":  { "uv": [ 7.5, 5, 10.5, 8 ], "texture": "#vampireshoes" },
        "up":    { "uv": [ 7.5, 5, 10.5, 8 ], "texture": "#vampireshoes" },
        "north": { "uv": [ 7.5, 13.5, 10.5, 16 ], "texture": "#vampireshoes" },
        "south": { "uv": [ 7.5, 13.5, 10.5, 16 ], "texture": "#vampireshoes" },
        "west":  { "uv": [ 5, 13.5, 8, 16 ], "texture": "#vampireshoes" },
        "east":  { "uv": [ 5, 13.5, 8, 16 ], "texture": "#vampireshoes" }
    }
},
{
    "from": [ 7.0625, 16.375, 10.1875 ],
    "to": [ 11.0625, 16.875, 13.1875 ],
    "rotation": { "origin": [ 7.0625, 16.875, 10.1875 ], "axis": "x", "angle": -45 },
    "faces": {
        "down":  { "uv": [ 7.0625, 10.1875, 11.0625, 13.1875 ], "texture": "#texture" },
        "up":    { "uv": [ 7.0625, 10.1875, 11.0625, 13.1875 ], "texture": "#texture" },
        "north": { "uv": [ 7.0625, 0, 11.0625, 0.5 ], "texture": "#texture" },
        "south": { "uv": [ 7.0625, 0, 11.0625, 0.5 ], "texture": "#texture" },
        "west":  { "uv": [ 10.1875, 0, 13.1875, 0.5 ], "texture": "#texture" },
        "east":  { "uv": [ 10.1875, 0, 13.1875, 0.5 ], "texture": "#texture" }
    }
},
{
    "from": [ 10.625, 16.3125, 5 ],
    "to": [ 13.625, 16.8125, 11 ],
    "rotation": { "origin": [ 10.625, 16.8125, 5 ], "axis": "z", "angle": 45 },
    "faces": {
        "down":  { "uv": [ 10.625, 5, 13.625, 11 ], "texture": "#texture" },
        "up":    { "uv": [ 10.625, 5, 13.625, 11 ], "texture": "#texture" },
        "north": { "uv": [ 10.625, 0, 13.625, 0.5 ], "texture": "#texture" },
        "south": { "uv": [ 10.625, 0, 13.625, 0.5 ], "texture": "#texture" },
        "west":  { "uv": [ 5, 0, 11, 0.5 ], "texture": "#texture" },
        "east":  { "uv": [ 5, 0, 11, 0.5 ], "texture": "#texture" }
    }
},
{
    "from": [ 7.0625, 18.5, 3.75 ],
    "to": [ 11.0625, 19, 6.75 ],
    "rotation": { "origin": [ 7.0625, 19, 3.75 ], "axis": "x", "angle": 45 },
    "faces": {
        "down":  { "uv": [ 7.0625, 3.75, 11.0625, 6.75 ], "texture": "#texture" },
        "up":    { "uv": [ 7.0625, 3.75, 11.0625, 6.75 ], "texture": "#texture" },
        "north": { "uv": [ 7.0625, 0, 11.0625, 0.5 ], "texture": "#texture" },
        "south": { "uv": [ 7.0625, 0, 11.0625, 0.5 ], "texture": "#texture" },
        "west":  { "uv": [ 3.75, 0, 6.75, 0.5 ], "texture": "#texture" },
        "east":  { "uv": [ 3.75, 0, 6.75, 0.5 ], "texture": "#texture" }
    }
},
{
    "from": [ 10.5, 11.5, 4.5 ],
    "to": [ 11, 16.5, 11.5 ],
    "rotation": { "origin": [ 10.5, 16.5, 4.5 ], "axis": "z", "angle": 22.5 },
    "faces": {
        "down":  { "uv": [ 10.5, 4.5, 11, 11.5 ], "texture": "#texture" },
        "up":    { "uv": [ 10.5, 4.5, 11, 11.5 ], "texture": "#texture" },
        "north": { "uv": [ 10.5, 0, 11, 5 ], "texture": "#texture" },
        "south": { "uv": [ 10.5, 0, 11, 5 ], "texture": "#texture" },
        "west":  { "uv": [ 4.5, 0, 11.5, 5 ], "texture": "#vampirecape" },
        "east":  { "uv": [ 4.5, 0, 11.5, 5 ], "texture": "#texture" }
    }
},
{
    "from": [ 12.375, 3.0625, 4.5 ],
    "to": [ 12.875, 12.0625, 11.5 ],
    "faces": {
        "down":  { "uv": [ 12.375, 4.5, 12.875, 11.5 ], "texture": "#texture" },
        "up":    { "uv": [ 12.375, 4.5, 12.875, 11.5 ], "texture": "#texture" },
        "north": { "uv": [ 12.375, 1.9375, 12.875, 10.9375 ], "texture": "#texture" },
        "south": { "uv": [ 12.375, 1.9375, 12.875, 10.9375 ], "texture": "#texture" },
        "west":  { "uv": [ 4.5, 1.9375, 11.5, 10.9375 ], "texture": "#vampirecape" },
        "east":  { "uv": [ 4.5, 1.9375, 11.5, 10.9375 ], "texture": "#texture" }
    }
},
{
    "from": [ 12.4375, -0.4375, 4.5 ],
    "to": [ 12.9375, 3.0625, 11.5 ],
    "rotation": { "origin": [ 12.4375, 3.0625, 4.5 ], "axis": "z", "angle": 22.5 },
    "faces": {
        "down":  { "uv": [ 12.4375, 4.5, 12.9375, 11.5 ], "texture": "#texture" },
        "up":    { "uv": [ 12.4375, 4.5, 12.9375, 11.5 ], "texture": "#texture" },
        "north": { "uv": [ 12.4375, 10.9375, 12.9375, 14.4375 ], "texture": "#texture" },
        "south": { "uv": [ 12.4375, 10.9375, 12.9375, 14.4375 ], "texture": "#texture" },
        "west":  { "uv": [ 4.5, 10.9375, 11.5, 14.4375 ], "texture": "#vampirecape" },
        "east":  { "uv": [ 4.5, 10.9375, 11.5, 14.4375 ], "texture": "#texture" }
    }
}
],
"display": {
    "head": {
        "rotation": [ 0, -90, 0 ],
        "translation": [ 0, -22.49, -2.08 ],
        "scale": [ 2.2, 2.2, 2.2 ]
    }
}
}